NeuronUID,SampleID,NeuronID,AnimalID,Hemisphere,AxonProfileEligible,EndpointProfileEligible,axon_source_relative_k2,axon_source_relative_k3,axon_source_relative_k4,axon_source_relative_k5,axon_source_relative_k6,axon_source_relative_k7,axon_source_relative_k8,endpoint_source_relative_k2,endpoint_source_relative_k3,endpoint_source_relative_k4,endpoint_source_relative_k5,endpoint_source_relative_k6,endpoint_source_relative_k7,endpoint_source_relative_k8
251637::001.swc,251637,001.swc,936,R,True,True,2.0,3.0,4.0,5.0,5.0,5.0,6.0,1.0,2.0,2.0,2.0,2.0,2.0,3.0
251637::002.swc,251637,002.swc,936,R,False,False,,,,,,,,,,,,,,
251637::003.swc,251637,003.swc,936,R,True,True,2.0,3.0,4.0,5.0,5.0,5.0,6.0,1.0,2.0,2.0,2.0,2.0,2.0,3.0
251637::004.swc,251637,004.swc,936,R,True,True,2.0,3.0,4.0,5.0,6.0,7.0,8.0,1.0,2.0,2.0,2.0,2.0,2.0,3.0
251637::005.swc,251637,005.swc,936,R,True,True,2.0,3.0,4.0,5.0,6.0,7.0,8.0,1.0,2.0,2.0,2.0,3.0,3.0,4.0
251637::006.swc,251637,006.swc,936,R,True,True,2.0,3.0,4.0,5.0,5.0,5.0,6.0,1.0,2.0,2.0,2.0,2.0,2.0,3.0
251637::007.swc,251637,007.swc,936,R,True,True,2.0,3.0,4.0,5.0,5.0,5.0,6.0,1.0,2.0,2.0,2.0,2.0,2.0,3.0
251637::008.swc,251637,008.swc,936,R,True,True,2.0,3.0,4.0,5.0,6.0,6.0,7.0,1.0,2.0,2.0,2.0,2.0,2.0,3.0
251637::009.swc,251637,009.swc,936,R,True,True,2.0,3.0,4.0,5.0,6.0,6.0,7.0,1.0,2.0,2.0,2.0,2.0,2.0,3.0
251637::010.swc,251637,010.swc,936,R,True,True,1.0,1.0,2.0,3.0,3.0,3.0,4.0,1.0,2.0,2.0,2.0,2.0,2.0,3.0
251637::011.swc,251637,011.swc,936,R,True,True,2.0,3.0,4.0,5.0,5.0,5.0,6.0,1.0,2.0,2.0,2.0,2.0,2.0,3.0
251637::012.swc,251637,012.swc,936,R,True,True,2.0,3.0,4.0,5.0,5.0,5.0,6.0,1.0,2.0,2.0,2.0,2.0,2.0,3.0
251637::013.swc,251637,013.swc,936,R,True,True,2.0,3.0,4.0,5.0,6.0,7.0,8.0,1.0,2.0,2.0,2.0,2.0,2.0,3.0
251637::014.swc,251637,014.swc,936,R,True,True,2.0,3.0,4.0,5.0,6.0,7.0,8.0,1.0,2.0,2.0,2.0,2.0,2.0,3.0
251637::015.swc,251637,015.swc,936,R,True,True,2.0,3.0,4.0,5.0,5.0,5.0,6.0,1.0,2.0,2.0,2.0,2.0,2.0,3.0
251637::016.swc,251637,016.swc,936,R,True,True,2.0,3.0,4.0,5.0,5.0,5.0,6.0,1.0,2.0,2.0,2.0,2.0,2.0,3.0
251637::017.swc,251637,017.swc,936,R,True,True,2.0,3.0,4.0,5.0,5.0,5.0,6.0,1.0,2.0,2.0,2.0,2.0,2.0,3.0
251637::018.swc,251637,018.swc,936,R,True,True,2.0,3.0,4.0,5.0,5.0,5.0,6.0,1.0,2.0,2.0,2.0,2.0,2.0,3.0
251637::019.swc,251637,019.swc,936,R,False,False,,,,,,,,,,,,,,
251637::020.swc,251637,020.swc,936,R,True,True,2.0,3.0,4.0,5.0,5.0,5.0,6.0,1.0,2.0,2.0,2.0,2.0,2.0,3.0
251637::021.swc,251637,021.swc,936,R,True,True,2.0,3.0,4.0,5.0,6.0,7.0,8.0,1.0,2.0,2.0,2.0,2.0,2.0,3.0
251637::022.swc,251637,022.swc,936,R,True,True,2.0,3.0,4.0,5.0,5.0,5.0,6.0,1.0,2.0,2.0,2.0,2.0,2.0,3.0
251637::023.swc,251637,023.swc,936,R,True,True,2.0,3.0,4.0,5.0,5.0,5.0,6.0,1.0,2.0,2.0,2.0,2.0,2.0,3.0
251637::024.swc,251637,024.swc,936,R,True,True,2.0,3.0,4.0,5.0,5.0,5.0,6.0,1.0,2.0,2.0,2.0,2.0,2.0,3.0
251637::025.swc,251637,025.swc,936,R,True,True,2.0,3.0,4.0,5.0,5.0,5.0,6.0,1.0,2.0,2.0,2.0,2.0,2.0,3.0
251637::026.swc,251637,026.swc,936,R,True,True,2.0,3.0,4.0,5.0,5.0,5.0,6.0,1.0,2.0,2.0,2.0,2.0,2.0,3.0
251637::027.swc,251637,027.swc,936,R,True,True,2.0,3.0,4.0,5.0,5.0,5.0,6.0,1.0,2.0,2.0,2.0,2.0,2.0,3.0
251637::028.swc,251637,028.swc,936,R,True,True,2.0,3.0,4.0,5.0,5.0,5.0,6.0,1.0,2.0,2.0,2.0,2.0,2.0,3.0
251637::029.swc,251637,029.swc,936,R,True,True,2.0,3.0,4.0,5.0,5.0,5.0,6.0,1.0,2.0,2.0,2.0,2.0,2.0,3.0
251637::030.swc,251637,030.swc,936,R,True,True,2.0,3.0,4.0,5.0,5.0,5.0,6.0,1.0,2.0,2.0,2.0,2.0,2.0,3.0
251637::031.swc,251637,031.swc,936,R,True,True,2.0,3.0,4.0,5.0,6.0,7.0,8.0,1.0,2.0,2.0,2.0,2.0,2.0,3.0
251637::032.swc,251637,032.swc,936,R,True,True,2.0,3.0,4.0,5.0,5.0,5.0,6.0,1.0,2.0,2.0,2.0,2.0,2.0,3.0
251637::033.swc,251637,033.swc,936,R,True,True,2.0,3.0,4.0,5.0,6.0,7.0,8.0,1.0,2.0,2.0,2.0,2.0,2.0,3.0
251637::034.swc,251637,034.swc,936,R,True,True,2.0,3.0,4.0,5.0,6.0,7.0,8.0,1.0,2.0,2.0,2.0,2.0,2.0,3.0
251637::035.swc,251637,035.swc,936,R,False,False,,,,,,,,,,,,,,
251637::036.swc,251637,036.swc,936,R,True,True,2.0,3.0,4.0,5.0,5.0,5.0,6.0,1.0,2.0,2.0,2.0,2.0,2.0,3.0
251637::037.swc,251637,037.swc,936,R,True,True,1.0,1.0,2.0,3.0,3.0,3.0,4.0,1.0,2.0,2.0,2.0,2.0,2.0,3.0
251637::038.swc,251637,038.swc,936,R,True,True,2.0,3.0,4.0,5.0,5.0,5.0,6.0,1.0,2.0,2.0,2.0,2.0,2.0,3.0
251637::039.swc,251637,039.swc,936,R,True,True,2.0,3.0,4.0,5.0,5.0,5.0,6.0,1.0,2.0,2.0,2.0,2.0,2.0,3.0
251637::040.swc,251637,040.swc,936,R,True,True,2.0,3.0,4.0,5.0,5.0,5.0,6.0,1.0,2.0,2.0,2.0,2.0,2.0,3.0
251637::041.swc,251637,041.swc,936,R,True,True,2.0,3.0,4.0,5.0,5.0,5.0,6.0,1.0,2.0,2.0,2.0,2.0,2.0,3.0
251637::042.swc,251637,042.swc,936,R,True,True,2.0,3.0,4.0,5.0,5.0,5.0,6.0,1.0,2.0,2.0,2.0,2.0,2.0,3.0
251637::043.swc,251637,043.swc,936,R,True,True,2.0,3.0,4.0,5.0,5.0,5.0,6.0,1.0,2.0,2.0,2.0,2.0,2.0,3.0
251637::044.swc,251637,044.swc,936,R,False,False,,,,,,,,,,,,,,
251637::045.swc,251637,045.swc,936,R,True,True,2.0,3.0,4.0,5.0,6.0,7.0,8.0,1.0,2.0,2.0,2.0,3.0,3.0,4.0
251637::046.swc,251637,046.swc,936,R,True,True,2.0,3.0,4.0,5.0,6.0,7.0,8.0,1.0,2.0,2.0,2.0,2.0,2.0,3.0
251637::047.swc,251637,047.swc,936,R,False,False,,,,,,,,,,,,,,
251637::048.swc,251637,048.swc,936,R,True,True,1.0,1.0,2.0,3.0,3.0,3.0,4.0,1.0,2.0,2.0,2.0,2.0,2.0,3.0
251637::049.swc,251637,049.swc,936,R,True,True,2.0,3.0,4.0,5.0,5.0,5.0,6.0,1.0,2.0,2.0,2.0,2.0,2.0,2.0
251637::050.swc,251637,050.swc,936,R,True,True,2.0,3.0,4.0,5.0,5.0,5.0,6.0,1.0,2.0,2.0,2.0,2.0,2.0,3.0
251637::051.swc,251637,051.swc,936,R,True,True,2.0,3.0,4.0,5.0,5.0,5.0,6.0,1.0,2.0,2.0,2.0,2.0,2.0,3.0
251637::052.swc,251637,052.swc,936,R,True,True,2.0,3.0,4.0,5.0,6.0,7.0,8.0,1.0,2.0,2.0,2.0,2.0,2.0,3.0
251637::053.swc,251637,053.swc,936,R,True,True,2.0,3.0,4.0,5.0,5.0,5.0,6.0,1.0,2.0,2.0,2.0,2.0,2.0,3.0
251637::054.swc,251637,054.swc,936,R,True,True,2.0,3.0,4.0,5.0,6.0,7.0,8.0,1.0,2.0,2.0,2.0,2.0,2.0,3.0
251637::055.swc,251637,055.swc,936,R,True,True,2.0,3.0,4.0,5.0,5.0,5.0,6.0,1.0,2.0,2.0,2.0,2.0,2.0,3.0
251637::056.swc,251637,056.swc,936,R,True,True,2.0,3.0,4.0,5.0,5.0,5.0,6.0,1.0,2.0,2.0,2.0,2.0,2.0,3.0
251637::057.swc,251637,057.swc,936,R,True,True,2.0,3.0,4.0,5.0,5.0,5.0,6.0,1.0,2.0,2.0,2.0,2.0,2.0,3.0
251637::058.swc,251637,058.swc,936,R,True,True,1.0,1.0,2.0,3.0,3.0,3.0,4.0,1.0,2.0,2.0,2.0,2.0,2.0,3.0
251637::059.swc,251637,059.swc,936,R,True,True,2.0,3.0,4.0,5.0,5.0,5.0,6.0,1.0,2.0,2.0,2.0,2.0,2.0,3.0
251637::060.swc,251637,060.swc,936,R,True,True,2.0,3.0,4.0,5.0,5.0,5.0,6.0,1.0,2.0,2.0,2.0,2.0,2.0,3.0
251637::061.swc,251637,061.swc,936,R,True,True,2.0,3.0,4.0,5.0,5.0,5.0,6.0,1.0,2.0,2.0,2.0,2.0,2.0,3.0
251637::062.swc,251637,062.swc,936,R,True,True,2.0,3.0,4.0,5.0,5.0,5.0,6.0,1.0,2.0,2.0,2.0,2.0,2.0,2.0
251637::063.swc,251637,063.swc,936,R,True,True,2.0,3.0,4.0,5.0,5.0,5.0,6.0,1.0,2.0,2.0,2.0,2.0,2.0,3.0
251637::064.swc,251637,064.swc,936,R,False,False,,,,,,,,,,,,,,
251637::065.swc,251637,065.swc,936,R,True,True,2.0,3.0,4.0,5.0,5.0,5.0,6.0,1.0,2.0,2.0,2.0,2.0,2.0,3.0
251637::066.swc,251637,066.swc,936,R,True,True,2.0,3.0,4.0,5.0,5.0,5.0,6.0,1.0,2.0,2.0,2.0,2.0,2.0,3.0
251637::067.swc,251637,067.swc,936,R,True,True,1.0,1.0,2.0,3.0,3.0,3.0,4.0,1.0,2.0,2.0,2.0,2.0,2.0,3.0
251637::068.swc,251637,068.swc,936,R,True,True,1.0,1.0,2.0,3.0,3.0,3.0,3.0,1.0,2.0,2.0,2.0,2.0,2.0,3.0
251637::069.swc,251637,069.swc,936,R,False,False,,,,,,,,,,,,,,
251637::070.swc,251637,070.swc,936,R,True,True,2.0,3.0,4.0,5.0,5.0,5.0,6.0,1.0,2.0,2.0,2.0,2.0,2.0,3.0
251637::071.swc,251637,071.swc,936,R,False,False,,,,,,,,,,,,,,
251637::072.swc,251637,072.swc,936,R,True,True,2.0,3.0,4.0,5.0,5.0,5.0,6.0,1.0,2.0,2.0,2.0,2.0,2.0,3.0
251637::073.swc,251637,073.swc,936,R,False,False,,,,,,,,,,,,,,
251637::074.swc,251637,074.swc,936,R,True,True,1.0,1.0,2.0,3.0,3.0,3.0,4.0,1.0,2.0,2.0,2.0,2.0,2.0,3.0
251637::075.swc,251637,075.swc,936,R,True,True,2.0,3.0,4.0,5.0,5.0,5.0,6.0,1.0,2.0,2.0,2.0,2.0,2.0,3.0
251637::076.swc,251637,076.swc,936,R,True,True,2.0,3.0,4.0,5.0,5.0,5.0,6.0,1.0,2.0,2.0,2.0,2.0,2.0,3.0
251637::077.swc,251637,077.swc,936,R,False,False,,,,,,,,,,,,,,
251637::078.swc,251637,078.swc,936,R,True,True,2.0,3.0,4.0,5.0,5.0,5.0,6.0,1.0,2.0,2.0,2.0,2.0,2.0,3.0
251637::079.swc,251637,079.swc,936,R,False,False,,,,,,,,,,,,,,
251637::080.swc,251637,080.swc,936,R,True,True,2.0,3.0,4.0,5.0,5.0,5.0,6.0,1.0,2.0,2.0,2.0,2.0,2.0,3.0
251637::081.swc,251637,081.swc,936,R,True,True,2.0,3.0,4.0,5.0,5.0,5.0,6.0,1.0,2.0,2.0,2.0,2.0,2.0,3.0
251637::082.swc,251637,082.swc,936,R,True,True,2.0,3.0,4.0,5.0,5.0,5.0,6.0,1.0,2.0,2.0,2.0,2.0,2.0,3.0
251637::083.swc,251637,083.swc,936,R,True,True,2.0,3.0,4.0,5.0,6.0,7.0,8.0,1.0,2.0,2.0,2.0,2.0,2.0,3.0
251637::084.swc,251637,084.swc,936,R,True,True,2.0,3.0,4.0,5.0,5.0,5.0,6.0,1.0,2.0,2.0,2.0,2.0,2.0,3.0
251637::085.swc,251637,085.swc,936,R,True,True,2.0,3.0,4.0,5.0,6.0,7.0,8.0,1.0,2.0,2.0,2.0,2.0,2.0,3.0
251637::086.swc,251637,086.swc,936,R,True,True,2.0,3.0,4.0,5.0,5.0,5.0,6.0,1.0,2.0,2.0,2.0,2.0,2.0,3.0
251637::087.swc,251637,087.swc,936,R,True,True,2.0,3.0,4.0,5.0,6.0,7.0,8.0,1.0,2.0,2.0,2.0,2.0,2.0,3.0
251637::088.swc,251637,088.swc,936,R,True,True,2.0,3.0,4.0,5.0,5.0,5.0,6.0,1.0,2.0,2.0,2.0,2.0,2.0,3.0
251637::089.swc,251637,089.swc,936,R,False,False,,,,,,,,,,,,,,
251637::090.swc,251637,090.swc,936,R,True,False,2.0,3.0,4.0,5.0,5.0,5.0,6.0,,,,,,,
251637::091.swc,251637,091.swc,936,R,True,True,2.0,3.0,4.0,5.0,5.0,5.0,6.0,1.0,2.0,2.0,2.0,2.0,2.0,3.0
251637::092.swc,251637,092.swc,936,R,True,True,1.0,1.0,2.0,3.0,3.0,3.0,4.0,1.0,2.0,2.0,2.0,2.0,2.0,3.0
251637::093.swc,251637,093.swc,936,R,True,True,2.0,3.0,4.0,5.0,5.0,5.0,6.0,1.0,2.0,2.0,2.0,2.0,2.0,3.0
251637::094.swc,251637,094.swc,936,R,True,True,2.0,3.0,4.0,5.0,5.0,5.0,6.0,1.0,2.0,2.0,2.0,2.0,2.0,3.0
251637::095.swc,251637,095.swc,936,R,True,True,2.0,3.0,4.0,5.0,5.0,5.0,6.0,1.0,2.0,2.0,2.0,2.0,2.0,3.0
251637::096.swc,251637,096.swc,936,R,True,True,2.0,3.0,4.0,5.0,5.0,5.0,6.0,1.0,2.0,2.0,2.0,2.0,2.0,3.0
251637::097.swc,251637,097.swc,936,R,True,True,2.0,3.0,4.0,5.0,6.0,7.0,8.0,1.0,2.0,2.0,2.0,2.0,2.0,3.0
251637::098.swc,251637,098.swc,936,R,True,True,1.0,1.0,1.0,1.0,1.0,1.0,1.0,1.0,2.0,2.0,2.0,2.0,2.0,3.0
251637::099.swc,251637,099.swc,936,R,True,True,1.0,1.0,2.0,3.0,3.0,3.0,4.0,1.0,2.0,3.0,4.0,5.0,6.0,7.0
251637::100.swc,251637,100.swc,936,R,True,True,1.0,1.0,2.0,3.0,3.0,3.0,4.0,1.0,2.0,2.0,2.0,2.0,2.0,3.0
251637::101.swc,251637,101.swc,936,R,True,True,1.0,1.0,2.0,3.0,3.0,3.0,4.0,1.0,2.0,2.0,2.0,2.0,2.0,3.0
251637::102.swc,251637,102.swc,936,R,False,False,,,,,,,,,,,,,,
251637::103.swc,251637,103.swc,936,R,True,True,1.0,1.0,2.0,3.0,3.0,3.0,4.0,1.0,2.0,2.0,2.0,2.0,2.0,3.0
251637::104.swc,251637,104.swc,936,R,True,True,2.0,3.0,4.0,5.0,6.0,7.0,8.0,1.0,2.0,2.0,2.0,2.0,2.0,3.0
251637::105.swc,251637,105.swc,936,R,True,True,1.0,1.0,2.0,3.0,3.0,3.0,4.0,1.0,2.0,2.0,2.0,2.0,2.0,3.0
251637::106.swc,251637,106.swc,936,R,True,True,1.0,1.0,2.0,3.0,3.0,3.0,4.0,1.0,2.0,2.0,2.0,2.0,2.0,3.0
251637::107.swc,251637,107.swc,936,R,True,True,1.0,1.0,2.0,3.0,3.0,3.0,4.0,1.0,2.0,2.0,2.0,2.0,2.0,3.0
251637::108.swc,251637,108.swc,936,R,True,True,1.0,1.0,2.0,3.0,3.0,3.0,4.0,1.0,2.0,2.0,2.0,2.0,2.0,3.0
251637::109.swc,251637,109.swc,936,R,True,True,1.0,1.0,2.0,3.0,3.0,3.0,4.0,1.0,2.0,2.0,2.0,2.0,2.0,3.0
251637::110.swc,251637,110.swc,936,R,True,True,1.0,1.0,2.0,3.0,3.0,3.0,4.0,1.0,2.0,2.0,2.0,2.0,2.0,3.0
251637::111.swc,251637,111.swc,936,R,True,True,1.0,1.0,2.0,3.0,3.0,3.0,4.0,1.0,2.0,2.0,2.0,2.0,2.0,3.0
251637::112.swc,251637,112.swc,936,R,True,True,1.0,1.0,2.0,3.0,3.0,3.0,4.0,1.0,2.0,2.0,2.0,2.0,2.0,3.0
251637::113.swc,251637,113.swc,936,R,False,False,,,,,,,,,,,,,,
251637::114.swc,251637,114.swc,936,R,True,True,1.0,1.0,2.0,3.0,3.0,3.0,4.0,1.0,2.0,2.0,2.0,2.0,2.0,3.0
251637::115.swc,251637,115.swc,936,R,True,True,1.0,1.0,1.0,1.0,1.0,1.0,1.0,1.0,2.0,2.0,2.0,2.0,2.0,3.0
251637::116.swc,251637,116.swc,936,R,True,True,1.0,1.0,2.0,3.0,3.0,3.0,4.0,1.0,2.0,2.0,2.0,2.0,2.0,3.0
251637::117.swc,251637,117.swc,936,R,True,True,1.0,1.0,2.0,3.0,3.0,3.0,4.0,1.0,2.0,2.0,2.0,2.0,2.0,3.0
251637::118.swc,251637,118.swc,936,R,True,True,1.0,1.0,2.0,3.0,3.0,3.0,4.0,1.0,2.0,2.0,2.0,2.0,2.0,3.0
251637::119.swc,251637,119.swc,936,R,True,True,1.0,1.0,2.0,3.0,3.0,3.0,4.0,1.0,2.0,2.0,2.0,2.0,2.0,3.0
251637::120.swc,251637,120.swc,936,R,True,True,1.0,1.0,2.0,3.0,3.0,3.0,4.0,1.0,2.0,2.0,2.0,2.0,2.0,3.0
251637::121.swc,251637,121.swc,936,R,True,True,1.0,1.0,2.0,3.0,3.0,3.0,4.0,1.0,2.0,2.0,2.0,2.0,2.0,3.0
251637::122.swc,251637,122.swc,936,R,True,True,1.0,1.0,2.0,3.0,3.0,3.0,4.0,1.0,2.0,2.0,2.0,2.0,2.0,3.0
251637::123.swc,251637,123.swc,936,R,True,True,1.0,1.0,2.0,3.0,3.0,3.0,4.0,1.0,2.0,2.0,2.0,2.0,2.0,3.0
251637::124.swc,251637,124.swc,936,R,True,True,1.0,1.0,2.0,3.0,3.0,3.0,4.0,1.0,2.0,2.0,2.0,2.0,2.0,3.0
251637::125.swc,251637,125.swc,936,R,True,True,1.0,1.0,2.0,3.0,3.0,3.0,4.0,1.0,2.0,2.0,2.0,2.0,2.0,3.0
251637::126.swc,251637,126.swc,936,R,True,True,1.0,1.0,2.0,3.0,3.0,3.0,4.0,1.0,2.0,2.0,2.0,2.0,2.0,3.0
251637::127.swc,251637,127.swc,936,R,True,True,1.0,1.0,2.0,3.0,3.0,3.0,4.0,1.0,2.0,2.0,2.0,2.0,2.0,3.0
251637::128.swc,251637,128.swc,936,R,True,True,1.0,1.0,2.0,3.0,3.0,3.0,4.0,1.0,2.0,2.0,2.0,2.0,2.0,3.0
251637::129.swc,251637,129.swc,936,R,True,True,1.0,1.0,2.0,3.0,3.0,3.0,4.0,1.0,2.0,2.0,2.0,2.0,2.0,3.0
251637::130.swc,251637,130.swc,936,R,True,True,1.0,1.0,2.0,3.0,3.0,3.0,4.0,1.0,2.0,2.0,2.0,2.0,2.0,3.0
251637::131.swc,251637,131.swc,936,R,True,True,1.0,1.0,2.0,3.0,3.0,3.0,4.0,1.0,2.0,2.0,2.0,2.0,2.0,3.0
251637::132.swc,251637,132.swc,936,R,False,False,,,,,,,,,,,,,,
251637::133.swc,251637,133.swc,936,R,True,True,1.0,1.0,2.0,3.0,3.0,3.0,4.0,1.0,2.0,2.0,2.0,2.0,2.0,3.0
251637::134.swc,251637,134.swc,936,R,True,True,1.0,1.0,2.0,3.0,3.0,3.0,4.0,1.0,2.0,2.0,2.0,2.0,2.0,3.0
251637::135.swc,251637,135.swc,936,R,True,True,1.0,1.0,2.0,3.0,3.0,3.0,4.0,1.0,2.0,2.0,2.0,2.0,2.0,3.0
251637::136.swc,251637,136.swc,936,R,True,True,1.0,1.0,2.0,3.0,3.0,3.0,4.0,1.0,2.0,2.0,2.0,2.0,2.0,3.0
251637::137.swc,251637,137.swc,936,R,False,False,,,,,,,,,,,,,,
251637::138.swc,251637,138.swc,936,R,True,False,1.0,1.0,2.0,3.0,3.0,3.0,4.0,,,,,,,
251637::139.swc,251637,139.swc,936,R,True,True,1.0,1.0,2.0,3.0,3.0,3.0,4.0,1.0,2.0,2.0,2.0,2.0,2.0,3.0
251637::140.swc,251637,140.swc,936,R,True,True,1.0,1.0,2.0,3.0,3.0,3.0,4.0,1.0,2.0,2.0,2.0,2.0,2.0,3.0
251637::141.swc,251637,141.swc,936,R,True,True,1.0,1.0,2.0,3.0,3.0,3.0,4.0,1.0,2.0,2.0,2.0,2.0,2.0,3.0
251637::142.swc,251637,142.swc,936,R,False,False,,,,,,,,,,,,,,
251637::143.swc,251637,143.swc,936,R,True,True,1.0,1.0,2.0,3.0,3.0,3.0,4.0,1.0,2.0,2.0,2.0,2.0,2.0,3.0
251637::144.swc,251637,144.swc,936,R,True,True,1.0,1.0,2.0,3.0,3.0,3.0,4.0,1.0,2.0,2.0,2.0,2.0,2.0,3.0
251637::145.swc,251637,145.swc,936,R,False,False,,,,,,,,,,,,,,
251637::146.swc,251637,146.swc,936,R,True,True,1.0,1.0,2.0,3.0,3.0,3.0,4.0,1.0,2.0,2.0,2.0,2.0,2.0,3.0
251637::147.swc,251637,147.swc,936,R,True,False,1.0,1.0,2.0,3.0,3.0,3.0,4.0,,,,,,,
251637::148.swc,251637,148.swc,936,R,True,True,1.0,1.0,2.0,3.0,3.0,3.0,4.0,1.0,2.0,2.0,2.0,2.0,2.0,3.0
251637::149.swc,251637,149.swc,936,R,True,True,1.0,1.0,2.0,3.0,3.0,3.0,4.0,1.0,2.0,2.0,2.0,2.0,2.0,2.0
251637::150.swc,251637,150.swc,936,R,True,True,1.0,1.0,2.0,3.0,3.0,3.0,4.0,1.0,2.0,2.0,2.0,2.0,2.0,3.0
251637::151.swc,251637,151.swc,936,R,True,True,1.0,1.0,2.0,3.0,3.0,3.0,4.0,1.0,2.0,2.0,2.0,2.0,2.0,3.0
251637::152.swc,251637,152.swc,936,R,True,True,2.0,3.0,4.0,5.0,6.0,7.0,8.0,1.0,2.0,2.0,2.0,2.0,2.0,3.0
251637::153.swc,251637,153.swc,936,R,True,True,1.0,1.0,2.0,3.0,3.0,3.0,4.0,1.0,2.0,2.0,2.0,2.0,2.0,3.0
251637::154.swc,251637,154.swc,936,R,True,True,1.0,1.0,2.0,3.0,3.0,3.0,4.0,1.0,2.0,2.0,2.0,2.0,2.0,3.0
251637::155.swc,251637,155.swc,936,R,False,False,,,,,,,,,,,,,,
251637::156.swc,251637,156.swc,936,R,False,False,,,,,,,,,,,,,,
251637::157.swc,251637,157.swc,936,R,True,True,1.0,1.0,2.0,3.0,3.0,3.0,4.0,1.0,2.0,2.0,2.0,2.0,2.0,3.0
251637::158.swc,251637,158.swc,936,R,False,False,,,,,,,,,,,,,,
251637::392.swc,251637,392.swc,936,L,True,True,1.0,1.0,2.0,2.0,2.0,2.0,2.0,1.0,2.0,2.0,2.0,2.0,2.0,3.0
251637::393.swc,251637,393.swc,936,L,True,True,1.0,1.0,2.0,2.0,2.0,2.0,2.0,1.0,2.0,2.0,2.0,2.0,2.0,3.0
251637::394.swc,251637,394.swc,936,L,True,True,1.0,1.0,2.0,3.0,3.0,3.0,4.0,1.0,2.0,2.0,2.0,2.0,2.0,3.0
251637::395.swc,251637,395.swc,936,L,True,True,1.0,1.0,2.0,3.0,3.0,3.0,4.0,1.0,2.0,2.0,2.0,2.0,2.0,3.0
251637::396.swc,251637,396.swc,936,L,True,True,1.0,1.0,2.0,3.0,3.0,3.0,4.0,1.0,2.0,2.0,2.0,2.0,2.0,3.0
251637::397.swc,251637,397.swc,936,L,True,True,1.0,1.0,2.0,2.0,2.0,2.0,2.0,1.0,2.0,2.0,2.0,2.0,2.0,3.0
251637::398.swc,251637,398.swc,936,L,True,True,1.0,1.0,2.0,2.0,2.0,2.0,2.0,1.0,2.0,2.0,2.0,2.0,2.0,3.0
251637::399.swc,251637,399.swc,936,L,True,True,1.0,1.0,2.0,2.0,2.0,2.0,2.0,1.0,2.0,2.0,2.0,2.0,2.0,3.0
251637::400.swc,251637,400.swc,936,L,True,True,1.0,1.0,2.0,2.0,2.0,2.0,2.0,1.0,2.0,2.0,2.0,2.0,2.0,3.0
251637::401.swc,251637,401.swc,936,L,True,True,1.0,1.0,2.0,2.0,2.0,2.0,2.0,1.0,2.0,2.0,2.0,2.0,2.0,3.0
251637::402.swc,251637,402.swc,936,L,True,True,1.0,1.0,2.0,2.0,2.0,2.0,2.0,1.0,2.0,2.0,2.0,2.0,2.0,3.0
251637::403.swc,251637,403.swc,936,L,True,True,1.0,1.0,2.0,3.0,3.0,3.0,4.0,1.0,2.0,2.0,2.0,2.0,2.0,3.0
251637::404.swc,251637,404.swc,936,L,True,True,1.0,1.0,2.0,2.0,2.0,2.0,2.0,1.0,2.0,2.0,2.0,2.0,2.0,3.0
251637::405.swc,251637,405.swc,936,L,True,True,1.0,1.0,2.0,2.0,2.0,2.0,2.0,1.0,2.0,2.0,2.0,2.0,2.0,3.0
251637::406.swc,251637,406.swc,936,L,True,True,1.0,1.0,2.0,2.0,2.0,2.0,2.0,1.0,2.0,2.0,2.0,2.0,2.0,3.0
251637::407.swc,251637,407.swc,936,L,True,True,1.0,1.0,2.0,2.0,2.0,2.0,2.0,1.0,2.0,2.0,2.0,2.0,2.0,3.0
251637::408.swc,251637,408.swc,936,L,False,False,,,,,,,,,,,,,,
251637::409.swc,251637,409.swc,936,L,True,True,1.0,1.0,2.0,2.0,2.0,2.0,2.0,1.0,2.0,2.0,2.0,2.0,2.0,3.0
251637::410.swc,251637,410.swc,936,L,True,True,1.0,1.0,2.0,2.0,2.0,2.0,2.0,1.0,2.0,2.0,2.0,2.0,2.0,3.0
251637::411.swc,251637,411.swc,936,L,True,True,1.0,1.0,2.0,2.0,2.0,2.0,2.0,1.0,2.0,2.0,2.0,2.0,2.0,3.0
251637::412.swc,251637,412.swc,936,L,True,True,1.0,1.0,2.0,2.0,2.0,2.0,2.0,1.0,2.0,2.0,2.0,2.0,2.0,3.0
251637::413.swc,251637,413.swc,936,L,True,True,1.0,1.0,2.0,2.0,2.0,2.0,2.0,1.0,2.0,2.0,2.0,2.0,2.0,3.0
251637::414.swc,251637,414.swc,936,L,True,True,2.0,3.0,4.0,5.0,6.0,7.0,8.0,1.0,2.0,2.0,2.0,2.0,2.0,3.0
251637::415.swc,251637,415.swc,936,L,True,True,1.0,1.0,2.0,3.0,3.0,3.0,4.0,1.0,2.0,2.0,2.0,2.0,2.0,3.0
251637::416.swc,251637,416.swc,936,L,True,True,1.0,1.0,2.0,3.0,3.0,3.0,4.0,1.0,2.0,2.0,2.0,2.0,2.0,3.0
251637::417.swc,251637,417.swc,936,L,True,True,1.0,1.0,2.0,3.0,3.0,3.0,4.0,1.0,2.0,2.0,2.0,2.0,2.0,3.0
251637::418.swc,251637,418.swc,936,L,True,True,1.0,1.0,2.0,3.0,3.0,3.0,4.0,1.0,2.0,2.0,2.0,2.0,2.0,3.0
251637::419.swc,251637,419.swc,936,L,True,True,1.0,1.0,2.0,3.0,3.0,3.0,4.0,1.0,2.0,2.0,2.0,2.0,2.0,3.0
251637::420.swc,251637,420.swc,936,L,True,True,1.0,1.0,2.0,3.0,3.0,3.0,4.0,1.0,2.0,2.0,2.0,2.0,2.0,3.0
251637::421.swc,251637,421.swc,936,L,True,True,1.0,1.0,2.0,2.0,2.0,2.0,2.0,1.0,2.0,2.0,2.0,2.0,2.0,3.0
251637::422.swc,251637,422.swc,936,L,True,True,1.0,1.0,2.0,3.0,3.0,3.0,4.0,1.0,2.0,2.0,2.0,2.0,2.0,3.0
251637::423.swc,251637,423.swc,936,L,True,True,1.0,1.0,2.0,3.0,3.0,3.0,4.0,1.0,2.0,2.0,2.0,2.0,2.0,3.0
251637::424.swc,251637,424.swc,936,L,True,True,1.0,1.0,2.0,3.0,3.0,3.0,4.0,1.0,2.0,2.0,2.0,2.0,2.0,3.0
251637::425.swc,251637,425.swc,936,L,True,True,1.0,1.0,2.0,3.0,3.0,3.0,4.0,1.0,2.0,2.0,2.0,2.0,2.0,3.0
251637::426.swc,251637,426.swc,936,L,True,True,1.0,1.0,2.0,3.0,3.0,3.0,4.0,1.0,2.0,2.0,2.0,2.0,2.0,3.0
251637::427.swc,251637,427.swc,936,L,False,False,,,,,,,,,,,,,,
251637::428.swc,251637,428.swc,936,L,True,True,1.0,1.0,2.0,3.0,3.0,3.0,4.0,1.0,2.0,2.0,2.0,2.0,2.0,3.0
251637::429.swc,251637,429.swc,936,L,False,False,,,,,,,,,,,,,,
251637::430.swc,251637,430.swc,936,L,True,True,1.0,1.0,2.0,3.0,3.0,3.0,4.0,1.0,2.0,2.0,2.0,2.0,2.0,3.0
251637::431.swc,251637,431.swc,936,L,True,True,1.0,1.0,2.0,3.0,3.0,3.0,4.0,1.0,2.0,2.0,2.0,2.0,2.0,3.0
251637::432.swc,251637,432.swc,936,L,True,True,1.0,1.0,2.0,3.0,3.0,3.0,4.0,1.0,2.0,2.0,2.0,2.0,2.0,3.0
251637::433.swc,251637,433.swc,936,L,True,True,1.0,1.0,2.0,3.0,3.0,3.0,4.0,1.0,2.0,2.0,2.0,2.0,2.0,3.0
251637::434.swc,251637,434.swc,936,L,True,True,2.0,3.0,4.0,5.0,6.0,7.0,8.0,1.0,1.0,1.0,1.0,1.0,1.0,1.0
251637::435.swc,251637,435.swc,936,L,False,False,,,,,,,,,,,,,,
251637::436.swc,251637,436.swc,936,L,True,True,1.0,1.0,2.0,3.0,3.0,3.0,4.0,1.0,2.0,2.0,2.0,2.0,2.0,3.0
251637::437.swc,251637,437.swc,936,L,True,True,1.0,1.0,2.0,2.0,2.0,2.0,2.0,1.0,2.0,2.0,2.0,2.0,2.0,3.0
251637::438.swc,251637,438.swc,936,L,True,True,1.0,1.0,2.0,3.0,3.0,3.0,4.0,1.0,2.0,2.0,2.0,2.0,2.0,3.0
251637::439.swc,251637,439.swc,936,L,True,True,1.0,1.0,2.0,3.0,3.0,3.0,4.0,1.0,2.0,2.0,2.0,2.0,2.0,3.0
251637::440.swc,251637,440.swc,936,L,True,True,1.0,1.0,2.0,3.0,3.0,3.0,4.0,1.0,2.0,2.0,2.0,2.0,2.0,3.0
251637::441.swc,251637,441.swc,936,L,True,True,1.0,1.0,2.0,3.0,3.0,3.0,4.0,1.0,2.0,2.0,2.0,2.0,2.0,3.0
251637::442.swc,251637,442.swc,936,L,True,True,1.0,1.0,2.0,3.0,3.0,3.0,4.0,1.0,2.0,2.0,2.0,2.0,2.0,3.0
251637::443.swc,251637,443.swc,936,L,True,True,1.0,1.0,2.0,3.0,3.0,3.0,4.0,1.0,2.0,2.0,2.0,2.0,2.0,3.0
251637::444.swc,251637,444.swc,936,L,True,True,1.0,1.0,2.0,3.0,3.0,3.0,4.0,1.0,2.0,2.0,2.0,2.0,2.0,3.0
251637::445.swc,251637,445.swc,936,L,True,True,1.0,1.0,2.0,3.0,3.0,3.0,4.0,1.0,2.0,2.0,2.0,2.0,2.0,3.0
251637::446.swc,251637,446.swc,936,L,True,True,1.0,1.0,2.0,3.0,3.0,3.0,4.0,1.0,2.0,2.0,2.0,2.0,2.0,3.0
251637::447.swc,251637,447.swc,936,L,True,True,1.0,1.0,2.0,3.0,3.0,3.0,4.0,1.0,2.0,2.0,2.0,2.0,2.0,3.0
251637::448.swc,251637,448.swc,936,L,True,True,1.0,1.0,2.0,3.0,3.0,3.0,4.0,1.0,2.0,2.0,2.0,2.0,2.0,3.0
251637::449.swc,251637,449.swc,936,L,False,False,,,,,,,,,,,,,,
251637::450.swc,251637,450.swc,936,L,True,True,1.0,1.0,2.0,3.0,3.0,3.0,4.0,1.0,2.0,2.0,2.0,2.0,2.0,3.0
251637::451.swc,251637,451.swc,936,L,False,False,,,,,,,,,,,,,,
251637::452.swc,251637,452.swc,936,L,True,True,1.0,1.0,2.0,3.0,3.0,3.0,4.0,1.0,2.0,2.0,2.0,2.0,2.0,3.0
251637::453.swc,251637,453.swc,936,L,True,True,1.0,1.0,2.0,3.0,3.0,3.0,4.0,1.0,2.0,2.0,2.0,2.0,2.0,3.0
251637::454.swc,251637,454.swc,936,L,True,True,1.0,1.0,2.0,3.0,3.0,3.0,4.0,1.0,2.0,2.0,2.0,2.0,2.0,3.0
251637::455.swc,251637,455.swc,936,L,False,False,,,,,,,,,,,,,,
251637::456.swc,251637,456.swc,936,L,True,True,1.0,1.0,2.0,3.0,3.0,3.0,4.0,1.0,2.0,2.0,2.0,2.0,2.0,3.0
251637::457.swc,251637,457.swc,936,L,True,True,1.0,1.0,2.0,3.0,3.0,3.0,4.0,1.0,2.0,2.0,2.0,2.0,2.0,3.0
251637::458.swc,251637,458.swc,936,L,False,False,,,,,,,,,,,,,,
251637::459.swc,251637,459.swc,936,L,True,True,1.0,1.0,2.0,3.0,3.0,3.0,4.0,1.0,2.0,2.0,2.0,2.0,2.0,3.0
251637::460.swc,251637,460.swc,936,L,True,True,1.0,1.0,2.0,3.0,3.0,3.0,4.0,1.0,2.0,2.0,2.0,2.0,2.0,3.0
251637::461.swc,251637,461.swc,936,L,True,True,1.0,1.0,2.0,3.0,3.0,3.0,4.0,1.0,2.0,2.0,2.0,2.0,2.0,3.0
251637::462.swc,251637,462.swc,936,L,False,False,,,,,,,,,,,,,,
251637::463.swc,251637,463.swc,936,L,True,True,2.0,3.0,4.0,5.0,6.0,7.0,8.0,1.0,1.0,1.0,1.0,1.0,1.0,1.0
251637::464.swc,251637,464.swc,936,L,True,True,1.0,1.0,2.0,3.0,3.0,3.0,4.0,1.0,2.0,2.0,2.0,2.0,2.0,3.0
251637::465.swc,251637,465.swc,936,L,True,True,2.0,3.0,4.0,5.0,6.0,7.0,8.0,1.0,2.0,2.0,2.0,2.0,2.0,3.0
251637::466.swc,251637,466.swc,936,L,True,True,1.0,1.0,2.0,3.0,3.0,3.0,4.0,1.0,2.0,2.0,2.0,2.0,2.0,3.0
251637::467.swc,251637,467.swc,936,L,True,True,1.0,1.0,2.0,3.0,3.0,3.0,4.0,1.0,2.0,2.0,2.0,2.0,2.0,3.0
251637::468.swc,251637,468.swc,936,L,True,True,1.0,1.0,2.0,3.0,3.0,3.0,4.0,1.0,2.0,2.0,2.0,2.0,2.0,3.0
251637::469.swc,251637,469.swc,936,L,True,True,1.0,1.0,2.0,3.0,3.0,3.0,4.0,1.0,2.0,2.0,2.0,2.0,2.0,3.0
251637::470.swc,251637,470.swc,936,L,False,False,,,,,,,,,,,,,,
251637::471.swc,251637,471.swc,936,L,True,True,1.0,1.0,2.0,3.0,3.0,3.0,4.0,1.0,2.0,2.0,2.0,2.0,2.0,3.0
251637::472.swc,251637,472.swc,936,L,True,True,2.0,3.0,4.0,5.0,6.0,7.0,8.0,1.0,2.0,2.0,2.0,2.0,2.0,3.0
251637::473.swc,251637,473.swc,936,L,True,True,2.0,3.0,4.0,5.0,6.0,6.0,7.0,1.0,2.0,2.0,2.0,2.0,2.0,3.0
251637::474.swc,251637,474.swc,936,L,True,True,2.0,3.0,4.0,5.0,5.0,5.0,6.0,1.0,2.0,2.0,2.0,2.0,2.0,3.0
251637::475.swc,251637,475.swc,936,L,True,True,2.0,3.0,4.0,5.0,5.0,5.0,6.0,1.0,2.0,2.0,2.0,2.0,2.0,3.0
251637::476.swc,251637,476.swc,936,L,True,True,2.0,3.0,4.0,5.0,5.0,5.0,6.0,1.0,2.0,2.0,2.0,2.0,2.0,3.0
251637::477.swc,251637,477.swc,936,L,True,True,2.0,3.0,4.0,5.0,5.0,5.0,6.0,1.0,2.0,2.0,2.0,2.0,2.0,3.0
251637::478.swc,251637,478.swc,936,L,True,True,2.0,3.0,4.0,5.0,6.0,7.0,8.0,1.0,2.0,2.0,2.0,2.0,2.0,3.0
251637::479.swc,251637,479.swc,936,L,True,True,2.0,3.0,4.0,5.0,5.0,5.0,6.0,1.0,2.0,2.0,2.0,2.0,2.0,3.0
251637::480.swc,251637,480.swc,936,L,True,True,2.0,3.0,4.0,5.0,5.0,5.0,6.0,1.0,2.0,2.0,2.0,2.0,2.0,3.0
251637::481.swc,251637,481.swc,936,L,True,True,2.0,3.0,4.0,5.0,5.0,5.0,6.0,1.0,2.0,2.0,2.0,2.0,2.0,3.0
251637::482.swc,251637,482.swc,936,L,True,True,2.0,3.0,4.0,5.0,5.0,5.0,6.0,1.0,2.0,2.0,2.0,2.0,2.0,3.0
251637::483.swc,251637,483.swc,936,L,True,True,2.0,3.0,4.0,5.0,5.0,5.0,6.0,1.0,2.0,2.0,2.0,2.0,2.0,3.0
251637::484.swc,251637,484.swc,936,L,True,True,2.0,3.0,4.0,5.0,5.0,5.0,6.0,1.0,2.0,2.0,2.0,2.0,2.0,3.0
251637::485.swc,251637,485.swc,936,L,False,False,,,,,,,,,,,,,,
251637::486.swc,251637,486.swc,936,L,True,True,2.0,3.0,4.0,5.0,5.0,5.0,6.0,1.0,2.0,2.0,2.0,2.0,2.0,3.0
251637::487.swc,251637,487.swc,936,L,False,False,,,,,,,,,,,,,,
251637::488.swc,251637,488.swc,936,L,True,True,2.0,3.0,4.0,5.0,5.0,5.0,6.0,1.0,2.0,2.0,2.0,2.0,2.0,3.0
251637::489.swc,251637,489.swc,936,L,True,True,2.0,3.0,4.0,5.0,6.0,7.0,8.0,1.0,2.0,2.0,2.0,2.0,2.0,3.0
251637::490.swc,251637,490.swc,936,L,True,True,2.0,3.0,4.0,5.0,5.0,5.0,6.0,1.0,2.0,2.0,2.0,2.0,2.0,3.0
251637::491.swc,251637,491.swc,936,L,True,True,2.0,3.0,4.0,5.0,5.0,5.0,6.0,1.0,2.0,2.0,2.0,2.0,2.0,3.0
251637::492.swc,251637,492.swc,936,L,True,True,2.0,3.0,4.0,5.0,5.0,5.0,6.0,1.0,2.0,2.0,2.0,2.0,2.0,3.0
251637::493.swc,251637,493.swc,936,L,True,True,2.0,3.0,4.0,5.0,5.0,5.0,6.0,1.0,2.0,2.0,2.0,2.0,2.0,3.0
251637::494.swc,251637,494.swc,936,L,True,True,2.0,3.0,4.0,5.0,5.0,5.0,6.0,1.0,2.0,2.0,2.0,2.0,2.0,3.0
252383::018.swc,252383,018.swc,605,R,True,True,1.0,1.0,2.0,2.0,2.0,2.0,2.0,1.0,2.0,2.0,2.0,2.0,2.0,3.0
252383::019.swc,252383,019.swc,605,R,True,True,1.0,1.0,2.0,2.0,2.0,2.0,2.0,1.0,2.0,2.0,2.0,2.0,2.0,3.0
252383::091.swc,252383,091.swc,605,L,True,True,1.0,1.0,2.0,2.0,2.0,2.0,2.0,1.0,2.0,2.0,2.0,2.0,2.0,3.0
252383::122.swc,252383,122.swc,605,R,True,True,1.0,1.0,1.0,1.0,1.0,1.0,1.0,1.0,2.0,2.0,2.0,2.0,2.0,3.0
252383::125.swc,252383,125.swc,605,R,True,True,1.0,1.0,2.0,2.0,2.0,2.0,2.0,1.0,2.0,2.0,2.0,2.0,2.0,3.0
252383::130.swc,252383,130.swc,605,R,True,True,1.0,1.0,2.0,2.0,2.0,2.0,2.0,1.0,2.0,2.0,2.0,2.0,2.0,3.0
252384::047.swc,252384,047.swc,948,L,True,True,2.0,2.0,3.0,4.0,4.0,4.0,5.0,1.0,2.0,2.0,2.0,2.0,2.0,2.0
252384::048.swc,252384,048.swc,948,L,True,True,2.0,3.0,4.0,5.0,5.0,5.0,6.0,1.0,2.0,2.0,2.0,2.0,2.0,3.0
252384::049.swc,252384,049.swc,948,L,True,True,2.0,3.0,4.0,5.0,5.0,5.0,6.0,1.0,2.0,2.0,2.0,2.0,2.0,3.0
252384::050.swc,252384,050.swc,948,L,True,True,2.0,2.0,3.0,4.0,4.0,4.0,5.0,1.0,2.0,2.0,2.0,2.0,2.0,3.0
252384::051.swc,252384,051.swc,948,L,True,True,2.0,2.0,3.0,4.0,4.0,4.0,5.0,1.0,2.0,2.0,3.0,4.0,5.0,6.0
252384::052.swc,252384,052.swc,948,L,True,True,2.0,3.0,4.0,5.0,5.0,5.0,6.0,1.0,2.0,2.0,2.0,2.0,2.0,3.0
252384::053.swc,252384,053.swc,948,L,True,True,2.0,2.0,3.0,4.0,4.0,4.0,5.0,1.0,2.0,2.0,2.0,2.0,2.0,2.0
252384::055.swc,252384,055.swc,948,L,True,True,2.0,3.0,4.0,5.0,6.0,7.0,8.0,1.0,2.0,2.0,2.0,2.0,2.0,2.0
252384::071.swc,252384,071.swc,948,R,True,True,1.0,1.0,2.0,2.0,2.0,2.0,2.0,1.0,2.0,2.0,2.0,2.0,2.0,3.0
252384::072.swc,252384,072.swc,948,R,True,True,2.0,3.0,4.0,5.0,6.0,7.0,8.0,1.0,2.0,2.0,2.0,2.0,2.0,2.0
252384::073.swc,252384,073.swc,948,R,True,True,2.0,3.0,4.0,5.0,6.0,7.0,8.0,1.0,2.0,2.0,2.0,2.0,2.0,3.0
252384::074.swc,252384,074.swc,948,R,True,True,2.0,3.0,4.0,5.0,6.0,7.0,8.0,1.0,2.0,2.0,2.0,2.0,2.0,2.0
252384::076.swc,252384,076.swc,948,R,True,True,2.0,3.0,4.0,5.0,5.0,5.0,6.0,1.0,2.0,2.0,2.0,2.0,2.0,3.0
252384::077.swc,252384,077.swc,948,R,True,True,2.0,3.0,4.0,5.0,5.0,5.0,6.0,1.0,2.0,2.0,2.0,2.0,2.0,3.0
252384::078.swc,252384,078.swc,948,R,True,True,2.0,3.0,4.0,5.0,5.0,5.0,6.0,1.0,2.0,2.0,2.0,2.0,2.0,3.0
252384::079.swc,252384,079.swc,948,R,True,True,2.0,3.0,4.0,5.0,5.0,5.0,6.0,1.0,2.0,2.0,2.0,2.0,2.0,3.0
252384::081.swc,252384,081.swc,948,R,True,True,2.0,3.0,4.0,5.0,5.0,5.0,6.0,1.0,2.0,2.0,2.0,2.0,2.0,3.0
252385::020.swc,252385,020.swc,331,L,True,True,2.0,3.0,4.0,5.0,6.0,7.0,8.0,1.0,2.0,2.0,2.0,2.0,2.0,3.0
252385::023.swc,252385,023.swc,331,L,True,True,1.0,1.0,2.0,3.0,3.0,3.0,3.0,1.0,2.0,2.0,2.0,2.0,2.0,3.0
252385::024.swc,252385,024.swc,331,L,True,True,2.0,3.0,4.0,5.0,6.0,7.0,8.0,1.0,2.0,2.0,2.0,2.0,2.0,3.0
252385::025.swc,252385,025.swc,331,L,True,True,1.0,1.0,2.0,3.0,3.0,3.0,3.0,1.0,2.0,2.0,2.0,2.0,2.0,3.0
252385::026.swc,252385,026.swc,331,L,True,True,1.0,1.0,2.0,3.0,3.0,3.0,4.0,1.0,2.0,2.0,2.0,2.0,2.0,3.0
252385::027.swc,252385,027.swc,331,L,True,True,1.0,1.0,2.0,3.0,3.0,3.0,4.0,1.0,2.0,2.0,2.0,2.0,2.0,3.0
252385::028.swc,252385,028.swc,331,L,True,True,1.0,1.0,2.0,3.0,3.0,3.0,4.0,1.0,2.0,2.0,2.0,2.0,2.0,3.0
252385::029.swc,252385,029.swc,331,L,True,True,1.0,1.0,2.0,3.0,3.0,3.0,3.0,1.0,2.0,2.0,2.0,2.0,2.0,3.0
252385::030.swc,252385,030.swc,331,L,True,True,1.0,1.0,2.0,3.0,3.0,3.0,3.0,1.0,2.0,2.0,2.0,2.0,2.0,3.0
252385::031.swc,252385,031.swc,331,L,True,True,1.0,1.0,2.0,3.0,3.0,3.0,3.0,1.0,2.0,2.0,2.0,2.0,2.0,3.0
252385::032.swc,252385,032.swc,331,L,True,True,1.0,1.0,2.0,3.0,3.0,3.0,3.0,1.0,2.0,2.0,2.0,2.0,2.0,3.0
252385::033.swc,252385,033.swc,331,L,True,True,1.0,1.0,2.0,3.0,3.0,3.0,3.0,1.0,2.0,2.0,2.0,2.0,2.0,3.0
252385::034.swc,252385,034.swc,331,L,True,True,1.0,1.0,2.0,3.0,3.0,3.0,3.0,1.0,2.0,2.0,2.0,2.0,2.0,3.0
252385::035.swc,252385,035.swc,331,L,True,True,1.0,1.0,2.0,3.0,3.0,3.0,3.0,1.0,2.0,2.0,2.0,2.0,2.0,3.0
252385::036.swc,252385,036.swc,331,L,True,True,2.0,3.0,4.0,5.0,5.0,5.0,6.0,1.0,2.0,2.0,2.0,2.0,2.0,3.0
252385::037.swc,252385,037.swc,331,L,True,True,2.0,3.0,4.0,5.0,5.0,5.0,6.0,1.0,2.0,2.0,2.0,2.0,2.0,3.0
252385::038.swc,252385,038.swc,331,L,True,True,2.0,3.0,4.0,5.0,5.0,5.0,6.0,1.0,2.0,2.0,2.0,2.0,2.0,3.0
252385::039.swc,252385,039.swc,331,L,True,True,2.0,3.0,4.0,5.0,5.0,5.0,6.0,1.0,2.0,2.0,2.0,2.0,2.0,3.0
252385::040.swc,252385,040.swc,331,L,True,True,2.0,3.0,4.0,5.0,5.0,5.0,6.0,1.0,2.0,2.0,2.0,2.0,2.0,3.0
252385::041.swc,252385,041.swc,331,L,True,True,2.0,3.0,4.0,5.0,5.0,5.0,6.0,1.0,2.0,2.0,2.0,2.0,2.0,3.0
252385::042.swc,252385,042.swc,331,L,True,True,2.0,3.0,4.0,5.0,5.0,5.0,6.0,1.0,2.0,2.0,2.0,2.0,2.0,3.0
252385::043.swc,252385,043.swc,331,L,True,True,2.0,3.0,4.0,5.0,5.0,5.0,6.0,1.0,2.0,2.0,2.0,2.0,2.0,3.0
252385::044.swc,252385,044.swc,331,L,True,True,2.0,3.0,4.0,5.0,5.0,5.0,6.0,1.0,2.0,2.0,2.0,2.0,2.0,3.0
252385::045.swc,252385,045.swc,331,L,True,True,2.0,3.0,4.0,5.0,6.0,7.0,8.0,1.0,2.0,2.0,2.0,2.0,2.0,3.0
252385::046.swc,252385,046.swc,331,L,True,True,2.0,3.0,4.0,5.0,5.0,5.0,6.0,1.0,2.0,2.0,2.0,2.0,2.0,3.0
252385::047.swc,252385,047.swc,331,L,True,True,2.0,2.0,3.0,4.0,4.0,4.0,5.0,1.0,2.0,2.0,2.0,2.0,2.0,2.0
252385::048.swc,252385,048.swc,331,L,True,True,2.0,3.0,4.0,5.0,6.0,7.0,8.0,1.0,2.0,2.0,2.0,2.0,2.0,3.0
252385::049.swc,252385,049.swc,331,L,True,True,2.0,3.0,4.0,5.0,6.0,7.0,8.0,1.0,2.0,2.0,2.0,2.0,2.0,2.0
252385::050.swc,252385,050.swc,331,R,True,True,2.0,3.0,4.0,5.0,5.0,5.0,6.0,1.0,2.0,2.0,2.0,2.0,2.0,3.0
252385::051.swc,252385,051.swc,331,R,True,True,2.0,3.0,4.0,5.0,5.0,5.0,6.0,1.0,2.0,2.0,2.0,2.0,2.0,3.0
252385::052.swc,252385,052.swc,331,R,True,True,2.0,3.0,4.0,5.0,5.0,5.0,6.0,1.0,2.0,2.0,2.0,2.0,2.0,3.0
252385::053.swc,252385,053.swc,331,R,True,True,2.0,3.0,4.0,5.0,5.0,5.0,6.0,1.0,2.0,2.0,2.0,2.0,2.0,3.0
252385::054.swc,252385,054.swc,331,R,True,True,2.0,3.0,4.0,5.0,5.0,5.0,6.0,1.0,2.0,2.0,2.0,2.0,2.0,3.0
252385::055.swc,252385,055.swc,331,R,True,True,2.0,3.0,4.0,5.0,5.0,5.0,6.0,1.0,2.0,2.0,2.0,2.0,2.0,3.0
252385::056.swc,252385,056.swc,331,R,True,True,2.0,3.0,4.0,5.0,5.0,5.0,6.0,1.0,2.0,2.0,2.0,2.0,2.0,3.0
252385::057.swc,252385,057.swc,331,R,True,True,2.0,3.0,4.0,5.0,5.0,5.0,6.0,1.0,2.0,2.0,2.0,2.0,2.0,3.0
252385::058.swc,252385,058.swc,331,R,True,True,2.0,3.0,4.0,5.0,5.0,5.0,6.0,1.0,2.0,2.0,2.0,2.0,2.0,3.0
252385::059.swc,252385,059.swc,331,R,True,True,2.0,3.0,4.0,5.0,5.0,5.0,6.0,1.0,2.0,2.0,2.0,2.0,2.0,3.0
252385::060.swc,252385,060.swc,331,R,True,True,2.0,3.0,4.0,5.0,5.0,5.0,6.0,1.0,2.0,2.0,2.0,2.0,2.0,3.0
252385::061.swc,252385,061.swc,331,R,True,True,2.0,3.0,4.0,5.0,5.0,5.0,6.0,1.0,2.0,2.0,2.0,2.0,2.0,3.0
252385::062.swc,252385,062.swc,331,R,True,True,2.0,3.0,4.0,5.0,5.0,5.0,6.0,1.0,2.0,2.0,2.0,2.0,2.0,3.0
252385::063.swc,252385,063.swc,331,R,True,True,2.0,3.0,4.0,5.0,5.0,5.0,6.0,1.0,2.0,2.0,2.0,2.0,2.0,3.0
252385::064.swc,252385,064.swc,331,R,True,True,2.0,3.0,4.0,5.0,5.0,5.0,6.0,1.0,2.0,2.0,2.0,2.0,2.0,3.0
252385::065.swc,252385,065.swc,331,R,True,True,2.0,3.0,4.0,5.0,5.0,5.0,6.0,1.0,2.0,2.0,2.0,2.0,2.0,3.0
252385::066.swc,252385,066.swc,331,R,True,True,2.0,3.0,4.0,5.0,5.0,5.0,6.0,1.0,2.0,2.0,2.0,2.0,2.0,3.0
252385::067.swc,252385,067.swc,331,R,True,True,2.0,3.0,4.0,5.0,5.0,5.0,6.0,1.0,2.0,2.0,2.0,2.0,2.0,3.0
252385::068.swc,252385,068.swc,331,R,True,True,1.0,1.0,2.0,3.0,3.0,3.0,4.0,1.0,2.0,2.0,2.0,2.0,2.0,3.0
252385::069.swc,252385,069.swc,331,R,True,True,2.0,3.0,4.0,5.0,5.0,5.0,6.0,1.0,2.0,2.0,2.0,2.0,2.0,3.0
252385::070.swc,252385,070.swc,331,R,True,True,2.0,3.0,4.0,5.0,5.0,5.0,6.0,1.0,2.0,2.0,2.0,2.0,2.0,3.0
252385::071.swc,252385,071.swc,331,R,True,True,2.0,3.0,4.0,5.0,5.0,5.0,6.0,1.0,2.0,2.0,2.0,2.0,2.0,3.0
252385::072.swc,252385,072.swc,331,R,True,True,2.0,3.0,4.0,5.0,5.0,5.0,6.0,1.0,2.0,2.0,2.0,2.0,2.0,3.0
252385::073.swc,252385,073.swc,331,R,True,True,1.0,1.0,2.0,2.0,2.0,2.0,2.0,1.0,2.0,2.0,2.0,2.0,2.0,3.0
252385::074.swc,252385,074.swc,331,R,True,True,1.0,1.0,2.0,2.0,2.0,2.0,2.0,1.0,2.0,2.0,2.0,2.0,2.0,3.0
252527::048.swc,252527,048.swc,945,R,True,True,2.0,3.0,4.0,5.0,5.0,5.0,6.0,1.0,2.0,2.0,2.0,2.0,2.0,3.0
252527::049.swc,252527,049.swc,945,R,True,True,2.0,3.0,4.0,5.0,5.0,5.0,6.0,1.0,2.0,2.0,2.0,2.0,2.0,3.0
252527::050.swc,252527,050.swc,945,R,True,True,2.0,3.0,4.0,5.0,5.0,5.0,6.0,1.0,2.0,2.0,2.0,2.0,2.0,3.0
252527::051.swc,252527,051.swc,945,R,True,True,2.0,3.0,4.0,5.0,6.0,6.0,7.0,1.0,2.0,2.0,2.0,2.0,2.0,3.0
252527::052.swc,252527,052.swc,945,R,True,True,2.0,3.0,4.0,5.0,6.0,6.0,7.0,1.0,2.0,2.0,2.0,2.0,2.0,3.0
252527::053.swc,252527,053.swc,945,R,True,True,2.0,3.0,4.0,5.0,5.0,5.0,6.0,1.0,2.0,2.0,2.0,2.0,2.0,3.0
252527::054.swc,252527,054.swc,945,R,True,True,2.0,3.0,4.0,5.0,5.0,5.0,6.0,1.0,2.0,2.0,2.0,2.0,2.0,3.0
252527::055.swc,252527,055.swc,945,R,True,True,2.0,3.0,4.0,5.0,5.0,5.0,6.0,1.0,2.0,2.0,2.0,2.0,2.0,3.0
252527::056.swc,252527,056.swc,945,R,True,True,2.0,3.0,4.0,5.0,5.0,5.0,6.0,1.0,2.0,2.0,2.0,2.0,2.0,3.0
252527::057.swc,252527,057.swc,945,R,True,True,2.0,3.0,4.0,5.0,5.0,5.0,6.0,1.0,2.0,2.0,2.0,2.0,2.0,3.0
252527::058.swc,252527,058.swc,945,R,True,True,2.0,3.0,4.0,5.0,5.0,5.0,6.0,1.0,2.0,2.0,2.0,2.0,2.0,3.0
252527::059.swc,252527,059.swc,945,R,True,True,2.0,3.0,4.0,5.0,6.0,7.0,8.0,1.0,2.0,2.0,2.0,2.0,2.0,3.0
252527::060.swc,252527,060.swc,945,R,True,True,2.0,3.0,4.0,5.0,5.0,5.0,6.0,1.0,2.0,2.0,2.0,2.0,2.0,3.0
252527::088.swc,252527,088.swc,945,L,True,True,2.0,3.0,4.0,5.0,5.0,5.0,6.0,1.0,2.0,2.0,2.0,2.0,2.0,3.0
252527::089.swc,252527,089.swc,945,L,True,True,2.0,3.0,4.0,5.0,5.0,5.0,6.0,1.0,2.0,2.0,2.0,2.0,2.0,3.0
252527::090.swc,252527,090.swc,945,L,True,True,2.0,3.0,4.0,5.0,5.0,5.0,6.0,1.0,2.0,2.0,2.0,2.0,2.0,3.0
252527::091.swc,252527,091.swc,945,L,True,True,2.0,3.0,4.0,5.0,5.0,5.0,6.0,1.0,2.0,2.0,2.0,2.0,2.0,3.0
252527::092.swc,252527,092.swc,945,L,True,True,1.0,1.0,2.0,3.0,3.0,3.0,3.0,1.0,2.0,2.0,2.0,2.0,2.0,3.0
252527::093.swc,252527,093.swc,945,L,True,True,2.0,3.0,4.0,5.0,5.0,5.0,6.0,1.0,2.0,2.0,2.0,2.0,2.0,3.0
252527::094.swc,252527,094.swc,945,L,True,True,2.0,3.0,4.0,5.0,5.0,5.0,6.0,1.0,2.0,2.0,2.0,2.0,2.0,3.0
252527::095.swc,252527,095.swc,945,L,True,True,1.0,1.0,2.0,3.0,3.0,3.0,4.0,1.0,2.0,2.0,2.0,2.0,2.0,3.0
252527::096.swc,252527,096.swc,945,L,True,True,2.0,3.0,4.0,5.0,5.0,5.0,6.0,1.0,2.0,2.0,2.0,2.0,2.0,3.0
252527::097.swc,252527,097.swc,945,L,True,True,2.0,3.0,4.0,5.0,5.0,5.0,6.0,1.0,2.0,2.0,2.0,2.0,2.0,3.0
252527::098.swc,252527,098.swc,945,L,True,True,2.0,3.0,4.0,5.0,5.0,5.0,6.0,1.0,2.0,2.0,2.0,2.0,2.0,3.0
252527::099.swc,252527,099.swc,945,L,True,True,2.0,3.0,4.0,5.0,5.0,5.0,6.0,1.0,2.0,2.0,2.0,2.0,2.0,3.0
252714::029.swc,252714,029.swc,631,R,True,True,1.0,1.0,2.0,3.0,3.0,3.0,3.0,1.0,2.0,2.0,2.0,2.0,2.0,3.0
252714::030.swc,252714,030.swc,631,R,True,True,1.0,1.0,2.0,3.0,3.0,3.0,3.0,1.0,2.0,2.0,2.0,2.0,2.0,3.0
252714::031.swc,252714,031.swc,631,R,True,True,1.0,1.0,2.0,3.0,3.0,3.0,3.0,1.0,2.0,2.0,2.0,2.0,2.0,3.0
252714::032.swc,252714,032.swc,631,R,True,True,2.0,3.0,4.0,5.0,6.0,7.0,8.0,1.0,2.0,2.0,2.0,2.0,2.0,3.0
252714::033.swc,252714,033.swc,631,R,True,True,1.0,1.0,2.0,3.0,3.0,3.0,3.0,1.0,2.0,2.0,2.0,2.0,2.0,3.0
252714::034.swc,252714,034.swc,631,R,True,True,1.0,1.0,2.0,3.0,3.0,3.0,3.0,1.0,2.0,2.0,2.0,2.0,2.0,3.0
252714::085.swc,252714,085.swc,631,L,True,True,2.0,3.0,4.0,5.0,5.0,5.0,6.0,1.0,2.0,2.0,2.0,2.0,2.0,3.0
252714::086.swc,252714,086.swc,631,L,True,True,1.0,1.0,2.0,3.0,3.0,3.0,3.0,1.0,2.0,2.0,2.0,2.0,2.0,3.0
252714::087.swc,252714,087.swc,631,L,True,True,1.0,1.0,2.0,3.0,3.0,3.0,3.0,1.0,2.0,2.0,2.0,2.0,2.0,3.0
252714::088.swc,252714,088.swc,631,L,True,True,1.0,1.0,2.0,3.0,3.0,3.0,3.0,1.0,2.0,2.0,2.0,2.0,2.0,3.0
252714::089.swc,252714,089.swc,631,L,True,True,1.0,1.0,2.0,3.0,3.0,3.0,3.0,1.0,2.0,2.0,2.0,2.0,2.0,3.0
252714::090.swc,252714,090.swc,631,L,True,True,2.0,3.0,4.0,5.0,5.0,5.0,6.0,1.0,2.0,2.0,2.0,2.0,2.0,3.0
252714::091.swc,252714,091.swc,631,L,True,True,2.0,3.0,4.0,5.0,5.0,5.0,6.0,1.0,2.0,2.0,2.0,2.0,2.0,3.0
252714::092.swc,252714,092.swc,631,L,True,True,2.0,3.0,4.0,5.0,5.0,5.0,6.0,1.0,2.0,2.0,2.0,2.0,2.0,3.0
252714::099.swc,252714,099.swc,631,L,True,True,1.0,1.0,2.0,3.0,3.0,3.0,4.0,1.0,2.0,2.0,2.0,2.0,2.0,3.0
252714::136.swc,252714,136.swc,631,L,True,True,1.0,1.0,2.0,3.0,3.0,3.0,3.0,1.0,2.0,2.0,2.0,2.0,2.0,3.0
252718::076.swc,252718,076.swc,900,R,True,True,1.0,1.0,2.0,3.0,3.0,3.0,3.0,1.0,2.0,2.0,2.0,2.0,2.0,3.0
252718::077.swc,252718,077.swc,900,R,True,True,1.0,1.0,2.0,3.0,3.0,3.0,3.0,1.0,2.0,2.0,2.0,2.0,2.0,3.0
252718::089.swc,252718,089.swc,900,L,True,True,1.0,1.0,2.0,3.0,3.0,3.0,3.0,1.0,2.0,2.0,2.0,2.0,2.0,3.0
252718::090.swc,252718,090.swc,900,L,True,True,2.0,3.0,4.0,5.0,5.0,5.0,6.0,1.0,2.0,2.0,2.0,2.0,2.0,3.0
252718::120.swc,252718,120.swc,900,L,True,True,1.0,1.0,2.0,3.0,3.0,3.0,3.0,1.0,2.0,2.0,2.0,2.0,2.0,3.0
252718::138.swc,252718,138.swc,900,L,True,True,2.0,3.0,4.0,5.0,5.0,5.0,6.0,1.0,2.0,2.0,2.0,2.0,2.0,3.0
252718::139.swc,252718,139.swc,900,L,True,True,2.0,3.0,4.0,5.0,5.0,5.0,6.0,1.0,2.0,2.0,2.0,2.0,2.0,3.0
252718::140.swc,252718,140.swc,900,L,True,True,1.0,1.0,1.0,1.0,1.0,1.0,1.0,1.0,2.0,2.0,2.0,2.0,2.0,3.0
252718::141.swc,252718,141.swc,900,L,True,True,1.0,1.0,1.0,1.0,1.0,1.0,1.0,1.0,2.0,2.0,2.0,2.0,2.0,3.0
252718::142.swc,252718,142.swc,900,L,True,True,1.0,1.0,2.0,2.0,2.0,2.0,2.0,1.0,2.0,2.0,2.0,2.0,2.0,3.0
252718::144.swc,252718,144.swc,900,L,True,True,1.0,1.0,2.0,2.0,2.0,2.0,2.0,1.0,2.0,2.0,2.0,2.0,2.0,3.0
252718::148.swc,252718,148.swc,900,L,True,True,1.0,1.0,2.0,2.0,2.0,2.0,2.0,1.0,2.0,2.0,2.0,2.0,2.0,3.0
252718::163.swc,252718,163.swc,900,L,True,True,1.0,1.0,2.0,2.0,2.0,2.0,2.0,1.0,2.0,2.0,2.0,2.0,2.0,3.0
252790::014.swc,252790,014.swc,797,L,True,True,2.0,3.0,4.0,5.0,6.0,7.0,8.0,1.0,2.0,2.0,2.0,2.0,2.0,3.0
252790::015.swc,252790,015.swc,797,L,True,True,2.0,3.0,4.0,5.0,5.0,5.0,6.0,1.0,2.0,2.0,2.0,2.0,2.0,3.0
252790::016.swc,252790,016.swc,797,L,True,True,2.0,3.0,4.0,5.0,5.0,5.0,6.0,1.0,2.0,2.0,2.0,2.0,2.0,3.0
252790::017.swc,252790,017.swc,797,L,True,True,2.0,3.0,4.0,5.0,5.0,5.0,6.0,1.0,2.0,2.0,2.0,2.0,2.0,3.0
252790::018.swc,252790,018.swc,797,L,True,True,2.0,3.0,4.0,5.0,5.0,5.0,6.0,1.0,2.0,2.0,2.0,2.0,2.0,3.0
252790::019.swc,252790,019.swc,797,L,True,True,2.0,3.0,4.0,5.0,5.0,5.0,6.0,1.0,2.0,2.0,2.0,2.0,2.0,3.0
252790::020.swc,252790,020.swc,797,L,True,True,2.0,3.0,4.0,5.0,6.0,6.0,7.0,1.0,2.0,2.0,2.0,2.0,2.0,3.0
252790::021.swc,252790,021.swc,797,L,True,True,2.0,3.0,4.0,5.0,5.0,5.0,6.0,1.0,2.0,2.0,2.0,2.0,2.0,3.0
252790::022.swc,252790,022.swc,797,L,True,True,2.0,3.0,4.0,5.0,5.0,5.0,6.0,1.0,2.0,2.0,2.0,2.0,2.0,3.0
252790::023.swc,252790,023.swc,797,L,True,True,2.0,3.0,4.0,5.0,6.0,7.0,8.0,1.0,2.0,2.0,2.0,3.0,4.0,5.0
252790::024.swc,252790,024.swc,797,L,True,True,2.0,3.0,4.0,5.0,5.0,5.0,6.0,1.0,2.0,2.0,2.0,2.0,2.0,3.0
252790::025.swc,252790,025.swc,797,L,True,True,2.0,3.0,4.0,5.0,5.0,5.0,6.0,1.0,2.0,2.0,2.0,2.0,2.0,3.0
252790::026.swc,252790,026.swc,797,L,True,True,2.0,3.0,4.0,5.0,5.0,5.0,6.0,1.0,2.0,2.0,2.0,2.0,2.0,3.0
252790::027.swc,252790,027.swc,797,L,True,True,2.0,3.0,4.0,5.0,6.0,7.0,8.0,1.0,2.0,2.0,2.0,2.0,2.0,2.0
252790::033.swc,252790,033.swc,797,L,True,True,1.0,1.0,2.0,2.0,2.0,2.0,2.0,1.0,2.0,2.0,2.0,2.0,2.0,3.0
252790::034.swc,252790,034.swc,797,L,True,True,1.0,1.0,2.0,2.0,2.0,2.0,2.0,1.0,2.0,2.0,2.0,2.0,2.0,3.0
252790::048.swc,252790,048.swc,797,R,True,True,2.0,3.0,4.0,5.0,6.0,7.0,8.0,1.0,2.0,2.0,2.0,2.0,2.0,3.0
252790::049.swc,252790,049.swc,797,R,True,True,2.0,3.0,4.0,5.0,5.0,5.0,6.0,1.0,2.0,2.0,2.0,2.0,2.0,3.0
252790::050.swc,252790,050.swc,797,R,True,True,2.0,3.0,4.0,5.0,6.0,6.0,7.0,1.0,2.0,2.0,2.0,2.0,2.0,3.0
252790::051.swc,252790,051.swc,797,R,True,True,1.0,1.0,2.0,3.0,3.0,3.0,4.0,1.0,2.0,2.0,2.0,2.0,2.0,3.0
252790::052.swc,252790,052.swc,797,R,True,True,1.0,1.0,2.0,3.0,3.0,3.0,4.0,1.0,2.0,2.0,2.0,2.0,2.0,3.0
252790::053.swc,252790,053.swc,797,R,True,True,2.0,3.0,4.0,5.0,5.0,5.0,6.0,1.0,2.0,2.0,2.0,2.0,2.0,3.0
252790::054.swc,252790,054.swc,797,R,True,True,2.0,3.0,4.0,5.0,5.0,5.0,6.0,1.0,2.0,2.0,2.0,2.0,2.0,3.0
252790::055.swc,252790,055.swc,797,R,True,True,2.0,3.0,4.0,5.0,5.0,5.0,6.0,1.0,2.0,2.0,2.0,2.0,2.0,3.0
252790::056.swc,252790,056.swc,797,R,True,True,2.0,3.0,4.0,5.0,5.0,5.0,6.0,1.0,2.0,2.0,2.0,2.0,2.0,3.0
252790::057.swc,252790,057.swc,797,R,True,True,2.0,3.0,4.0,5.0,6.0,7.0,8.0,1.0,2.0,2.0,2.0,2.0,2.0,3.0
252790::058.swc,252790,058.swc,797,R,True,True,2.0,3.0,4.0,5.0,5.0,5.0,6.0,1.0,2.0,2.0,2.0,2.0,2.0,3.0
252790::059.swc,252790,059.swc,797,R,True,True,2.0,3.0,4.0,5.0,5.0,5.0,6.0,1.0,2.0,2.0,2.0,2.0,2.0,3.0
252790::060.swc,252790,060.swc,797,R,True,True,2.0,3.0,4.0,5.0,6.0,7.0,8.0,1.0,2.0,2.0,2.0,2.0,2.0,3.0
252790::061.swc,252790,061.swc,797,R,True,True,2.0,3.0,4.0,5.0,5.0,5.0,6.0,1.0,2.0,2.0,2.0,2.0,2.0,3.0
252790::062.swc,252790,062.swc,797,R,True,True,2.0,3.0,4.0,5.0,5.0,5.0,6.0,1.0,2.0,2.0,2.0,2.0,2.0,3.0
252790::063.swc,252790,063.swc,797,R,True,True,2.0,3.0,4.0,5.0,5.0,5.0,6.0,1.0,2.0,2.0,2.0,2.0,2.0,3.0
252790::064.swc,252790,064.swc,797,R,True,True,2.0,3.0,4.0,5.0,5.0,5.0,6.0,1.0,2.0,2.0,2.0,2.0,2.0,3.0
252790::074.swc,252790,074.swc,797,R,True,True,2.0,3.0,4.0,5.0,6.0,7.0,8.0,1.0,2.0,2.0,2.0,2.0,2.0,3.0
252790::099.swc,252790,099.swc,797,R,True,True,2.0,3.0,4.0,5.0,6.0,7.0,8.0,1.0,2.0,2.0,2.0,2.0,2.0,2.0
252790::102.swc,252790,102.swc,797,R,True,True,2.0,3.0,4.0,5.0,6.0,7.0,8.0,1.0,2.0,2.0,2.0,2.0,2.0,3.0
252790::103.swc,252790,103.swc,797,R,True,True,2.0,3.0,4.0,5.0,6.0,7.0,8.0,1.0,2.0,2.0,2.0,2.0,2.0,3.0
252790::111.swc,252790,111.swc,797,L,True,True,1.0,1.0,2.0,2.0,2.0,2.0,2.0,1.0,2.0,2.0,2.0,2.0,2.0,3.0
252790::112.swc,252790,112.swc,797,L,True,True,1.0,1.0,2.0,2.0,2.0,2.0,2.0,1.0,2.0,2.0,2.0,2.0,2.0,3.0
252790::113.swc,252790,113.swc,797,L,True,True,1.0,1.0,2.0,2.0,2.0,2.0,2.0,1.0,2.0,2.0,2.0,2.0,2.0,3.0
252790::117.swc,252790,117.swc,797,L,True,True,2.0,3.0,4.0,5.0,5.0,5.0,6.0,1.0,2.0,2.0,2.0,2.0,2.0,3.0
252790::118.swc,252790,118.swc,797,L,True,True,2.0,3.0,4.0,5.0,5.0,5.0,6.0,1.0,2.0,2.0,2.0,2.0,2.0,3.0
252790::119.swc,252790,119.swc,797,L,True,True,2.0,3.0,4.0,5.0,5.0,5.0,6.0,1.0,2.0,2.0,2.0,2.0,2.0,3.0
252790::120.swc,252790,120.swc,797,L,True,True,2.0,3.0,4.0,5.0,5.0,5.0,6.0,1.0,2.0,2.0,2.0,2.0,2.0,2.0
252790::121.swc,252790,121.swc,797,L,True,True,2.0,3.0,4.0,5.0,6.0,7.0,8.0,2.0,3.0,4.0,5.0,6.0,7.0,8.0
252790::032.swc,252790,032.swc,797,L,True,True,1.0,1.0,2.0,2.0,2.0,2.0,2.0,1.0,2.0,2.0,2.0,2.0,2.0,3.0
252718::162.swc,252718,162.swc,900,L,True,True,1.0,1.0,2.0,2.0,2.0,2.0,2.0,1.0,2.0,2.0,2.0,2.0,2.0,3.0
252383::121.swc,252383,121.swc,605,R,True,True,2.0,3.0,4.0,5.0,6.0,7.0,8.0,1.0,2.0,2.0,2.0,2.0,2.0,3.0
252790::035.swc,252790,035.swc,797,L,True,True,1.0,1.0,2.0,2.0,2.0,2.0,2.0,1.0,2.0,2.0,2.0,2.0,2.0,3.0
252383::120.swc,252383,120.swc,605,R,True,True,1.0,1.0,2.0,2.0,2.0,2.0,2.0,1.0,2.0,2.0,2.0,2.0,2.0,3.0
252790::031.swc,252790,031.swc,797,L,True,True,1.0,1.0,2.0,2.0,2.0,2.0,2.0,1.0,2.0,2.0,2.0,2.0,2.0,3.0
252790::036.swc,252790,036.swc,797,L,True,True,1.0,1.0,2.0,2.0,2.0,2.0,2.0,1.0,2.0,2.0,2.0,2.0,2.0,3.0
252383::126.swc,252383,126.swc,605,R,True,True,1.0,1.0,2.0,3.0,3.0,3.0,4.0,1.0,2.0,2.0,2.0,2.0,2.0,3.0
252383::127.swc,252383,127.swc,605,R,True,True,1.0,1.0,2.0,2.0,2.0,2.0,2.0,1.0,2.0,2.0,2.0,2.0,2.0,3.0
252383::090.swc,252383,090.swc,605,L,True,True,1.0,1.0,2.0,2.0,2.0,2.0,2.0,1.0,2.0,2.0,2.0,2.0,2.0,3.0
252790::037.swc,252790,037.swc,797,L,True,True,1.0,1.0,2.0,2.0,2.0,2.0,2.0,1.0,2.0,2.0,2.0,2.0,2.0,3.0
252383::118.swc,252383,118.swc,605,R,True,True,1.0,1.0,2.0,2.0,2.0,2.0,2.0,1.0,2.0,2.0,2.0,2.0,2.0,3.0
252383::119.swc,252383,119.swc,605,R,True,True,1.0,1.0,2.0,2.0,2.0,2.0,2.0,1.0,2.0,2.0,2.0,2.0,2.0,3.0
252383::094.swc,252383,094.swc,605,L,True,True,1.0,1.0,2.0,2.0,2.0,2.0,2.0,1.0,2.0,2.0,2.0,2.0,2.0,3.0
252383::097.swc,252383,097.swc,605,L,True,True,1.0,1.0,2.0,2.0,2.0,2.0,2.0,1.0,2.0,2.0,2.0,2.0,2.0,3.0
252383::123.swc,252383,123.swc,605,R,False,False,,,,,,,,,,,,,,
252790::116.swc,252790,116.swc,797,L,True,True,2.0,3.0,4.0,5.0,6.0,7.0,8.0,1.0,2.0,2.0,2.0,2.0,2.0,3.0
252790::115.swc,252790,115.swc,797,L,True,True,1.0,1.0,2.0,2.0,2.0,2.0,2.0,1.0,2.0,2.0,2.0,2.0,2.0,3.0
252383::124.swc,252383,124.swc,605,R,True,True,1.0,1.0,2.0,2.0,2.0,2.0,2.0,1.0,2.0,2.0,2.0,2.0,2.0,3.0
252384::080.swc,252384,080.swc,948,R,True,True,1.0,1.0,2.0,2.0,2.0,2.0,2.0,1.0,2.0,2.0,2.0,2.0,2.0,2.0
252383::117.swc,252383,117.swc,605,R,True,True,1.0,1.0,2.0,2.0,2.0,2.0,2.0,1.0,2.0,2.0,2.0,2.0,2.0,3.0
252385::021.swc,252385,021.swc,331,L,True,True,2.0,3.0,4.0,5.0,6.0,7.0,8.0,1.0,2.0,2.0,2.0,2.0,2.0,3.0
252383::095.swc,252383,095.swc,605,L,True,True,1.0,1.0,2.0,2.0,2.0,2.0,2.0,1.0,2.0,2.0,2.0,2.0,2.0,3.0
252383::036.swc,252383,036.swc,605,R,True,True,2.0,3.0,4.0,5.0,6.0,7.0,8.0,1.0,2.0,2.0,2.0,2.0,2.0,3.0
252385::022.swc,252385,022.swc,331,L,True,True,2.0,3.0,4.0,5.0,5.0,5.0,6.0,1.0,2.0,2.0,2.0,2.0,2.0,3.0
252383::096.swc,252383,096.swc,605,L,True,True,1.0,1.0,2.0,2.0,2.0,2.0,2.0,1.0,2.0,2.0,2.0,2.0,2.0,3.0
