requested_k,realized_k,duplicate_realized_k,c_index
2,2,False,0.026192088890847953
3,3,False,0.036848495401088144
4,4,False,0.03692886287619377
5,5,False,0.035960241154014576
6,6,False,0.03172467422198603
7,7,False,0.024840522880475682
8,8,False,0.02483818409679893
9,9,False,0.026522695588770944
10,10,False,0.026117752450012858
11,11,False,0.026115279995099723
12,12,False,0.02611287432090618
13,13,False,0.02581402039463156
14,14,False,0.02581106377442656
15,15,False,0.02812265243154735
16,16,False,0.028119802968659315
17,17,False,0.02811914912218887
18,18,False,0.027947441677769365
19,19,False,0.02763935487808987
20,20,False,0.027637810894829376
