run,requested_k,realized_k,silhouette,c_index,smallest_cluster,largest_cluster,largest_cluster_fraction,singleton_clusters,subsample_ari_mean,subsample_ari_p05,worst_cluster_jaccard_mean,jaccard_assessed_clusters,jaccard_unassessed_clusters,n_subsample_repeats,subsample_n,sample_cluster_ari
multi_raw,2,2,0.7493116792147846,0.224905110090398,3,303,0.9901960784313726,0,0.5117046211525144,-0.0081953136114529,0.4231673158166352,2,0,100,244,-0.0160449535923464
multi_raw,3,3,0.6926603624743507,0.1642284390253792,2,301,0.9836601307189542,0,0.7039231260986221,0.2737006655675407,0.5169795721802347,3,0,100,244,0.0075475191234821
multi_raw,4,4,0.6881463890840589,0.1516969136713074,1,300,0.9803921568627452,1,0.7251979776925301,0.4821872584139544,0.5391300620783724,3,1,100,244,0.0022592691728686
multi_raw,5,5,0.6903272178816193,0.1232510156503108,1,298,0.9738562091503268,1,0.8249810330424829,0.5854516683220978,0.5679351616032988,4,1,100,244,-0.0078288067099832
multi_raw,6,6,0.6884745097781503,0.1078065487245109,1,297,0.9705882352941176,2,0.8759841869079894,0.6562439545826795,0.5679347826086957,4,2,100,244,-0.0126785086054114
multi_raw,7,7,0.6604325148664899,0.1077342934379561,1,297,0.9705882352941176,3,0.8051736976559389,0.6139623361386398,0.7548022598870057,4,3,100,244,-0.012755329088071
multi_raw,8,8,0.6559367590431207,0.1030303009888786,1,291,0.9509803921568628,3,0.8683855427281967,0.6462163942882231,0.6644350390609397,5,3,100,244,0.019284012733856
multi_raw,9,9,0.6454233175329627,0.0872838685623034,1,288,0.9411764705882352,3,0.901177109275245,0.6975770013342696,0.5423026900977923,6,3,100,244,0.0053444189392667
multi_raw,10,10,0.6352556226308054,0.087187788828277,1,288,0.9411764705882352,4,0.9062785016208218,0.7520998284309209,0.5616161616161616,6,4,100,244,0.0054347826086956
multi_raw,11,11,0.6266260075634584,0.0871715134971057,1,288,0.9411764705882352,6,0.8873125193510772,0.7666902531884922,0.5895522388059702,5,6,100,244,0.0055336535573927
multi_raw,12,12,0.6239750004671524,0.0871554117193951,1,288,0.9411764705882352,8,0.8645346142558293,0.7365938870607945,0.72306977217783,4,8,100,244,0.0054978530842583
multi_raw,13,13,0.5853017180359875,0.0664967301731849,1,284,0.9281045751633988,8,0.9344605009847944,0.8412120989736848,0.6654505888376856,5,8,100,244,0.042673843108917
multi_raw,14,14,0.5774987639679562,0.0664554542079565,1,284,0.9281045751633988,9,0.9201783712503526,0.8221933535288191,0.6369047619047619,5,9,100,244,0.0426024625522188
multi_raw,15,15,0.5669400898439414,0.0664386874899042,1,284,0.9281045751633988,10,0.9050989588653936,0.805091693814359,0.6623611111111111,5,10,100,244,0.0427553346936102
multi_raw,16,16,0.5422866360205125,0.0636947371710461,1,282,0.9215686274509804,10,0.9149391002632764,0.8319223546675084,0.6016949152542372,6,10,100,244,0.033444148274025
multi_raw,17,17,0.535135515680274,0.0636895135822022,1,282,0.9215686274509804,12,0.8994992971615364,0.8026007859359733,0.6375425170068026,5,12,100,244,0.0334093454213496
multi_raw,18,18,0.5174447862667895,0.0636813449708544,1,282,0.9215686274509804,13,0.8795239162761027,0.7702883107432643,0.6230769230769231,5,13,100,244,0.0335952396546524
multi_raw,19,19,0.5177274987712763,0.0604542846817994,1,280,0.915032679738562,13,0.8899582702233162,0.7923757560171081,0.5538461538461539,6,13,100,244,0.0247288551432769
multi_raw,20,20,0.5153019859211694,0.0604434179899354,1,280,0.915032679738562,14,0.8600727730549259,0.7406438463319205,0.5076923076923077,6,14,100,244,0.0249698528041586
multi_log1p,2,2,0.0983198642399827,0.0261920888908479,1,305,0.9967320261437908,1,0.8598618425552289,0.0,0.9990158874721716,1,1,100,244,-0.005554857752936
multi_log1p,3,3,0.0838642612947603,0.0368484954010881,1,303,0.9901960784313726,1,0.7147542116335559,0.3063362422937222,0.7044009286306361,2,1,100,244,0.0184749286045187
multi_log1p,4,4,0.0792607701721452,0.0369288628761937,1,302,0.9869281045751634,2,0.7226659935194,0.2744101584949763,0.7744933909135978,2,2,100,244,0.0128685885391443
multi_log1p,5,5,0.0773634087407298,0.0359602411540145,1,301,0.9836601307189542,3,0.7379582399324758,0.4330213281641529,0.8143997639628946,2,3,100,244,0.0074251467230448
multi_log1p,6,6,0.0773075346524859,0.031724674221986,1,299,0.977124183006536,3,0.8228668024630454,0.60247306975879,0.8866188209077263,3,3,100,244,-0.0029565264537116
multi_log1p,7,7,0.0752619136563547,0.0248405228804756,1,296,0.9673202614379084,3,0.8935354958340735,0.7028379803455375,0.6628787878787878,4,3,100,244,-0.0173917492858402
multi_log1p,8,8,0.0731634332025628,0.0248381840967989,1,296,0.9673202614379084,4,0.8450682620654782,0.6815224044249257,0.7864406779661016,4,4,100,244,-0.0174674688647876
multi_log1p,9,9,0.0702807005562367,0.0265226955887709,1,293,0.9575163398692812,4,0.8542194254848561,0.6831705627820548,0.6087340596303756,5,4,100,244,0.0296770131564384
multi_log1p,10,10,0.0684608283031068,0.0261177524500128,1,290,0.9477124183006536,4,0.9008450813102292,0.7678569681202716,0.5227272727272727,6,4,100,244,0.0149696542593701
multi_log1p,11,11,0.067744476759231,0.0261152799950997,1,290,0.9477124183006536,6,0.8969400160345603,0.7794515300672559,0.5373134328358209,5,6,100,244,0.0150700371801293
multi_log1p,12,12,0.0675770961734576,0.0261128743209061,1,290,0.9477124183006536,8,0.8740621588640319,0.7791946331928076,0.710282225456898,4,8,100,244,0.0150332698236924
multi_log1p,13,13,0.0625291954002843,0.0258140203946315,1,289,0.9444444444444444,9,0.8734515362428913,0.7921350885416776,0.6944444444444444,4,9,100,244,0.0394261639495696
multi_log1p,14,14,0.061687163125158,0.0258110637744265,1,289,0.9444444444444444,10,0.8518457247906727,0.7367798160207863,0.6610169491525424,4,10,100,244,0.0393517554575846
multi_log1p,15,15,0.0580202810987006,0.0281226524315473,1,284,0.9281045751633988,10,0.8824432870465944,0.7872957939699292,0.5488166189358171,5,10,100,244,0.0430152612879504
multi_log1p,16,16,0.0577412847069508,0.0281198029686593,1,284,0.9281045751633988,11,0.8735699818914529,0.7783778053277162,0.5084745762711864,5,11,100,244,0.043073826101913
multi_log1p,17,17,0.0570927573488085,0.0281191491221888,1,284,0.9281045751633988,13,0.8550658388008161,0.7514554985176957,0.5658596643290521,4,13,100,244,0.0430381301372509
multi_log1p,18,18,0.0531563921793589,0.0279474416777693,1,283,0.9248366013071896,14,0.8470487074869968,0.7514246108785508,0.5432892075749219,4,14,100,244,0.0383054680965323
multi_log1p,19,19,0.0517802353468236,0.0276393548780898,1,280,0.915032679738562,14,0.8645935702335221,0.7781014285153341,0.5180272108843538,5,14,100,244,0.0248884570500202
multi_log1p,20,20,0.0515615179322779,0.0276378108948293,1,280,0.915032679738562,16,0.8533149053525463,0.7729365069051716,0.5001943634596696,4,16,100,244,0.0248544858459507
multi_spearman_profile,2,2,0.7416679869785443,0.0562450403345503,147,159,0.5196078431372549,0,0.9590005332590208,0.9827933623568552,0.9790272879856587,2,0,100,244,0.02327774102458
multi_spearman_profile,3,3,0.7138987573669431,0.0403375109453038,5,154,0.5032679738562091,0,0.9941469022231624,0.9820924507069712,0.8968254043316953,3,0,100,244,0.0355977970252439
multi_spearman_profile,4,4,0.6982175269872087,0.0364239927631845,2,152,0.4967320261437908,0,0.984262970958586,0.9232962366346488,0.6717445294225827,4,0,100,244,0.0346781837546811
multi_spearman_profile,5,5,0.6749607346734965,0.0192619634684451,2,152,0.4967320261437908,0,0.98654736176353,0.9375287046668008,0.826149277085084,5,0,100,244,0.010712186725998
multi_spearman_profile,6,6,0.670637725328359,0.0192004603175908,2,152,0.4967320261437908,0,0.9874897778273486,0.9364920975075874,0.9109843628593628,6,0,100,244,0.0109078664814348
multi_spearman_profile,7,7,0.654098697555838,0.0191800108993869,1,152,0.4967320261437908,1,0.9594401669335656,0.8769822851058487,0.8692694250194251,6,1,100,244,0.0107116962249099
multi_spearman_profile,8,8,0.6380633947586883,0.0191811014022715,1,152,0.4967320261437908,3,0.9251408186606276,0.8555280707546022,0.8702575202575202,5,3,100,244,0.0106899037175294
multi_spearman_profile,9,9,0.6128983639542136,0.0171397715134024,1,137,0.4477124183006536,3,0.944160737063372,0.8618170934981603,0.6846662758102586,6,3,100,244,0.0303302081539432
multi_spearman_profile,10,10,0.6038601380291214,0.0171236250211598,1,137,0.4477124183006536,4,0.9405747663692136,0.880576847579053,0.7699644084638826,6,4,100,244,0.0301607324883947
multi_spearman_profile,11,11,0.5968226216200375,0.015451611128781,1,137,0.4477124183006536,4,0.9522109296452484,0.8890732395137878,0.6064296536796536,7,4,100,244,0.02898846823105
multi_spearman_profile,12,12,0.5804263275054456,0.0154521785607195,1,137,0.4477124183006536,4,0.9182586501258728,0.7912600322433345,0.5257368885075191,8,4,100,244,0.0288630087645575
multi_spearman_profile,13,13,0.5718409760995522,0.0154689135352035,1,137,0.4477124183006536,4,0.8716321328829528,0.7510963099655956,0.5682386912826851,9,4,100,244,0.0285285836824749
multi_spearman_profile,14,14,0.5143372121326044,0.0179430150757117,1,129,0.4215686274509804,4,0.8797326325709068,0.7732893907311926,0.5871705598919731,10,4,100,244,-0.0052374308695968
multi_spearman_profile,15,15,0.5078437775365613,0.0179437330656191,1,129,0.4215686274509804,5,0.8779388103536427,0.7706894757620346,0.5905060378299127,10,5,100,244,-0.0052958993847637
multi_spearman_profile,16,16,0.4905547806889235,0.0179645901654434,1,129,0.4215686274509804,5,0.8671583616800455,0.7609034122059901,0.4988974409428955,11,5,100,244,-0.0046615994264578
multi_spearman_profile,17,17,0.4876021922454739,0.0179655329922038,1,129,0.4215686274509804,7,0.8438156881063916,0.7512593055506748,0.5528345391981756,10,7,100,244,-0.0046810877589224
multi_spearman_profile,18,18,0.4863660156583283,0.0179683919886667,1,129,0.4215686274509804,8,0.8184212471721273,0.7065368525234016,0.6260748809135906,10,8,100,244,-0.0045721190686918
multi_spearman_profile,19,19,0.507648062759603,0.0184689150696068,1,129,0.4215686274509804,8,0.8472267666421988,0.758445872263,0.6248878958556378,11,8,100,244,-0.0351698497824718
multi_spearman_profile,20,20,0.507325488413878,0.0183981393818901,1,129,0.4215686274509804,8,0.8418447605801959,0.7394115492861659,0.6644104026910439,12,8,100,244,-0.0362594603459881
multi_type_guided,2,2,0.7366404340359686,0.0479188386215875,59,247,0.8071895424836601,0,0.9896171990556348,1.0,0.9919831223628692,2,0,100,244,-0.0429223187984752
multi_type_guided,3,3,0.7826361296698731,0.0261360885369471,10,237,0.7745098039215687,0,0.973779247897481,0.7812926177635938,0.8842513679320113,3,0,100,244,-0.0629010582381297
multi_type_guided,4,4,0.8403860712766832,0.0044689245992192,10,225,0.7352941176470589,0,0.999482476723676,1.0,0.998,4,0,100,244,-0.0808944142868604
multi_type_guided,5,5,0.8540891898969932,3.0662349790210976e-17,3,222,0.7254901960784313,0,0.9992613440893016,1.0,0.9916780045351474,5,0,100,244,-0.084865601944189
multi_type_guided,6,6,0.8452863700940313,0.0032172635981083,3,222,0.7254901960784313,0,0.9992562275586072,0.996834053036196,0.996136021872864,6,0,100,244,-0.0903742373745074
multi_type_guided,7,7,0.8474199992685578,0.0032806165010211,3,222,0.7254901960784313,0,0.9961961700268614,0.9756111370300076,0.9309402332361516,7,0,100,244,-0.0908974941424936
multi_type_guided,8,8,0.6229588816016016,0.00417084937406,2,220,0.7189542483660131,0,0.980273283644262,0.9483630863309256,0.8167658384286924,8,0,100,244,-0.0932935474138533
multi_type_guided,9,9,0.5356025422097802,0.0061787839121501,2,216,0.7058823529411765,0,0.9922446419035884,0.9649643126068986,0.7855478383742721,9,0,100,244,-0.0723240077326271
multi_type_guided,10,10,0.5337999454233417,0.0061821767690677,1,216,0.7058823529411765,1,0.9790714939266942,0.9637167760104302,0.8601814574314575,9,1,100,244,-0.0723671843361014
multi_type_guided,11,11,0.5342353991894753,0.006256993330704,1,216,0.7058823529411765,1,0.9064392912385522,0.4917180536827619,0.8857057499148657,10,1,100,244,-0.0729497215368317
multi_type_guided,12,12,0.5054238966328007,0.0064207880612325,1,216,0.7058823529411765,2,0.7706785318004712,0.4887629621373774,0.7767317037352481,10,2,100,244,-0.0731597051762167
multi_type_guided,13,13,0.7370288114941619,0.0031644517233166,1,109,0.3562091503267974,2,0.9813013239561912,0.9802293758282766,0.931808344667442,11,2,100,244,-0.0113342391921429
multi_type_guided,14,14,0.7350145955706496,0.0028159129188495,1,109,0.3562091503267974,2,0.9958087682926856,0.9842611078703356,0.9103535353535354,12,2,100,244,-0.0116684959164936
multi_type_guided,15,15,0.7253094099522189,0.0028104554997571,1,109,0.3562091503267974,3,0.991227902355059,0.9670310313517078,0.8155354213247604,12,3,100,244,-0.0115832097075702
multi_type_guided,16,16,0.7198874818272708,0.0026161472995353,1,109,0.3562091503267974,3,0.9911691727986516,0.9509991862140612,0.9027283834586468,13,3,100,244,-0.0135651535813743
multi_type_guided,17,17,0.7072828636666676,0.0025181574267128,1,109,0.3562091503267974,3,0.9842405749950572,0.946705400465048,0.2983749814464003,14,3,100,244,-0.0124924815966874
multi_type_guided,18,18,0.7054051739773309,0.0025072441130213,1,109,0.3562091503267974,4,0.9738008501883546,0.9314828453727902,0.3723936053396323,14,4,100,244,-0.0126390077674717
multi_type_guided,19,19,0.6723561687112111,0.0025428312496572,1,107,0.349673202614379,4,0.9634369763689474,0.9229118844567616,0.4117542149301269,15,4,100,244,-0.0123582515545844
multi_type_guided,20,20,0.6590523365051312,0.00255162176628,1,107,0.349673202614379,5,0.9518177137198178,0.8750848321487203,0.4440342507733812,15,5,100,244,-0.0125386832432461
single_raw,2,2,0.7585631388155165,0.1994828727584725,1,211,0.9952830188679244,1,0.7268883402877833,0.0,0.9969797830374754,1,1,100,169,0.0
single_raw,3,3,0.6899328820909801,0.2311657366385086,1,210,0.9905660377358492,2,0.5992081261016114,0.0,0.9880409468467968,1,2,100,169,0.0
single_raw,4,4,0.6648308046268242,0.1937631180489464,1,207,0.9764150943396226,2,0.6822071119175692,0.2345983469463745,0.6572423666819023,2,2,100,169,0.0
single_raw,5,5,0.6534490985795991,0.1775435819025124,1,206,0.9716981132075472,3,0.7437598003667606,0.4294509662263797,0.905553061354059,2,3,100,169,0.0
single_raw,6,6,0.6263522665576092,0.1059491854772806,1,201,0.9481132075471698,3,0.8752580130937555,0.560406341778526,0.8050470302402118,3,3,100,169,0.0
single_raw,7,7,0.6125646739794705,0.1058502701487953,1,201,0.9481132075471698,4,0.8577389337086002,0.6414399520124818,0.8970232067510548,3,4,100,169,0.0
single_raw,8,8,0.543764808368128,0.0986296114194284,1,200,0.9433962264150944,5,0.7811646474637599,0.6043493314342164,0.8738333333333334,3,5,100,169,0.0
single_raw,9,9,0.5453394721505084,0.0529428801060097,1,193,0.910377358490566,5,0.9105745232847676,0.7475980570060176,0.6497859101182631,4,5,100,169,0.0
single_raw,10,10,0.5307990295330482,0.0524918644054241,1,193,0.910377358490566,5,0.9174755012618776,0.7900965447696802,0.6059730728208989,5,5,100,169,0.0
single_raw,11,11,0.5179836918942767,0.0523491166849654,1,193,0.910377358490566,6,0.914450279941136,0.8049674504441018,0.5147058823529411,5,6,100,169,0.0
single_raw,12,12,0.5154675224601996,0.052318943958945,1,193,0.910377358490566,8,0.9021251882966816,0.7762539447400284,0.6728260869565217,4,8,100,169,0.0
single_raw,13,13,0.4742778828250228,0.0522948955605393,1,193,0.910377358490566,9,0.8833715573435219,0.7546326990452646,0.7403924394319131,4,9,100,169,0.0
single_raw,14,14,0.4684624986988707,0.0522766757442197,1,193,0.910377358490566,10,0.867689124332919,0.7605308496326735,0.6905,4,10,100,169,0.0
single_raw,15,15,0.4527741668039134,0.0492715870586862,1,191,0.9009433962264152,10,0.9096960738648504,0.7845592022187108,0.6264047619047619,5,10,100,169,0.0
single_raw,16,16,0.426844073943376,0.0496901332387467,1,190,0.8962264150943396,11,0.9096988939463804,0.7734754448450777,0.5327868852459017,5,11,100,169,0.0
single_raw,17,17,0.4170806763992839,0.0496936583886782,1,190,0.8962264150943396,13,0.8847335403377454,0.7265043824066193,0.4904523809523809,4,13,100,169,0.0
single_raw,18,18,0.4144638835872604,0.0497109334566912,1,190,0.8962264150943396,14,0.8396626231335866,0.5692313508787233,0.5307692307692308,4,14,100,169,0.0
single_raw,19,19,0.4068344317970956,0.0497223383660626,1,190,0.8962264150943396,16,0.7843232562434608,0.5370467741902167,0.465530303030303,3,16,100,169,0.0
single_raw,20,20,0.4062190597000918,0.0497467956084998,1,190,0.8962264150943396,17,0.7332615211191467,0.4652270311936228,0.4106060606060605,3,17,100,169,0.0
single_spearman_profile,2,2,0.4699671592580264,0.2302842697813857,7,205,0.9669811320754716,0,0.571226818796053,-0.0370201333648666,0.5369863552055452,2,0,100,169,0.0
single_spearman_profile,3,3,0.40999948409813,0.1633288369313678,7,192,0.9056603773584906,0,0.6763286159392716,0.4185314610781074,0.4877972526257165,3,0,100,169,0.0
single_spearman_profile,4,4,0.3696095969486977,0.1627369257600569,2,192,0.9056603773584906,0,0.715269744289473,0.4717643810630293,0.537905350178321,4,0,100,169,0.0
single_spearman_profile,5,5,0.293106383315376,0.1507348225397121,2,188,0.8867924528301887,0,0.7487297644060235,0.21524501746439,0.6614446379611691,5,0,100,169,0.0
single_spearman_profile,6,6,0.4302215623869859,0.1392661873764041,2,126,0.5943396226415094,0,0.8405385100891448,0.2927976938126876,0.6665491155731093,6,0,100,169,0.0
single_spearman_profile,7,7,0.5985383701816419,0.046650654320495,2,70,0.330188679245283,0,0.8952447995792032,0.5973434893032502,0.6672507370510466,7,0,100,169,0.0
single_spearman_profile,8,8,0.5696685728478381,0.0435902446023544,2,70,0.330188679245283,0,0.91437843536885,0.8529592242722117,0.6705901476404573,8,0,100,169,0.0
single_spearman_profile,9,9,0.5540709060420818,0.0434614479221107,1,70,0.330188679245283,1,0.903189059461191,0.851339197584217,0.6941939856668958,8,1,100,169,0.0
single_spearman_profile,10,10,0.5489434374055141,0.0433792606605154,1,70,0.330188679245283,1,0.8949346733118516,0.8557550830257896,0.7115974944388256,9,1,100,169,0.0
single_spearman_profile,11,11,0.5778531193756365,0.0240297084357967,1,62,0.2924528301886792,1,0.9710013782456826,0.9035817803935078,0.6119047619047618,10,1,100,169,0.0
single_spearman_profile,12,12,0.5740020902082151,0.0240025134760314,1,62,0.2924528301886792,3,0.9688498421388309,0.901735170220238,0.7032168981097439,9,3,100,169,0.0
single_spearman_profile,13,13,0.5695027931173396,0.0239858924417011,1,62,0.2924528301886792,5,0.957847461450747,0.8815452785043355,0.6888731312547103,8,5,100,169,0.0
single_spearman_profile,14,14,0.5591829366373051,0.0235840908390843,1,62,0.2924528301886792,5,0.9394731880373608,0.8519655584527208,0.7311321595071596,9,5,100,169,0.0
single_spearman_profile,15,15,0.5578383674558851,0.0209734850779743,1,62,0.2924528301886792,5,0.9189967958927336,0.7994579906667635,0.6153207352528384,10,5,100,169,0.0
single_spearman_profile,16,16,0.5476362933042362,0.0209590564970918,1,62,0.2924528301886792,6,0.8878050275212894,0.761214868824397,0.6424347794212305,10,6,100,169,0.0
single_spearman_profile,17,17,0.5322773791104185,0.0209597073275283,1,62,0.2924528301886792,8,0.8611745667440429,0.7334784367037709,0.6410545820991728,9,8,100,169,0.0
single_spearman_profile,18,18,0.5472726806300683,0.0181316939609992,1,54,0.2547169811320754,8,0.8457677343327843,0.7396578729541091,0.6087128474773531,10,8,100,169,0.0
single_spearman_profile,19,19,0.5417360317656768,0.0180238276946566,1,54,0.2547169811320754,8,0.8346801889481782,0.7356763037486385,0.5106116898522143,11,8,100,169,0.0
single_spearman_profile,20,20,0.5611865352492101,0.0109739787120457,1,48,0.2264150943396226,8,0.8787850702152656,0.7722530792157134,0.6206643832176869,12,8,100,169,0.0
