uid,SWCPath,SWCSHA256,RootNodeID,RootXYZ,IndexXYZ,nearest_OTHER_anchor_uid,nearest_OTHER_anchor_mm,anchor_basis,current_rint_zero_center_ARMIndex,current_rint_zero_center_ARMAbbreviation,current_rint_zero_center_ARMFullName,current_rint_zero_center_Hemisphere,current_rint_zero_center_TissueCode,current_rint_zero_center_TissueClass,current_rint_zero_center_VoxelXYZ,published_ceil_edge_one_based_to_zero_ARMIndex,published_ceil_edge_one_based_to_zero_ARMAbbreviation,published_ceil_edge_one_based_to_zero_ARMFullName,published_ceil_edge_one_based_to_zero_Hemisphere,published_ceil_edge_one_based_to_zero_TissueCode,published_ceil_edge_one_based_to_zero_TissueClass,published_ceil_edge_one_based_to_zero_VoxelXYZ,halfopen_floor_zero_center_ARMIndex,halfopen_floor_zero_center_ARMAbbreviation,halfopen_floor_zero_center_ARMFullName,halfopen_floor_zero_center_Hemisphere,halfopen_floor_zero_center_TissueCode,halfopen_floor_zero_center_TissueClass,halfopen_floor_zero_center_VoxelXYZ
251637|112.swc,D:\projectome_analysis\group_analysis\fnt\nmt_swcs\251637\112.swc,418ff7b32448e71023321672218339b5a6dc37dfc1442f559ecf611362fc9bac,1,"[52884.6, 44606.5, 23885.0]","[211.5384, 178.426, 95.54]",251637|126.swc,0.7131807412435153,"[""Henry_coarse_INS_visual_annotation"", ""original_portal_INS_label""]",0,,Atlas background,R,1,CSF,"[212, 178, 96]",728,CR_Ia/Id,CR_agranular_and_dysgranular_insula,R,2,GM,"[211, 178, 95]",0,,Atlas background,R,1,CSF,"[212, 178, 96]"
251637|114.swc,D:\projectome_analysis\group_analysis\fnt\nmt_swcs\251637\114.swc,7beb8f314de649c6d310d7ec042b039ceeca197f456fe6f6384cac16856e2213,1,"[52381.1, 46318.2, 24436.0]","[209.52439999999999, 185.2728, 97.744]",251637|129.swc,0.42496656048324405,"[""Henry_coarse_INS_visual_annotation"", ""original_portal_INS_label""]",0,,Atlas background,R,1,CSF,"[210, 185, 98]",728,CR_Ia/Id,CR_agranular_and_dysgranular_insula,R,2,GM,"[209, 185, 97]",0,,Atlas background,R,1,CSF,"[210, 185, 98]"
251637|115.swc,D:\projectome_analysis\main_scripts\processed_neurons\251637\115.swc,3861a0a0381a10d8059a46362798aff0798eccac1cce11d82f728604911503f2,1,"[52628.5, 46522.5, 24175.2]","[210.514, 186.09, 96.7008]",251637|114.swc,0.41347532270238474,"[""Henry_coarse_INS_visual_annotation""]",0,,Atlas background,R,1,CSF,"[211, 186, 97]",728,CR_Ia/Id,CR_agranular_and_dysgranular_insula,R,2,GM,"[210, 186, 96]",0,,Atlas background,R,1,CSF,"[211, 186, 97]"
251637|422.swc,D:\projectome_analysis\group_analysis\fnt\nmt_swcs\251637\422.swc,c84dfae7549b6b27947938e5fb2b9b1060f611ef58159994826970697ba2d4db,1,"[13449.0, 42752.8, 24326.2]","[53.796, 171.0112, 97.3048]",251637|423.swc,0.14619476489683517,"[""Henry_coarse_INS_visual_annotation""]",0,,Atlas background,L,4,WM,"[54, 171, 97]",228,CL_Ia/Id,CL_agranular_and_dysgranular_insula,L,2,GM,"[53, 171, 97]",0,,Atlas background,L,4,WM,"[54, 171, 97]"
251637|423.swc,D:\projectome_analysis\group_analysis\fnt\nmt_swcs\251637\423.swc,48cd2c99b43618cfa8443f5a5b990e1997dff78083f932e767f7783ebb1e09af,1,"[13483.8, 42891.0, 24358.8]","[53.935199999999995, 171.564, 97.4352]",251637|422.swc,0.14619476489683517,"[""Henry_coarse_INS_visual_annotation""]",0,,Atlas background,L,4,WM,"[54, 172, 97]",228,CL_Ia/Id,CL_agranular_and_dysgranular_insula,L,2,GM,"[53, 171, 97]",0,,Atlas background,L,4,WM,"[54, 172, 97]"
251637|438.swc,D:\projectome_analysis\group_analysis\fnt\nmt_swcs\251637\438.swc,79d48ef516eaddc67099a57df4b1ed4bf983bb935e3cd0ddedee14e6716390e0,1,"[13205.0, 43144.2, 22620.2]","[52.82, 172.5768, 90.4808]",251637|439.swc,0.17314791227490503,"[""Henry_coarse_INS_visual_annotation""]",0,,Atlas background,L,4,WM,"[53, 173, 90]",228,CL_Ia/Id,CL_agranular_and_dysgranular_insula,L,2,GM,"[52, 172, 90]",0,,Atlas background,L,4,WM,"[53, 173, 90]"
251637|439.swc,D:\projectome_analysis\group_analysis\fnt\nmt_swcs\251637\439.swc,c78e86ebee9255e92633b032f093cb5268d505d27acb6673de605e77b61e6587,1,"[13314.2, 43201.8, 22498.8]","[53.256800000000005, 172.80720000000002, 89.9952]",251637|438.swc,0.17314791227490503,"[""Henry_coarse_INS_visual_annotation""]",0,,Atlas background,L,4,WM,"[53, 173, 90]",228,CL_Ia/Id,CL_agranular_and_dysgranular_insula,L,2,GM,"[53, 172, 89]",0,,Atlas background,L,4,WM,"[53, 173, 90]"
251637|440.swc,D:\projectome_analysis\group_analysis\fnt\nmt_swcs\251637\440.swc,8b1199450f2ba9924f24249f190bb7dce7bab5328a852e5b430992f06ef203bb,1,"[13781.0, 43122.0, 22526.8]","[55.124, 172.488, 90.10719999999999]",251637|439.swc,0.47439879949329483,"[""Henry_coarse_INS_visual_annotation""]",0,,Atlas background,L,4,WM,"[55, 172, 90]",0,,Atlas background,L,4,WM,"[55, 172, 90]",0,,Atlas background,L,4,WM,"[55, 172, 90]"
251637|444.swc,D:\projectome_analysis\group_analysis\fnt\nmt_swcs\251637\444.swc,2cbdd74c64db01b71b12c3b1446facaa227986818d4b85a5cc487c1140d0b577,1,"[13387.0, 42884.2, 22312.2]","[53.548, 171.5368, 89.2488]",251637|443.swc,0.23520525980794155,"[""Henry_coarse_INS_visual_annotation"", ""original_portal_INS_label""]",0,,Atlas background,L,4,WM,"[54, 172, 89]",228,CL_Ia/Id,CL_agranular_and_dysgranular_insula,L,2,GM,"[53, 171, 89]",0,,Atlas background,L,4,WM,"[54, 172, 89]"
251637|458.swc,D:\projectome_analysis\group_analysis\fnt\nmt_swcs\251637\458.swc,7cb10580fc2520638ef615a0dcb35ae1c58aa398052abd7226f5d09ecbb832ba,1,"[13243.0, 43434.0, 23590.5]","[52.972, 173.736, 94.362]",251637|419.swc,0.48396141937278564,"[""Henry_coarse_INS_visual_annotation"", ""original_portal_INS_label""]",0,,Atlas background,L,4,WM,"[53, 174, 94]",228,CL_Ia/Id,CL_agranular_and_dysgranular_insula,L,2,GM,"[52, 173, 94]",0,,Atlas background,L,4,WM,"[53, 174, 94]"
251637|459.swc,D:\projectome_analysis\group_analysis\fnt\nmt_swcs\251637\459.swc,25d32a1384a4efa006e5724a8c7b5f62cd96b107e9a14a3a04a0638f85cbf7a3,1,"[13375.0, 43289.5, 22771.5]","[53.5, 173.158, 91.086]",251637|438.swc,0.2700078787022309,"[""Henry_coarse_INS_visual_annotation""]",0,,Atlas background,L,4,WM,"[54, 173, 91]",0,,Atlas background,L,4,WM,"[53, 173, 91]",0,,Atlas background,L,4,WM,"[54, 173, 91]"
251637|460.swc,D:\projectome_analysis\group_analysis\fnt\nmt_swcs\251637\460.swc,b741339ff2306ea9ef6b6d19ac45d48668ad8e127fdb800a4405d7dda1ac46e4,1,"[13405.8, 42792.5, 23123.2]","[53.6232, 171.17, 92.4928]",251637|462.swc,0.2371195301969049,"[""Henry_coarse_INS_visual_annotation"", ""original_portal_INS_label""]",0,,Atlas background,L,4,WM,"[54, 171, 92]",228,CL_Ia/Id,CL_agranular_and_dysgranular_insula,L,2,GM,"[53, 171, 92]",0,,Atlas background,L,4,WM,"[54, 171, 92]"
251637|461.swc,D:\projectome_analysis\group_analysis\fnt\nmt_swcs\251637\461.swc,c684851a8bf902f703a537f06bdf9a6c154c8bdc049204f7c18ea005487ff3b9,1,"[13490.2, 42567.5, 23191.5]","[53.960800000000006, 170.27, 92.766]",251637|460.swc,0.2498267936006815,"[""Henry_coarse_INS_visual_annotation""]",0,,Atlas background,L,4,WM,"[54, 170, 93]",228,CL_Ia/Id,CL_agranular_and_dysgranular_insula,L,2,GM,"[53, 170, 92]",0,,Atlas background,L,4,WM,"[54, 170, 93]"
251637|469.swc,D:\projectome_analysis\group_analysis\fnt\nmt_swcs\251637\469.swc,dba435e8b33ef6349c00e8dcb47f37135e3c8fb250324f457d5bd2810def5b0c,1,"[13639.2, 42674.0, 24142.5]","[54.5568, 170.696, 96.57]",251637|422.swc,0.27591860800119855,"[""Henry_coarse_INS_visual_annotation""]",0,,Atlas background,L,4,WM,"[55, 171, 97]",0,,Atlas background,L,4,WM,"[54, 170, 96]",0,,Atlas background,L,4,WM,"[55, 171, 97]"
252384|047.swc,D:\projectome_analysis\neuron-vis\resource\swc\252384\047.swc,9d83804fb337e16eedf1761e4506fadc3491ad78b72d0b0b4bb6172dd46a0739,1,"[18686.750000000004, 51034.5, 19262.5]","[74.74700000000001, 204.138, 77.05]",252384|048.swc,0.3903349925425594,"[""original_portal_INS_label""]",0,,Atlas background,L,4,WM,"[75, 204, 77]",0,,Atlas background,L,4,WM,"[74, 204, 77]",0,,Atlas background,L,4,WM,"[75, 204, 77]"
252384|050.swc,D:\projectome_analysis\neuron-vis\resource\swc\252384\050.swc,8228daf717b19186422134271e30b82051c1aa68fb92546766cc662d07925522,1,"[18857.750000000004, 50879.00000000001, 19604.5]","[75.43100000000001, 203.51600000000002, 78.418]",252384|048.swc,0.6156745539676002,"[""original_portal_INS_label""]",0,,Atlas background,L,4,WM,"[75, 204, 78]",1004,SL_Cl,SL_claustrum,L,3,scGM,"[75, 203, 78]",0,,Atlas background,L,4,WM,"[75, 204, 78]"
252384|051.swc,D:\projectome_analysis\neuron-vis\resource\swc\252384\051.swc,1e0ad58346eb5d7b576493adb9c47ac8e6457e39080f7aacff8030570f570ff5,1,"[18672.25, 50976.74999999999, 20176.75]","[74.689, 203.90699999999998, 80.707]",252384|048.swc,0.9885457754098402,"[""original_portal_INS_label""]",0,,Atlas background,L,4,WM,"[75, 204, 81]",0,,Atlas background,L,4,WM,"[74, 203, 80]",0,,Atlas background,L,4,WM,"[75, 204, 81]"
252384|052.swc,D:\projectome_analysis\neuron-vis\resource\swc\252384\052.swc,491c31d167f433345d200da2f3f1ddf08d5bb8822d5890a08c8fd7880fdf1949,1,"[18384.0, 50905.75, 19352.0]","[73.536, 203.623, 77.408]",252384|053.swc,0.4087620307235995,"[""original_portal_INS_label""]",0,,Atlas background,L,4,WM,"[74, 204, 77]",0,,Atlas background,L,4,WM,"[73, 203, 77]",0,,Atlas background,L,4,WM,"[74, 204, 77]"
252384|076.swc,D:\projectome_analysis\neuron-vis\resource\swc\252384\076.swc,73dc1b86b1693f7721ed939ccf3c11c7c6bee551c39bf37593cd96e0d4a4add0,1,"[45413.65, 52559.25, 21303.75]","[181.65460000000002, 210.237, 85.215]",252384|077.swc,0.7983214792602803,"[""original_portal_INS_label""]",0,,Atlas background,R,4,WM,"[182, 210, 85]",0,,Atlas background,R,4,WM,"[181, 210, 85]",0,,Atlas background,R,4,WM,"[182, 210, 85]"
252384|078.swc,D:\projectome_analysis\neuron-vis\resource\swc\252384\078.swc,cf07c0c4fd9ed560780c795e7bc0f566d6ecb564661fd18b0279c2bfecc8a16f,1,"[45055.375, 52058.49999999999, 20886.5]","[180.2215, 208.23399999999998, 83.546]",252384|077.swc,0.8160712592916849,"[""original_portal_INS_label""]",0,,Atlas background,R,4,WM,"[180, 208, 84]",0,,Atlas background,R,4,WM,"[180, 208, 83]",0,,Atlas background,R,4,WM,"[180, 208, 84]"
252384|081.swc,D:\projectome_analysis\neuron-vis\resource\swc\252384\081.swc,92cc8f3a2e9adf61a73dda370fa0620092ed837bca3672c24b0c57f10c696597,1,"[45336.05, 51633.25000000001, 20198.25]","[181.3442, 206.53300000000002, 80.793]",252384|077.swc,0.9298227148069047,"[""original_portal_INS_label""]",0,,Atlas background,R,4,WM,"[181, 207, 81]",0,,Atlas background,R,4,WM,"[181, 206, 80]",0,,Atlas background,R,4,WM,"[181, 207, 81]"
252385|048.swc,D:\projectome_analysis\neuron-vis\resource\swc\252385\048.swc,593bdef3c6ec54fb30eda8c6ff89ad1f9fec1268afdfd5be20c2f418b92628e5,1,"[18823.500000000004, 52413.75, 22122.5]","[75.29400000000001, 209.655, 88.49]",252385|037.swc,2.9266841902878116,"[""original_portal_INS_label""]",0,,Atlas background,L,4,WM,"[75, 210, 88]",1004,SL_Cl,SL_claustrum,L,3,scGM,"[75, 209, 88]",0,,Atlas background,L,4,WM,"[75, 210, 88]"
252790|102.swc,D:\projectome_analysis\neuron-vis\resource\swc\252790\102.swc,1f4b7033487ba0f6ef597dee6dda95a817675175792a5c522740a81337ea1c5a,1,"[46332.725, 51858.5, 20699.0]","[185.33089999999999, 207.434, 82.796]",252790|062.swc,0.48336153235573304,"[""original_portal_INS_label""]",0,,Atlas background,R,4,WM,"[185, 207, 83]",542,CR_Ial,CR_lateral_agranular_insula_area,R,2,GM,"[185, 207, 82]",0,,Atlas background,R,4,WM,"[185, 207, 83]"
252790|103.swc,D:\projectome_analysis\neuron-vis\resource\swc\252790\103.swc,98f45ac26aaa1bd465a995ee967c6e5e2974a30eb048c969770af6b3c38ca178,1,"[45587.95, 53417.425, 23078.0]","[182.3518, 213.6697, 92.312]",252790|063.swc,2.3292497245596655,"[""original_portal_INS_label""]",0,,Atlas background,R,4,WM,"[182, 214, 92]",0,,Atlas background,R,4,WM,"[182, 213, 92]",0,,Atlas background,R,4,WM,"[182, 214, 92]"
252790|117.swc,D:\projectome_analysis\neuron-vis\resource\swc\252790\117.swc,0e3690bce1d562b8824188bd32ffc2321fa985562dc8c1656952a4e7b5e9b0be,1,"[19719.749999999996, 53891.774999999994, 22894.0]","[78.87899999999999, 215.56709999999998, 91.576]",252790|118.swc,0.48958474560157667,"[""original_portal_INS_label""]",0,,Atlas background,L,4,WM,"[79, 216, 92]",0,,Atlas background,L,4,WM,"[78, 215, 91]",0,,Atlas background,L,4,WM,"[79, 216, 92]"
252790|121.swc,D:\projectome_analysis\neuron-vis\resource\swc\252790\121.swc,44632a973783dd56e38adda88b10daa108d6d28ade7b647303f701f780159865,1,"[20147.25, 53512.825, 22829.75]","[80.589, 214.0513, 91.319]",252790|118.swc,0.9613678310850269,"[""original_portal_INS_label""]",0,,Atlas background,L,4,WM,"[81, 214, 91]",0,,Atlas background,L,4,WM,"[80, 214, 91]",0,,Atlas background,L,4,WM,"[81, 214, 91]"
252790|032.swc,D:\projectome_analysis\neuron-vis\resource\swc\252790\032.swc,163a1c84c95339a1bf091ab7ce1aefe496dcf030b92e690f946af26770ce5ae6,1,"[17853.749999999996, 37685.75, 28873.875]","[71.41499999999999, 150.743, 115.4955]",252790|033.swc,0.18102325111078926,"[""original_portal_INS_label""]",0,,Atlas background,L,4,WM,"[71, 151, 115]",229,CL_Ig,CL_granular_insula,L,2,GM,"[71, 150, 115]",0,,Atlas background,L,4,WM,"[71, 151, 115]"
252718|162.swc,D:\projectome_analysis\neuron-vis\resource\swc\252718\162.swc,429a726f5346febd1fa7ad2613b3e2893b0ad517a20691516b083143ff04b775,1,"[14081.249999999996, 41214.25, 30382.25]","[56.32499999999999, 164.857, 121.529]",252718|163.swc,0.28697852442446037,"[""original_portal_INS_label""]",0,,Atlas background,L,4,WM,"[56, 165, 122]",229,CL_Ig,CL_granular_insula,L,2,GM,"[56, 164, 121]",0,,Atlas background,L,4,WM,"[56, 165, 122]"
252383|121.swc,D:\projectome_analysis\neuron-vis\resource\swc\252383\121.swc,32b7bb7b3a369ee34f550c9dfa094c2e0cb21b54c1acc5bb26a6ceefb0c9d7e0,1,"[48979.4, 41515.0, 30714.75]","[195.9176, 166.06, 122.859]",252383|122.swc,0.3961716265476902,"[""original_portal_INS_label""]",0,,Atlas background,R,4,WM,"[196, 166, 123]",729,CR_Ig,CR_granular_insula,R,2,GM,"[195, 166, 122]",0,,Atlas background,R,4,WM,"[196, 166, 123]"
252790|035.swc,D:\projectome_analysis\neuron-vis\resource\swc\252790\035.swc,a2e29f5bad8c5ea8f33029b034d8c18195c470b2bc5cbb1a98b5c4cfac1a93ce,1,"[17732.5, 38477.5, 29270.824999999997]","[70.93, 153.91, 117.0833]",252790|034.swc,0.4814724394190784,"[""original_portal_INS_label""]",0,,Atlas background,L,4,WM,"[71, 154, 117]",229,CL_Ig,CL_granular_insula,L,2,GM,"[70, 153, 117]",0,,Atlas background,L,4,WM,"[71, 154, 117]"
252383|120.swc,D:\projectome_analysis\neuron-vis\resource\swc\252383\120.swc,ade14ef69664f86aa79ef92a3d3247cfb944a69ba90bc9d6122e35f1d7a14eb3,1,"[48859.15, 41584.5, 30746.9]","[195.4366, 166.338, 122.9876]",252383|122.swc,0.5244627313459739,"[""original_portal_INS_label""]",0,,Atlas background,R,4,WM,"[195, 166, 123]",729,CR_Ig,CR_granular_insula,R,2,GM,"[195, 166, 122]",0,,Atlas background,R,4,WM,"[195, 166, 123]"
252790|031.swc,D:\projectome_analysis\neuron-vis\resource\swc\252790\031.swc,62858fd5fb4cccad1f527538fe899622e69701bb6dd23d0735d0b8cccd9771dd,1,"[17393.250000000004, 38419.75, 28723.775]","[69.57300000000001, 153.679, 114.8951]",252790|112.swc,0.6544959958328859,"[""original_portal_INS_label""]",0,,Atlas background,L,4,WM,"[70, 154, 115]",229,CL_Ig,CL_granular_insula,L,2,GM,"[69, 153, 114]",0,,Atlas background,L,4,WM,"[70, 154, 115]"
252790|036.swc,D:\projectome_analysis\neuron-vis\resource\swc\252790\036.swc,2de49b3514d5cf3689a8e5ccf42959ee177c810c2a2ee21a0c34c2c09272a7fb,1,"[18153.750000000004, 36880.25, 28830.625]","[72.61500000000001, 147.521, 115.3225]",252790|033.swc,0.8674604805300572,"[""original_portal_INS_label""]",0,,Atlas background,L,4,WM,"[73, 148, 115]",229,CL_Ig,CL_granular_insula,L,2,GM,"[72, 147, 115]",0,,Atlas background,L,4,WM,"[73, 148, 115]"
252383|126.swc,D:\projectome_analysis\neuron-vis\resource\swc\252383\126.swc,00b5a1f6ec86217aaa2560818ce024522f42a0baa73c7a4b9722af4ac417ed1c,1,"[48018.575, 40710.75, 30648.025]","[192.0743, 162.843, 122.5921]",252383|122.swc,1.2399322007638305,"[""original_portal_INS_label""]",0,,Atlas background,R,4,WM,"[192, 163, 123]",729,CR_Ig,CR_granular_insula,R,2,GM,"[192, 162, 122]",0,,Atlas background,R,4,WM,"[192, 163, 123]"
252383|127.swc,D:\projectome_analysis\neuron-vis\resource\swc\252383\127.swc,f7738bc36803607a3603eb9c88d1344ac6d6b5d78a56105330d67e9a177aa18e,1,"[47806.325000000004, 40041.75, 30713.100000000002]","[191.2253, 160.167, 122.8524]",252383|122.swc,1.774850825057254,"[""original_portal_INS_label""]",0,,Atlas background,R,4,WM,"[191, 160, 123]",729,CR_Ig,CR_granular_insula,R,2,GM,"[191, 160, 122]",0,,Atlas background,R,4,WM,"[191, 160, 123]"
252383|090.swc,D:\projectome_analysis\neuron-vis\resource\swc\252383\090.swc,51c75044a725e7c24467e7bdbc681ae1cebbdb25cac9b2be7118673931aa540d,1,"[15487.499999999996, 42011.75, 30441.625]","[61.94999999999999, 168.047, 121.7665]",252383|091.swc,1.8680701300868614,"[""original_portal_INS_label""]",0,,Atlas background,L,4,WM,"[62, 168, 122]",229,CL_Ig,CL_granular_insula,L,2,GM,"[61, 168, 121]",0,,Atlas background,L,4,WM,"[62, 168, 122]"
252790|037.swc,D:\projectome_analysis\neuron-vis\resource\swc\252790\037.swc,cc0c284f722f366ee2613c894c76b75e598b979178f6616bf10132ed2fdbf48d,1,"[17660.249999999996, 37957.75, 28942.05]","[70.64099999999999, 151.831, 115.7682]",252790|033.swc,0.3616541171913269,"[""original_portal_INS_label""]",0,,Atlas background,L,4,WM,"[71, 152, 116]",229,CL_Ig,CL_granular_insula,L,2,GM,"[70, 151, 115]",0,,Atlas background,L,4,WM,"[71, 152, 116]"
252383|118.swc,D:\projectome_analysis\neuron-vis\resource\swc\252383\118.swc,e8aa8f1aa46785af0a778aa1ab3536008e4ac47a5b16e532f7f9a904d4661e4e,1,"[49258.6, 42266.25, 30385.575]","[197.0344, 169.065, 121.5423]",252383|125.swc,0.4023939102942817,"[""original_portal_INS_label""]",0,,Atlas background,R,4,WM,"[197, 169, 122]",729,CR_Ig,CR_granular_insula,R,2,GM,"[197, 169, 121]",0,,Atlas background,R,4,WM,"[197, 169, 122]"
252383|119.swc,D:\projectome_analysis\neuron-vis\resource\swc\252383\119.swc,207cec24602ecbba1e94f39d4ff7990a24a76f843327dd42691c19a39b53296d,1,"[48885.05, 42905.0, 30395.9]","[195.5402, 171.62, 121.5836]",252383|125.swc,1.1169512446300598,"[""original_portal_INS_label""]",0,,Atlas background,R,4,WM,"[196, 172, 122]",729,CR_Ig,CR_granular_insula,R,2,GM,"[195, 171, 121]",0,,Atlas background,R,4,WM,"[196, 172, 122]"
252383|094.swc,D:\projectome_analysis\neuron-vis\resource\swc\252383\094.swc,e6e8569fc589b50f6aa3f33943d39234886a3829fd16f37437a0db8e32547c7a,1,"[14774.0, 42041.75, 30459.3]","[59.096, 168.167, 121.8372]",252383|091.swc,1.46931043094481,"[""original_portal_INS_label""]",0,,Atlas background,L,4,WM,"[59, 168, 122]",229,CL_Ig,CL_granular_insula,L,2,GM,"[59, 168, 121]",0,,Atlas background,L,4,WM,"[59, 168, 122]"
252383|097.swc,D:\projectome_analysis\neuron-vis\resource\swc\252383\097.swc,ccb8a6e85fe616606226d0ecd24708be385c2545b8933f6301fe00debc8c21dc,1,"[14819.499999999998, 42382.75, 30427.375]","[59.27799999999999, 169.531, 121.7095]",252383|091.swc,1.7973350998972737,"[""original_portal_INS_label""]",0,,Atlas background,L,4,WM,"[59, 170, 122]",229,CL_Ig,CL_granular_insula,L,2,GM,"[59, 169, 121]",0,,Atlas background,L,4,WM,"[59, 170, 122]"
252383|123.swc,D:\projectome_analysis\neuron-vis\resource\swc\252383\123.swc,069a335dbb7fb8c75c4dfd3912e89f80941f066779ed580c9ac4cbc8435e02f5,1,"[48972.1, 41045.5, 30786.149999999998]","[195.8884, 164.182, 123.1446]",252383|122.swc,0.2859126497555492,"[""original_portal_INS_label""]",0,,Atlas background,R,4,WM,"[196, 164, 123]",0,,Atlas background,R,4,WM,"[195, 164, 123]",0,,Atlas background,R,4,WM,"[196, 164, 123]"
252790|116.swc,D:\projectome_analysis\neuron-vis\resource\swc\252790\116.swc,20dd01ec087fa9f49019ad3a15bf90b6c9b874ca790fcdc4b24b8406d72b15dc,1,"[18023.000000000004, 38443.5, 29350.65]","[72.09200000000001, 153.774, 117.4026]",252790|034.swc,0.4586360893787574,"[""original_portal_INS_label""]",0,,Atlas background,L,4,WM,"[72, 154, 117]",0,,Atlas background,L,4,WM,"[72, 153, 117]",0,,Atlas background,L,4,WM,"[72, 154, 117]"
252790|115.swc,D:\projectome_analysis\neuron-vis\resource\swc\252790\115.swc,edb6398d9f70feedeab0ef6da2be6679347dd8e85c9a330cbd3776b903250d43,1,"[18125.0, 38005.25, 28608.875]","[72.5, 152.021, 114.4355]",252790|033.swc,0.6426195286186692,"[""original_portal_INS_label""]",0,,Atlas background,L,4,WM,"[72, 152, 114]",0,,Atlas background,L,4,WM,"[72, 152, 114]",0,,Atlas background,L,4,WM,"[73, 152, 114]"
252383|124.swc,D:\projectome_analysis\neuron-vis\resource\swc\252383\124.swc,7d473f7fb784501c6b8b3c7342a68cabe09a992c1361d581246a3e4b26d209f5,1,"[50199.525, 41873.0, 30374.575]","[200.7981, 167.492, 121.4983]",252383|125.swc,0.9041715203219409,"[""original_portal_INS_label""]",0,,Atlas background,R,4,WM,"[201, 167, 121]",595,CR_SII,CR_secondary_somatosensory_cortex,R,2,GM,"[200, 167, 121]",0,,Atlas background,R,4,WM,"[201, 167, 121]"
252384|080.swc,D:\projectome_analysis\neuron-vis\resource\swc\252384\080.swc,c3fbab8f63803e5284a2d347056616ceb8c6474675fbbc869faeee4bf62fd6ee,1,"[46855.225000000006, 50694.50000000001, 20941.5]","[187.42090000000002, 202.77800000000002, 83.766]",252384|077.swc,1.8772916983146977,"[""original_portal_INS_label""]",0,,Atlas background,R,4,WM,"[187, 203, 84]",0,,Atlas background,R,4,WM,"[187, 202, 83]",0,,Atlas background,R,4,WM,"[187, 203, 84]"
252383|117.swc,D:\projectome_analysis\neuron-vis\resource\swc\252383\117.swc,f2ab40d8850201d3e54a85f2931fcf13f08c5d681a5bbb695192c32b3e683652,1,"[48867.62500000001, 41978.0, 30627.524999999998]","[195.47050000000002, 167.912, 122.5101]",252383|125.swc,0.5242739165749118,"[""original_portal_INS_label""]",0,,Atlas background,R,4,WM,"[195, 168, 123]",0,,Atlas background,R,4,WM,"[195, 167, 122]",0,,Atlas background,R,4,WM,"[195, 168, 123]"
252385|021.swc,D:\projectome_analysis\neuron-vis\resource\swc\252385\021.swc,aff241b868d65fea3ad1c11a31f35a976f5966ac9ba887e6a34b2fd3cc6bb7a2,1,"[14715.000000000004, 48488.25, 28190.100000000002]","[58.860000000000014, 193.953, 112.7604]",252385|025.swc,1.3775002488859494,"[""original_portal_INS_label""]",0,,Atlas background,L,4,WM,"[59, 194, 113]",48,CL_G,CL_gustatory_cortex,L,2,GM,"[58, 193, 112]",0,,Atlas background,L,4,WM,"[59, 194, 113]"
252383|095.swc,D:\projectome_analysis\neuron-vis\resource\swc\252383\095.swc,fef97953b470145a16b4baf0638c73a2bb8e0dd7ffc624bad04cb720ab425dad,1,"[14882.5, 41985.75, 30621.024999999998]","[59.53, 167.943, 122.4841]",252383|091.swc,1.49120441140797,"[""original_portal_INS_label""]",0,,Atlas background,L,4,WM,"[60, 168, 122]",0,,Atlas background,L,4,WM,"[59, 167, 122]",0,,Atlas background,L,4,WM,"[60, 168, 122]"
252383|036.swc,D:\projectome_analysis\neuron-vis\resource\swc\252383\036.swc,e938558942e660308d9f514abb1ea057c693e0eebb9e1a14948c632e92770843,1,"[47323.799999999996, 37987.75, 31231.35]","[189.2952, 151.951, 124.9254]",252383|018.swc,1.604865214826862,"[""original_portal_INS_label""]",0,,Atlas background,R,4,WM,"[189, 152, 125]",624,CR_area_7op,CR_parietal_operculum,R,2,GM,"[189, 151, 124]",0,,Atlas background,R,4,WM,"[189, 152, 125]"
252385|022.swc,D:\projectome_analysis\neuron-vis\resource\swc\252385\022.swc,e6b7ce31ec2d2c583f659b907ac383196c67595c394d87796f0d73f8d9f0fa98,1,"[14685.749999999998, 48614.75, 28400.425]","[58.742999999999995, 194.459, 113.6017]",252385|025.swc,1.6225973617882656,"[""original_portal_INS_label""]",0,,Atlas background,L,4,WM,"[59, 194, 114]",48,CL_G,CL_gustatory_cortex,L,2,GM,"[58, 194, 113]",0,,Atlas background,L,4,WM,"[59, 194, 114]"
252383|096.swc,D:\projectome_analysis\neuron-vis\resource\swc\252383\096.swc,c138aeae79915b97cf401ca468e43b3589c47252587d96fc19e0607f12529610,1,"[15179.499999999998, 42294.25, 30565.550000000003]","[60.71799999999999, 169.177, 122.2622]",252383|091.swc,1.8977809924752107,"[""original_portal_INS_label""]",0,,Atlas background,L,4,WM,"[61, 169, 122]",0,,Atlas background,L,4,WM,"[60, 169, 122]",0,,Atlas background,L,4,WM,"[61, 169, 122]"
