NeuronUID,node_id,parent_id,native_x_um,native_y_um,native_z_um,full_graph_axon_leaf,declared_ARM6_index
252383::124.swc,4334,4333,15788.21484375,20577.8828125,27305.21484375,False,729
252383::124.swc,4335,4334,15795.52734375,20581.83203125,27298.90625,False,729
252383::124.swc,4336,4335,15798.125,20582.04296875,27296.52734375,False,729
252383::124.swc,4901,4336,15801.0390625,20583.29296875,27293.125,False,729
252383::124.swc,4902,4901,15809.23828125,20587.49609375,27290.515625,False,729
252383::124.swc,4903,4902,15816.0,20589.859375,27289.39453125,False,729
252383::124.swc,4904,4903,15821.65234375,20592.05859375,27290.8671875,False,729
252383::124.swc,4905,4904,15824.1796875,20592.83203125,27289.609375,False,729
252383::124.swc,5394,4905,15821.12890625,20595.2578125,27300.01171875,False,729
252383::124.swc,5395,5394,15816.4921875,20598.63671875,27301.5,False,729
252383::124.swc,5396,5395,15810.55859375,20604.80078125,27299.76171875,False,729
252383::124.swc,5397,5396,15804.9765625,20607.21875,27294.77734375,False,729
252383::124.swc,5398,5397,15798.32421875,20611.0625,27291.43359375,False,729
252383::124.swc,5399,5398,15796.48828125,20614.25,27292.4453125,True,729
252383::124.swc,5400,4905,15826.1328125,20593.85546875,27285.1796875,False,729
252383::124.swc,5401,5400,15831.83984375,20598.203125,27282.40234375,False,729
252383::124.swc,5402,5401,15838.6484375,20601.88671875,27283.05859375,False,729
252383::124.swc,5403,5402,15844.13671875,20605.265625,27278.19921875,False,729
252383::124.swc,5404,5403,15850.20703125,20614.44140625,27280.0859375,False,729
252383::124.swc,5405,5404,15854.8046875,20624.51171875,27281.03515625,False,729
252383::124.swc,5406,5405,15858.0,20630.83203125,27283.26171875,False,729
252383::124.swc,5407,5406,15862.0859375,20637.62109375,27283.83203125,False,729
252383::124.swc,5408,5407,15864.76953125,20640.75,27288.98046875,False,729
252383::124.swc,5856,5408,15865.45703125,20644.4453125,27294.34375,False,729
252383::124.swc,5857,5856,15865.0234375,20648.06640625,27301.70703125,True,729
252383::124.swc,5858,5408,15874.4296875,20642.54296875,27291.4453125,False,729
252383::124.swc,5859,5858,15879.05078125,20642.51953125,27296.08203125,False,729
252383::124.swc,5860,5859,15882.6796875,20644.328125,27297.57421875,False,729
252383::124.swc,5861,5860,15887.01171875,20645.1796875,27295.83984375,False,729
252383::124.swc,5862,5861,15890.62890625,20646.71484375,27298.27734375,False,729
252383::124.swc,5863,5862,15891.8125,20649.47265625,27298.5,True,729
