node_count,edge_count,selected_axon_edges,zero_length_axon_edges,edge_length_by_child_type_mm,selected_axon_length_mm,in_reference_length_mm,outside_reference_length_mm,fast_same_voxel_edges,compartment_policy,length_space,coordinate_frame,in_brain_mask_length_mm,outside_brain_mask_in_FOV_length_mm,AnimalID,SampleID,NeuronID,Subregion,AnatomyStatus,RegistrationStatus,SWCSHA256
47341,47340,45811,0,"{'2': 430.65916135577464, '3': 14.5178001562464, '10': 0.0071741288669794736}",430.65916135577464,430.6591613557748,0.0,43294,child SWC type == 2; transitions included,reference template; native tissue length not established,atlas_index_um,430.6591613557748,0.0,331,252385,021.swc,NearINS_L,candidate_only_not_anatomically_accepted,cached_NMT_export_not_independently_anatomically_accepted,aff241b868d65fea3ad1c11a31f35a976f5966ac9ba887e6a34b2fd3cc6bb7a2
7964,7963,6556,0,"{'2': 63.06949124186883, '3': 13.381177423336979, '10': 0.005857687256927332}",63.06949124186883,63.06949124186883,0.0,6192,child SWC type == 2; transitions included,reference template; native tissue length not established,atlas_index_um,63.069491241868846,0.0,331,252385,022.swc,NearINS_L,candidate_only_not_anatomically_accepted,cached_NMT_export_not_independently_anatomically_accepted,e6b7ce31ec2d2c583f659b907ac383196c67595c394d87796f0d73f8d9f0fa98
518,517,235,0,"{'2': 2.1390691263282084, '3': 2.51462799177368, '10': 0.014966698800622914}",2.1390691263282084,2.1390691263282084,0.0,227,child SWC type == 2; transitions included,reference template; native tissue length not established,atlas_index_um,2.1390691263282084,0.0,605,252383,095.swc,NearINS_L,candidate_only_not_anatomically_accepted,cached_NMT_export_not_independently_anatomically_accepted,fef97953b470145a16b4baf0638c73a2bb8e0dd7ffc624bad04cb720ab425dad
3325,3324,2666,0,"{'2': 29.140507735247777, '3': 5.168990674107871}",29.140507735247777,29.140507735247777,0.0,2497,child SWC type == 2; transitions included,reference template; native tissue length not established,atlas_index_um,29.140507735247784,0.0,605,252383,096.swc,NearINS_L,candidate_only_not_anatomically_accepted,cached_NMT_export_not_independently_anatomically_accepted,c138aeae79915b97cf401ca468e43b3589c47252587d96fc19e0607f12529610
869,868,150,0,"{'2': 1.1653395353957738, '3': 5.917416500477154}",1.1653395353957738,1.1653395353957736,2.220446049250313e-16,146,child SWC type == 2; transitions included,reference template; native tissue length not established,atlas_index_um,1.1653395353957736,0.0,605,252383,123.swc,NearINS_R,candidate_only_not_anatomically_accepted,cached_NMT_export_not_independently_anatomically_accepted,069a335dbb7fb8c75c4dfd3912e89f80941f066779ed580c9ac4cbc8435e02f5
7176,7175,5936,0,"{'2': 50.77088507117301, '3': 10.567067531353642}",50.77088507117301,50.770885071173005,7.105427357601002e-15,5614,child SWC type == 2; transitions included,reference template; native tissue length not established,atlas_index_um,50.770885071173005,0.0,605,252383,124.swc,NearINS_R,candidate_only_not_anatomically_accepted,cached_NMT_export_not_independently_anatomically_accepted,7d473f7fb784501c6b8b3c7342a68cabe09a992c1361d581246a3e4b26d209f5
16599,16598,15427,0,"{'2': 166.17066077222864, '3': 9.850105255606895}",166.17066077222864,166.17066077222862,2.842170943040401e-14,14418,child SWC type == 2; transitions included,reference template; native tissue length not established,atlas_index_um,166.17066077222867,0.0,605,252383,117.swc,NearINS_R,candidate_only_not_anatomically_accepted,cached_NMT_export_not_independently_anatomically_accepted,f2ab40d8850201d3e54a85f2931fcf13f08c5d681a5bbb695192c32b3e683652
2936,2935,2223,0,"{'2': 24.658455300714664, '3': 5.89754131349347}",24.658455300714664,24.65845530071467,0.0,2084,child SWC type == 2; transitions included,reference template; native tissue length not established,atlas_index_um,24.65845530071467,0.0,605,252383,036.swc,NearINS_R,candidate_only_not_anatomically_accepted,cached_NMT_export_not_independently_anatomically_accepted,e938558942e660308d9f514abb1ea057c693e0eebb9e1a14948c632e92770843
1858,1857,1160,0,"{'2': 9.681452225307599, '3': 5.87208641713109}",9.681452225307599,9.681452225307599,0.0,1102,child SWC type == 2; transitions included,reference template; native tissue length not established,atlas_index_um,9.681452225307599,0.0,605,252383,090.swc,OriginCandidate_L,candidate_only_not_anatomically_accepted,cached_NMT_export_not_independently_anatomically_accepted,51c75044a725e7c24467e7bdbc681ae1cebbdb25cac9b2be7118673931aa540d
2179,2178,1819,0,"{'2': 15.964872989970686, '3': 2.896668503187103}",15.964872989970686,15.964872989970686,0.0,1736,child SWC type == 2; transitions included,reference template; native tissue length not established,atlas_index_um,15.964872989970685,0.0,605,252383,094.swc,OriginCandidate_L,candidate_only_not_anatomically_accepted,cached_NMT_export_not_independently_anatomically_accepted,e6e8569fc589b50f6aa3f33943d39234886a3829fd16f37437a0db8e32547c7a
4730,4729,4128,0,"{'2': 34.092153713775474, '3': 5.399803060434578}",34.092153713775474,34.09215371377548,0.0,3878,child SWC type == 2; transitions included,reference template; native tissue length not established,atlas_index_um,34.09215371377549,0.0,605,252383,097.swc,OriginCandidate_L,candidate_only_not_anatomically_accepted,cached_NMT_export_not_independently_anatomically_accepted,ccb8a6e85fe616606226d0ecd24708be385c2545b8933f6301fe00debc8c21dc
1776,1775,779,0,"{'2': 8.224286725026799, '3': 8.536694446406837}",8.224286725026799,8.224286725026799,0.0,739,child SWC type == 2; transitions included,reference template; native tissue length not established,atlas_index_um,8.224286725026799,0.0,605,252383,121.swc,OriginCandidate_R,candidate_only_not_anatomically_accepted,cached_NMT_export_not_independently_anatomically_accepted,32b7bb7b3a369ee34f550c9dfa094c2e0cb21b54c1acc5bb26a6ceefb0c9d7e0
3287,3286,2595,0,"{'2': 28.187380243032543, '3': 5.534571335301294}",28.187380243032543,28.187380243032546,0.0,2437,child SWC type == 2; transitions included,reference template; native tissue length not established,atlas_index_um,28.187380243032543,0.0,605,252383,120.swc,OriginCandidate_R,candidate_only_not_anatomically_accepted,cached_NMT_export_not_independently_anatomically_accepted,ade14ef69664f86aa79ef92a3d3247cfb944a69ba90bc9d6122e35f1d7a14eb3
8366,8365,6815,0,"{'2': 67.30443725472574, '3': 12.832559328611627}",67.30443725472574,67.30443725472576,0.0,6427,child SWC type == 2; transitions included,reference template; native tissue length not established,atlas_index_um,67.30443725472574,0.0,605,252383,126.swc,OriginCandidate_R,candidate_only_not_anatomically_accepted,cached_NMT_export_not_independently_anatomically_accepted,00b5a1f6ec86217aaa2560818ce024522f42a0baa73c7a4b9722af4ac417ed1c
13645,13644,12407,0,"{'2': 147.68208950958464, '3': 10.427250291044217, '10': 0.007335061349432228}",147.68208950958464,147.6820895095847,0.0,11558,child SWC type == 2; transitions included,reference template; native tissue length not established,atlas_index_um,147.68208950958464,0.0,605,252383,127.swc,OriginCandidate_R,candidate_only_not_anatomically_accepted,cached_NMT_export_not_independently_anatomically_accepted,f7738bc36803607a3603eb9c88d1344ac6d6b5d78a56105330d67e9a177aa18e
7694,7693,7152,0,"{'2': 62.39788899583086, '3': 4.729652777053118, '11': 0.00511199569639974}",62.39788899583086,62.39788899583087,0.0,6758,child SWC type == 2; transitions included,reference template; native tissue length not established,atlas_index_um,62.39788899583086,0.0,605,252383,118.swc,OriginCandidate_R,candidate_only_not_anatomically_accepted,cached_NMT_export_not_independently_anatomically_accepted,e8aa8f1aa46785af0a778aa1ab3536008e4ac47a5b16e532f7f9a904d4661e4e
6429,6428,5359,0,"{'0': 0.5475895427326514, '2': 47.399480404214394, '3': 8.374714252917057}",47.399480404214394,47.399480404214394,0.0,5066,child SWC type == 2; transitions included,reference template; native tissue length not established,atlas_index_um,47.399480404214394,0.0,605,252383,119.swc,OriginCandidate_R,candidate_only_not_anatomically_accepted,cached_NMT_export_not_independently_anatomically_accepted,207cec24602ecbba1e94f39d4ff7990a24a76f843327dd42691c19a39b53296d
1983,1982,1848,0,"{'2': 22.77035684373748, '3': 1.395285499060278}",22.77035684373748,22.77035684373748,0.0,1713,child SWC type == 2; transitions included,reference template; native tissue length not established,atlas_index_um,22.77035684373748,0.0,797,252790,116.swc,NearINS_L,candidate_only_not_anatomically_accepted,cached_NMT_export_not_independently_anatomically_accepted,20dd01ec087fa9f49019ad3a15bf90b6c9b874ca790fcdc4b24b8406d72b15dc
20039,20038,18907,0,"{'2': 209.98098888748365, '3': 12.138618723177597}",209.98098888748365,209.9809888874836,5.684341886080802e-14,17660,child SWC type == 2; transitions included,reference template; native tissue length not established,atlas_index_um,209.98098888748362,0.0,797,252790,115.swc,NearINS_L,candidate_only_not_anatomically_accepted,cached_NMT_export_not_independently_anatomically_accepted,edb6398d9f70feedeab0ef6da2be6679347dd8e85c9a330cbd3776b903250d43
23587,23586,22347,0,"{'0': 0.25023006998375, '2': 246.2729127146838, '3': 12.062137413339135, '10': 0.013238792429822543, '11': 0.027749660014969514}",246.2729127146838,246.27291271468383,0.0,20939,child SWC type == 2; transitions included,reference template; native tissue length not established,atlas_index_um,246.2729127146838,0.0,797,252790,032.swc,OriginCandidate_L,candidate_only_not_anatomically_accepted,cached_NMT_export_not_independently_anatomically_accepted,163a1c84c95339a1bf091ab7ce1aefe496dcf030b92e690f946af26770ce5ae6
34521,34520,32964,0,"{'2': 369.47242173193956, '3': 16.120960877865265}",369.47242173193956,369.4724217319397,0.0,30839,child SWC type == 2; transitions included,reference template; native tissue length not established,atlas_index_um,369.4724217319398,0.0,797,252790,035.swc,OriginCandidate_L,candidate_only_not_anatomically_accepted,cached_NMT_export_not_independently_anatomically_accepted,a2e29f5bad8c5ea8f33029b034d8c18195c470b2bc5cbb1a98b5c4cfac1a93ce
5208,5207,4159,0,"{'2': 39.254525393134394, '3': 9.926277621155418, '11': 0.006282366194360684}",39.254525393134394,39.2545253931344,0.0,3941,child SWC type == 2; transitions included,reference template; native tissue length not established,atlas_index_um,39.2545253931344,0.0,797,252790,031.swc,OriginCandidate_L,candidate_only_not_anatomically_accepted,cached_NMT_export_not_independently_anatomically_accepted,62858fd5fb4cccad1f527538fe899622e69701bb6dd23d0735d0b8cccd9771dd
54584,54583,53230,0,"{'2': 608.5783161288273, '3': 14.390664518387432, '10': 0.0029244657631783337}",608.5783161288273,608.5783161288276,0.0,49604,child SWC type == 2; transitions included,reference template; native tissue length not established,atlas_index_um,608.5783161288274,0.0,797,252790,036.swc,OriginCandidate_L,candidate_only_not_anatomically_accepted,cached_NMT_export_not_independently_anatomically_accepted,2de49b3514d5cf3689a8e5ccf42959ee177c810c2a2ee21a0c34c2c09272a7fb
39649,39648,39205,0,"{'2': 434.4429092788835, '3': 4.420531494495452, '10': 0.022485884461150716}",434.4429092788835,434.4429092788836,0.0,36685,child SWC type == 2; transitions included,reference template; native tissue length not established,atlas_index_um,434.4429092788835,0.0,797,252790,037.swc,OriginCandidate_L,candidate_only_not_anatomically_accepted,cached_NMT_export_not_independently_anatomically_accepted,cc0c284f722f366ee2613c894c76b75e598b979178f6616bf10132ed2fdbf48d
343,342,284,0,"{'2': 3.510076152746681, '3': 0.6180365522810352}",3.510076152746681,3.5100761527466813,0.0,265,child SWC type == 2; transitions included,reference template; native tissue length not established,atlas_index_um,3.5100761527466813,0.0,900,252718,162.swc,OriginCandidate_L,candidate_only_not_anatomically_accepted,cached_NMT_export_not_independently_anatomically_accepted,429a726f5346febd1fa7ad2613b3e2893b0ad517a20691516b083143ff04b775
44464,44463,43115,0,"{'2': 380.27680783832886, '3': 12.202539227294391, '10': 0.02852624129791423}",380.27680783832886,380.27680783832875,1.1368683772161603e-13,40849,child SWC type == 2; transitions included,reference template; native tissue length not established,atlas_index_um,379.7351930682127,0.5416147701160078,948,252384,080.swc,NearINS_R,candidate_only_not_anatomically_accepted,cached_NMT_export_not_independently_anatomically_accepted,c3fbab8f63803e5284a2d347056616ceb8c6474675fbbc869faeee4bf62fd6ee
