SampleID,NeuronID,verified_monkey_id,portal_region,portal_INS_flag,spatial_candidate_flag,selection_group,ARMIndex,OfficialARMFullName,source_root_index_xyz,source_sha256,source_path,native_pair_available,visual_manifest_present,visual_context_coverage_status,animal_aggregation_exclusion_reason
250432,116.swc,,Ig_229,True,True,AtlasINS_R,729,CR_granular_insula,"[189.768, 166.837, 118.8425]",83b2f6094fcf258fb50e19b565093473b5d928c83a74f83e73d0e8ce592ffdc2,D:\projectome_analysis\neuron-vis\resource\swc\250432\116.swc,True,True,derived_partial,Exact sample/channel absent from animal registry; no animal ID inferred
250432,117.swc,,Ig_229,True,True,AtlasINS_R,729,CR_granular_insula,"[189.671, 166.287, 118.5914]",87bfead9956f86dfdfd752881a4031672400adc0857fd66078aaedde83f01712,D:\projectome_analysis\neuron-vis\resource\swc\250432\117.swc,True,True,derived_partial,Exact sample/channel absent from animal registry; no animal ID inferred
250432,123.swc,,Ig_229,True,True,AtlasINS_R,729,CR_granular_insula,"[189.543, 166.362, 116.2741]",24e2abb7413c3a74909314a29e4838b3f059ba6a8a678467d353783b42fda1fa,D:\projectome_analysis\neuron-vis\resource\swc\250432\123.swc,True,True,derived_partial,Exact sample/channel absent from animal registry; no animal ID inferred
250432,126.swc,,Ig_229,True,True,AtlasINS_R,729,CR_granular_insula,"[191.836, 168.65, 115.3326]",bd577f8719c64bcaf0044fc031aeab292c5b4961ac1d9da140c29b433209f15a,D:\projectome_analysis\neuron-vis\resource\swc\250432\126.swc,True,True,derived_partial,Exact sample/channel absent from animal registry; no animal ID inferred
250432,128.swc,,Ig_229,True,True,AtlasINS_R,729,CR_granular_insula,"[191.198, 170.168, 117.364]",6608fdb1af98fc42c271aa2cec6c60c4cf287dd17ac61200f58f0ce264544e67,D:\projectome_analysis\neuron-vis\resource\swc\250432\128.swc,True,True,derived_partial,Exact sample/channel absent from animal registry; no animal ID inferred
250432,131.swc,,Ig_229,True,True,AtlasINS_R,729,CR_granular_insula,"[189.033, 164.151, 119.5509]",259342f08731f6552214309f8435aadadce3c4c361dc3ee4b230362f60462402,D:\projectome_analysis\neuron-vis\resource\swc\250432\131.swc,True,True,derived_partial,Exact sample/channel absent from animal registry; no animal ID inferred
250432,184.swc,,Ia/Id_228,True,True,AtlasINS_L,228,CL_agranular_and_dysgranular_insula,"[56.973, 185.735, 106.5201]",0e221095dd414c66ad451655b24bb55cbca0dfd60b45380f827c98469edbebb0,D:\projectome_analysis\neuron-vis\resource\swc\250432\184.swc,True,True,derived_partial,Exact sample/channel absent from animal registry; no animal ID inferred
250432,185.swc,,Cl_304,False,True,Candidate_L,1004,SL_claustrum,"[69.0683, 209.974, 98.849]",b9a3a6b1fb07acf2b0749bebbe40fe3906d4d66c3dca12b91ab8312ac09447c6,D:\projectome_analysis\neuron-vis\resource\swc\250432\185.swc,True,True,derived_partial,Exact sample/channel absent from animal registry; no animal ID inferred
250432,187.swc,,Cl_304,False,True,Candidate_L,1004,SL_claustrum,"[67.9877, 205.929, 99.363]",555cba9f436e7496a92165d881b405d3bb643000bca7035c23d55e838f44cfea,D:\projectome_analysis\neuron-vis\resource\swc\250432\187.swc,True,True,derived_partial,Exact sample/channel absent from animal registry; no animal ID inferred
250432,188.swc,,Ia/Id_228,True,True,AtlasINS_L,228,CL_agranular_and_dysgranular_insula,"[58.0578, 184.511, 109.5327]",93bc2ef1389fb8ff4bfa71792d32562e5420edbbe8c13519be08d2e0359ab4ff,D:\projectome_analysis\neuron-vis\resource\swc\250432\188.swc,True,True,derived_partial,Exact sample/channel absent from animal registry; no animal ID inferred
250432,189.swc,,Cl_304,False,True,Candidate_L,1004,SL_claustrum,"[58.2921, 177.464, 94.212]",823b11d2169072c9689ad17311c9d738b0bfc910b805c2489cf53a121dc7556e,D:\projectome_analysis\neuron-vis\resource\swc\250432\189.swc,True,True,derived_partial,Exact sample/channel absent from animal registry; no animal ID inferred
250432,190.swc,,Cl_304,False,True,Candidate_L,1004,SL_claustrum,"[59.9593, 185.309, 92.335]",135c061a0ac8777e97735da5be1d215229abc3a7ef783cb6f9f054a299078be2,D:\projectome_analysis\neuron-vis\resource\swc\250432\190.swc,True,True,derived_partial,Exact sample/channel absent from animal registry; no animal ID inferred
250432,191.swc,,Cl_304,False,True,Candidate_L,1004,SL_claustrum,"[60.8996, 186.731, 94.141]",85d1c40e339efe43aa4e92d70feeb6bb55f9fc05eaa38aef89f602b82303c5fa,D:\projectome_analysis\neuron-vis\resource\swc\250432\191.swc,True,True,derived_partial,Exact sample/channel absent from animal registry; no animal ID inferred
250432,192.swc,,Cl_304,False,True,Candidate_L,1004,SL_claustrum,"[60.3485, 189.763, 96.69]",5e6f65794281eab6dc475d6143bc81e045cc308faa3c53c6ede1d5853a04c9b3,D:\projectome_analysis\neuron-vis\resource\swc\250432\192.swc,True,True,derived_partial,Exact sample/channel absent from animal registry; no animal ID inferred
250432,193.swc,,,False,True,Candidate_L,0,Atlas label 0 (unassigned),"[56.2684, 188.727, 96.897]",95ad27076ba7c0007173a3c169bc33fde328522b096deda2d305c422953ce3a4,D:\projectome_analysis\neuron-vis\resource\swc\250432\193.swc,True,True,derived_partial,Exact sample/channel absent from animal registry; no animal ID inferred
250432,194.swc,,Cl_304,False,True,Candidate_L,1004,SL_claustrum,"[59.8828, 186.632, 92.213]",23a40cdf683aa8b7f9ece88c7bb544419cbf121aa7f6145d9417e838aa8d2752,D:\projectome_analysis\neuron-vis\resource\swc\250432\194.swc,True,True,derived_partial,Exact sample/channel absent from animal registry; no animal ID inferred
250432,195.swc,,,False,True,Candidate_L,0,Atlas label 0 (unassigned),"[57.1437, 185.74599999999998, 96.04]",c0f423d205d0d0750f4c7222a42c8faaf72677675166a1d85504032411c0729a,D:\projectome_analysis\neuron-vis\resource\swc\250432\195.swc,True,True,derived_partial,Exact sample/channel absent from animal registry; no animal ID inferred
250432,196.swc,,Cl_304,False,True,Candidate_L,1004,SL_claustrum,"[58.8654, 185.074, 98.296]",cae2114dc0761aa5c9118645055af775171a46fab86a92e68c967c66b83aab6f,D:\projectome_analysis\neuron-vis\resource\swc\250432\196.swc,True,True,derived_partial,Exact sample/channel absent from animal registry; no animal ID inferred
250432,198.swc,,SII_95,False,True,Candidate_L,95,CL_secondary_somatosensory_cortex,"[57.4679, 184.026, 112.3203]",e40515b81a3a4ee37373dbe61185ad14a333010c2f6f45594242eaae3c9f6952,D:\projectome_analysis\neuron-vis\resource\swc\250432\198.swc,True,True,derived_partial,Exact sample/channel absent from animal registry; no animal ID inferred
250432,199.swc,,SII_95,False,True,Candidate_L,95,CL_secondary_somatosensory_cortex,"[58.4559, 183.911, 112.3947]",42f3f183f057c2434f2323a55989719f61c6f1a8178c970b6611bec6748a393d,D:\projectome_analysis\neuron-vis\resource\swc\250432\199.swc,True,True,derived_partial,Exact sample/channel absent from animal registry; no animal ID inferred
250432,200.swc,,Cl_304,False,True,Candidate_L,1004,SL_claustrum,"[59.9339, 185.68200000000002, 98.624]",f8f13a5487e16c4565801d4f61de7cb6eb8111be2b19af1c7dd0c21f45159ab2,D:\projectome_analysis\neuron-vis\resource\swc\250432\200.swc,True,True,derived_partial,Exact sample/channel absent from animal registry; no animal ID inferred
250432,202.swc,,Cl_304,False,True,Candidate_L,1004,SL_claustrum,"[58.285, 181.543, 97.78]",a466eaa6ab5c30e3b36ffae23fa04c6b30435fd5f881902d5f36663debeb84cf,D:\projectome_analysis\neuron-vis\resource\swc\250432\202.swc,True,True,derived_partial,Exact sample/channel absent from animal registry; no animal ID inferred
250432,203.swc,,Cl_304,False,True,Candidate_L,1004,SL_claustrum,"[61.1074, 189.954, 97.107]",091239e2520fcbd9593fa887ad280fc86b6a1d05b34c66e755ffd1ad3ae26fa1,D:\projectome_analysis\neuron-vis\resource\swc\250432\203.swc,True,True,derived_partial,Exact sample/channel absent from animal registry; no animal ID inferred
250432,204.swc,,Cl_304,False,True,Candidate_L,1004,SL_claustrum,"[62.2253, 185.353, 101.5402]",ba595810b85a1b08e878382d44adc6772a13ff76dc0ff0c791671fe061592c85,D:\projectome_analysis\neuron-vis\resource\swc\250432\204.swc,True,True,derived_partial,Exact sample/channel absent from animal registry; no animal ID inferred
250432,205.swc,,,False,True,Candidate_L,0,Atlas label 0 (unassigned),"[58.269, 192.826, 92.783]",df1d32960839acecd577cc28576fc90a9ae2ecf0500a29f2b64a0e61badd21e8,D:\projectome_analysis\neuron-vis\resource\swc\250432\205.swc,True,True,derived_partial,Exact sample/channel absent from animal registry; no animal ID inferred
250432,206.swc,,Cl_304,False,True,Candidate_L,1004,SL_claustrum,"[61.2663, 186.638, 101.5214]",dd62650d7437fa37e40027ac0f84cf5e7b1a10a86acf474a1f9681d430aa9901,D:\projectome_analysis\neuron-vis\resource\swc\250432\206.swc,True,True,derived_partial,Exact sample/channel absent from animal registry; no animal ID inferred
250432,207.swc,,Cl_304,False,True,Candidate_L,1004,SL_claustrum,"[60.8135, 192.126, 95.188]",eb56fe1adda63ccaad710ccfbf6be31ccf6d536ab54890986d159701f66958d9,D:\projectome_analysis\neuron-vis\resource\swc\250432\207.swc,True,True,derived_partial,Exact sample/channel absent from animal registry; no animal ID inferred
250432,209.swc,,Cl_304,False,True,Candidate_L,1004,SL_claustrum,"[60.3116, 186.054, 100.0442]",3b5d41612e3b8d9cd189245a776256e815ac8cc89a89f6f2a1d71c4ca7207959,D:\projectome_analysis\neuron-vis\resource\swc\250432\209.swc,True,True,derived_partial,Exact sample/channel absent from animal registry; no animal ID inferred
250432,210.swc,,,False,True,Candidate_L,0,Atlas label 0 (unassigned),"[66.9116, 210.485, 98.613]",ccfea90d89fa2be8b9963c8b40b4e0c29acada3a79c9201aa9b97cff7d37956b,D:\projectome_analysis\neuron-vis\resource\swc\250432\210.swc,True,True,derived_partial,Exact sample/channel absent from animal registry; no animal ID inferred
