requested_k,cluster,variable,value,count,fraction
2,1,AnimalID,936,2,1.0
2,1,SampleID,251637,2,1.0
2,1,Hemisphere,L,2,1.0
2,1,EvidenceSourceGroup,HumanINS_L,2,1.0
2,1,SourceCohort,main,2,1.0
2,1,ARMFullName,CL_agranular_and_dysgranular_insula,2,1.0
2,1,Henry_coarse_INS_visual_evidence,True,2,1.0
2,2,AnimalID,936,226,0.5305164319248826
2,2,AnimalID,331,55,0.12910798122065728
2,2,AnimalID,797,52,0.12206572769953052
2,2,AnimalID,945,25,0.05868544600938967
2,2,AnimalID,605,20,0.046948356807511735
2,2,AnimalID,948,18,0.04225352112676056
2,2,AnimalID,631,16,0.03755868544600939
2,2,AnimalID,900,14,0.03286384976525822
2,2,SampleID,251637,226,0.5305164319248826
2,2,SampleID,252385,55,0.12910798122065728
2,2,SampleID,252790,52,0.12206572769953052
2,2,SampleID,252527,25,0.05868544600938967
2,2,SampleID,252383,20,0.046948356807511735
2,2,SampleID,252384,18,0.04225352112676056
2,2,SampleID,252714,16,0.03755868544600939
2,2,SampleID,252718,14,0.03286384976525822
2,2,Hemisphere,R,228,0.5352112676056338
2,2,Hemisphere,L,198,0.4647887323943662
2,2,EvidenceSourceGroup,HumanINS_R,136,0.3192488262910798
2,2,EvidenceSourceGroup,HumanINS_L,89,0.20892018779342722
2,2,EvidenceSourceGroup,AtlasINS_L,58,0.13615023474178403
2,2,EvidenceSourceGroup,Candidate_R,44,0.10328638497652583
2,2,EvidenceSourceGroup,AtlasINS_R,31,0.07276995305164319
2,2,EvidenceSourceGroup,Candidate_L,19,0.04460093896713615
2,2,EvidenceSourceGroup,G_exploratory_L,17,0.03990610328638498
2,2,EvidenceSourceGroup,OriginCandidate_L,9,0.02112676056338028
2,2,EvidenceSourceGroup,G_exploratory_R,7,0.01643192488262911
2,2,EvidenceSourceGroup,OriginCandidate_R,6,0.014084507042253521
2,2,EvidenceSourceGroup,NearINS_L,6,0.014084507042253521
2,2,EvidenceSourceGroup,NearINS_R,4,0.009389671361502348
2,2,SourceCohort,main,401,0.9413145539906104
2,2,SourceCohort,preview,25,0.05868544600938967
2,2,ARMFullName,CR_precentral_operular_area,64,0.15023474178403756
2,2,ARMFullName,CR_lateral_agranular_insula_area,62,0.14553990610328638
2,2,ARMFullName,CR_agranular_and_dysgranular_insula,52,0.12206572769953052
2,2,ARMFullName,Atlas background,50,0.11737089201877934
2,2,ARMFullName,CL_agranular_and_dysgranular_insula,41,0.09624413145539906
2,2,ARMFullName,CL_lateral_agranular_insula_area,36,0.08450704225352113
2,2,ARMFullName,CL_granular_insula,33,0.07746478873239436
2,2,ARMFullName,CL_intermediate_agranular_insula_area,26,0.06103286384976526
2,2,ARMFullName,CL_gustatory_cortex,25,0.05868544600938967
2,2,ARMFullName,CR_intermediate_agranular_insula_area,12,0.028169014084507043
2,2,ARMFullName,CR_granular_insula,7,0.01643192488262911
2,2,ARMFullName,CR_gustatory_cortex,7,0.01643192488262911
2,2,ARMFullName,SR_claustrum,5,0.011737089201877934
2,2,ARMFullName,SL_claustrum,4,0.009389671361502348
2,2,ARMFullName,CL_posterior_lateral_agranular_insula_area,1,0.002347417840375587
2,2,ARMFullName,CR_secondary_somatosensory_cortex,1,0.002347417840375587
2,2,Henry_coarse_INS_visual_evidence,True,225,0.528169014084507
2,2,Henry_coarse_INS_visual_evidence,False,201,0.47183098591549294
