requested_k,cluster,TargetID,ARMIndex,ARMFullName,TargetHemisphere,n_neurons,n_animals,mean_neuron_relative_profile,equal_contributing_animal_relative_profile,target_presence_fraction
2,1,ARM6_pair_Subcortex_1152_1652_ipsilateral,1152|1652,ipsilateral: SL_anterior_pulvinar | SR_anterior_pulvinar,ipsilateral,2,1,0.6954176641354433,0.6954176641354433,1.0
2,1,ARM6_pair_Subcortex_1125_1625_ipsilateral,1125|1625,ipsilateral: SL_limitans_thalamus | SR_limitans_thalamus,ipsilateral,2,1,0.21808276020869805,0.21808276020869805,1.0
2,1,ARM6_pair_Subcortex_1121_1621_ipsilateral,1121|1621,ipsilateral: SL_centromedial-parafascicular_thalamus | SR_centromedial-parafascicular_thalamus,ipsilateral,2,1,0.0482182915268604,0.0482182915268604,1.0
2,1,ARM6_pair_Subcortex_1159_1659_ipsilateral,1159|1659,ipsilateral: SL_medial_geniculate | SR_medial_geniculate,ipsilateral,2,1,0.01615288397647644,0.01615288397647644,1.0
2,1,ARM6_pair_Subcortex_1112_1612_ipsilateral,1112|1612,ipsilateral: SL_zona_incerta_and_lenticular_fascicles | SR_zona_incerta_and_lenticular_fascicles,ipsilateral,2,1,0.015766417079848584,0.015766417079848584,0.5
2,1,ARM6_pair_Subcortex_1153_1653_ipsilateral,1153|1653,ipsilateral: SL_medial_pulvinar | SR_medial_pulvinar,ipsilateral,2,1,0.006361983072673349,0.006361983072673349,0.5
2,1,ARM6_pair_Cortex_100_600_contralateral,100|600,contralateral: CL_ventral_visual_area_6A | CR_ventral_visual_area_6A,contralateral,2,1,0.0,0.0,0.0
2,1,ARM6_pair_Cortex_100_600_ipsilateral,100|600,ipsilateral: CL_ventral_visual_area_6A | CR_ventral_visual_area_6A,ipsilateral,2,1,0.0,0.0,0.0
2,1,ARM6_pair_Cortex_101_601_contralateral,101|601,contralateral: CL_dorsal_visual_area_6A | CR_dorsal_visual_area_6A,contralateral,2,1,0.0,0.0,0.0
2,1,ARM6_pair_Cortex_101_601_ipsilateral,101|601,ipsilateral: CL_dorsal_visual_area_6A | CR_dorsal_visual_area_6A,ipsilateral,2,1,0.0,0.0,0.0
2,1,ARM6_pair_Cortex_104_604_contralateral,104|604,contralateral: CL_areas_PEc_and_PEci | CR_areas_PEc_and_PEci,contralateral,2,1,0.0,0.0,0.0
2,1,ARM6_pair_Cortex_104_604_ipsilateral,104|604,ipsilateral: CL_areas_PEc_and_PEci | CR_areas_PEc_and_PEci,ipsilateral,2,1,0.0,0.0,0.0
2,1,ARM6_pair_Cortex_105_605_contralateral,105|605,contralateral: CL_area_PE | CR_area_PE,contralateral,2,1,0.0,0.0,0.0
2,1,ARM6_pair_Cortex_105_605_ipsilateral,105|605,ipsilateral: CL_area_PE | CR_area_PE,ipsilateral,2,1,0.0,0.0,0.0
2,1,ARM6_pair_Cortex_106_606_contralateral,106|606,contralateral: CL_area_PEa | CR_area_PEa,contralateral,2,1,0.0,0.0,0.0
2,1,ARM6_pair_Cortex_106_606_ipsilateral,106|606,ipsilateral: CL_area_PEa | CR_area_PEa,ipsilateral,2,1,0.0,0.0,0.0
2,1,ARM6_pair_Cortex_108_608_contralateral,108|608,contralateral: CL_medial_intraparietal_area | CR_medial_intraparietal_area,contralateral,2,1,0.0,0.0,0.0
2,1,ARM6_pair_Cortex_108_608_ipsilateral,108|608,ipsilateral: CL_medial_intraparietal_area | CR_medial_intraparietal_area,ipsilateral,2,1,0.0,0.0,0.0
2,1,ARM6_pair_Cortex_10_510_contralateral,10|510,contralateral: CL_area_24c | CR_area_24c,contralateral,2,1,0.0,0.0,0.0
2,1,ARM6_pair_Cortex_10_510_ipsilateral,10|510,ipsilateral: CL_area_24c | CR_area_24c,ipsilateral,2,1,0.0,0.0,0.0
2,2,ARM6_pair_Cortex_42_542_ipsilateral,42|542,ipsilateral: CL_lateral_agranular_insula_area | CR_lateral_agranular_insula_area,ipsilateral,426,8,0.10292885502577186,0.10918514156146886,0.4225352112676056
2,2,ARM6_pair_Cortex_49_549_ipsilateral,49|549,ipsilateral: CL_precentral_operular_area | CR_precentral_operular_area,ipsilateral,426,8,0.09890661341044325,0.10485093997902893,0.3286384976525822
2,2,ARM6_pair_Cortex_48_548_ipsilateral,48|548,ipsilateral: CL_gustatory_cortex | CR_gustatory_cortex,ipsilateral,426,8,0.04764107432693677,0.10208011517838449,0.19014084507042253
2,2,ARM6_pair_Cortex_229_729_ipsilateral,229|729,ipsilateral: CL_granular_insula | CR_granular_insula,ipsilateral,426,8,0.08170377395560295,0.0994129000310105,0.23943661971830985
2,2,ARM6_pair_Cortex_228_728_ipsilateral,228|728,ipsilateral: CL_agranular_and_dysgranular_insula | CR_agranular_and_dysgranular_insula,ipsilateral,426,8,0.207631593093082,0.08825327543722271,0.4835680751173709
2,2,ARM6_pair_Cortex_95_595_ipsilateral,95|595,ipsilateral: CL_secondary_somatosensory_cortex | CR_secondary_somatosensory_cortex,ipsilateral,426,8,0.032124618918910976,0.06167922333263308,0.22300469483568075
2,2,ARM6_pair_Cortex_86_586_ipsilateral,86|586,ipsilateral: CL_area_F5_of_ventral_premotor_cortex | CR_area_F5_of_ventral_premotor_cortex,ipsilateral,426,8,0.035697179109169516,0.049754262758657346,0.15492957746478872
2,2,ARM6_pair_Subcortex_1056_1556_ipsilateral,1056|1556,ipsilateral: SL_putamen | SR_putamen,ipsilateral,426,8,0.05815195303323415,0.049160204850305575,0.284037558685446
2,2,ARM6_pair_Subcortex_1004_1504_ipsilateral,1004|1504,ipsilateral: SL_claustrum | SR_claustrum,ipsilateral,426,8,0.04324670306558177,0.0460958222703086,0.34507042253521125
2,2,ARM6_pair_Cortex_41_541_ipsilateral,41|541,ipsilateral: CL_intermediate_agranular_insula_area | CR_intermediate_agranular_insula_area,ipsilateral,426,8,0.06073443724489306,0.04550311703590607,0.3286384976525822
2,2,ARM6_pair_Cortex_94_594_ipsilateral,94|594,ipsilateral: CL_areas_1-2 | CR_areas_1-2,ipsilateral,426,8,0.005951010712959614,0.015915305362228755,0.04225352112676056
2,2,ARM6_pair_Cortex_85_585_ipsilateral,85|585,ipsilateral: CL_area_F4_of_ventral_premotor_cortex | CR_area_F4_of_ventral_premotor_cortex,ipsilateral,426,8,0.006480874079056482,0.011360888161549705,0.046948356807511735
2,2,ARM6_pair_Cortex_33_533_ipsilateral,33|533,ipsilateral: CL_lateral_area_13 | CR_lateral_area_13,ipsilateral,426,8,0.008141955295215128,0.009693409921356031,0.09154929577464789
2,2,ARM6_pair_Cortex_124_624_ipsilateral,124|624,ipsilateral: CL_parietal_operculum | CR_parietal_operculum,ipsilateral,426,8,0.011001021173796154,0.009533677977117417,0.056338028169014086
2,2,ARM6_pair_Cortex_214_714_ipsilateral,214|714,ipsilateral: CL_caudomedial_belt_region | CR_caudomedial_belt_region,ipsilateral,426,8,0.003687582073162819,0.007137215306440073,0.03286384976525822
2,2,ARM6_pair_Cortex_43_543_ipsilateral,43|543,ipsilateral: CL_posterior_lateral_agranular_insula_area | CR_posterior_lateral_agranular_insula_area,ipsilateral,426,8,0.00847859851169494,0.007053920552621183,0.13615023474178403
2,2,ARM6_pair_Cortex_82_582_ipsilateral,82|582,ipsilateral: CL_caudal_dorsal_premotor_cortex | CR_caudal_dorsal_premotor_cortex,ipsilateral,426,8,0.0025759490938925948,0.006850657344219618,0.009389671361502348
2,2,ARM6_pair_Cortex_36_536_ipsilateral,36|536,ipsilateral: CL_orbital_area_12 | CR_orbital_area_12,ipsilateral,426,8,0.010716079222447559,0.006770395075638319,0.10093896713615023
2,2,ARM6_pair_Subcortex_1146_1646_ipsilateral,1146|1646,ipsilateral: SL_ventroposterior_inferior_thalamus | SR_ventroposterior_inferior_thalamus,ipsilateral,426,8,0.002527235280316952,0.00626990236708232,0.009389671361502348
2,2,ARM6_pair_Cortex_158_658_ipsilateral,158|658,ipsilateral: CL_middle_entorhinal_cortex | CR_middle_entorhinal_cortex,ipsilateral,426,8,0.0022858860565707095,0.005410316674960984,0.03051643192488263
