analysis,requested_k,scheme,cluster,jaccard_mean,jaccard_p05,assessed_repeats
all_axon_hellinger,2,within_animal_stratified,1,0.9875538133348509,0.9775280898876404,100
all_axon_hellinger,2,within_animal_stratified,2,0.9857000271412129,0.9745222929936306,100
all_axon_hellinger,3,within_animal_stratified,1,0.9533598239449114,0.9010989010989011,100
all_axon_hellinger,3,within_animal_stratified,2,0.9812567232121908,0.9681528662420382,100
all_axon_hellinger,3,within_animal_stratified,3,,,0
all_axon_hellinger,4,within_animal_stratified,1,0.9269160686720568,0.885806856187291,100
all_axon_hellinger,4,within_animal_stratified,2,0.9046038265627138,0.626298916190949,100
all_axon_hellinger,4,within_animal_stratified,3,,,0
all_axon_hellinger,4,within_animal_stratified,4,,,0
all_axon_hellinger,5,within_animal_stratified,1,0.8044771982874761,0.5,100
all_axon_hellinger,5,within_animal_stratified,2,0.9618659200382845,0.9235274471702696,100
all_axon_hellinger,5,within_animal_stratified,3,0.7582564577388324,0.6061844135802469,100
all_axon_hellinger,5,within_animal_stratified,4,,,0
all_axon_hellinger,5,within_animal_stratified,5,,,0
all_axon_hellinger,6,within_animal_stratified,1,0.815404384950387,0.5316666666666666,100
all_axon_hellinger,6,within_animal_stratified,2,0.26745425446232596,0.011789070657848939,88
all_axon_hellinger,6,within_animal_stratified,3,0.9300119176875872,0.7185185185185186,100
all_axon_hellinger,6,within_animal_stratified,4,0.6651114354447039,0.5451822446770118,100
all_axon_hellinger,6,within_animal_stratified,5,,,0
all_axon_hellinger,6,within_animal_stratified,6,,,0
all_axon_hellinger,7,within_animal_stratified,1,0.804739684454804,0.5316666666666666,100
all_axon_hellinger,7,within_animal_stratified,2,0.29340225961962685,0.011904761904761904,88
all_axon_hellinger,7,within_animal_stratified,3,0.8904156002726444,0.6627552213868003,100
all_axon_hellinger,7,within_animal_stratified,4,0.9223646812592199,0.8326666666666667,100
all_axon_hellinger,7,within_animal_stratified,5,0.9260109099080076,0.7454459691252144,100
all_axon_hellinger,7,within_animal_stratified,6,,,0
all_axon_hellinger,7,within_animal_stratified,7,,,0
all_axon_hellinger,8,within_animal_stratified,1,0.802194905704143,0.5448484848484848,100
all_axon_hellinger,8,within_animal_stratified,2,0.2994408105038366,0.012296447777020374,88
all_axon_hellinger,8,within_animal_stratified,3,0.44532798858704864,0.025292868936237126,100
all_axon_hellinger,8,within_animal_stratified,4,0.821714299445218,0.6034932629927996,100
all_axon_hellinger,8,within_animal_stratified,5,0.9239081652403275,0.832843137254902,100
all_axon_hellinger,8,within_animal_stratified,6,0.9167922080568044,0.7448113207547169,100
all_axon_hellinger,8,within_animal_stratified,7,,,0
all_axon_hellinger,8,within_animal_stratified,8,,,0
all_axon_hellinger,2,equal_animal_cap,1,0.9592299734049206,0.9047619047619048,100
all_axon_hellinger,2,equal_animal_cap,2,0.9637719908697043,0.9194545454545455,100
all_axon_hellinger,3,equal_animal_cap,1,0.8488671801747025,0.7073170731707317,100
all_axon_hellinger,3,equal_animal_cap,2,0.9112885935644891,0.6703754578754579,100
all_axon_hellinger,3,equal_animal_cap,3,,,0
all_axon_hellinger,4,equal_animal_cap,1,0.7901098251130808,0.5893261776982708,100
all_axon_hellinger,4,equal_animal_cap,2,0.7644246542757884,0.5599069767441861,100
all_axon_hellinger,4,equal_animal_cap,3,,,0
all_axon_hellinger,4,equal_animal_cap,4,,,0
all_axon_hellinger,5,equal_animal_cap,1,0.7072602290340864,0.20918203688853249,100
all_axon_hellinger,5,equal_animal_cap,2,0.8384993939563853,0.5858439201451905,100
all_axon_hellinger,5,equal_animal_cap,3,0.6521664806365166,0.40752254390128145,100
all_axon_hellinger,5,equal_animal_cap,4,,,0
all_axon_hellinger,5,equal_animal_cap,5,,,0
all_axon_hellinger,6,equal_animal_cap,1,0.7370838605838606,0.35714285714285715,100
all_axon_hellinger,6,equal_animal_cap,2,0.23658792678868068,0.0532051282051282,50
all_axon_hellinger,6,equal_animal_cap,3,0.7914595127547518,0.5804007820136853,100
all_axon_hellinger,6,equal_animal_cap,4,0.5745648242672348,0.3692687747035573,100
all_axon_hellinger,6,equal_animal_cap,5,,,0
all_axon_hellinger,6,equal_animal_cap,6,,,0
all_axon_hellinger,7,equal_animal_cap,1,0.7421390553890557,0.37976190476190474,100
all_axon_hellinger,7,equal_animal_cap,2,0.2851177573567191,0.06236559139784946,50
all_axon_hellinger,7,equal_animal_cap,3,0.7415044871804701,0.5170549860205033,100
all_axon_hellinger,7,equal_animal_cap,4,0.8107268018612757,0.39305555555555555,100
all_axon_hellinger,7,equal_animal_cap,5,0.6371456639172876,0.4129041248606466,100
all_axon_hellinger,7,equal_animal_cap,6,,,0
all_axon_hellinger,7,equal_animal_cap,7,,,0
all_axon_hellinger,8,equal_animal_cap,1,0.7353426573426576,0.4444444444444444,100
all_axon_hellinger,8,equal_animal_cap,2,0.31439925776310973,0.06548387096774193,50
all_axon_hellinger,8,equal_animal_cap,3,0.26378546006452885,0.05714285714285714,42
all_axon_hellinger,8,equal_animal_cap,4,0.6766958473162872,0.46606060606060606,100
all_axon_hellinger,8,equal_animal_cap,5,0.8203067454940397,0.39973684210526317,100
all_axon_hellinger,8,equal_animal_cap,6,0.6090381811755987,0.4606837606837607,100
all_axon_hellinger,8,equal_animal_cap,7,,,0
all_axon_hellinger,8,equal_animal_cap,8,,,0
all_axon_logrelative,2,within_animal_stratified,1,0.9971054020192501,0.9929991610738255,100
all_axon_logrelative,2,within_animal_stratified,2,0.9974740969133452,0.993936203645506,100
all_axon_logrelative,3,within_animal_stratified,1,0.9603503845895095,0.6316792974858655,100
all_axon_logrelative,3,within_animal_stratified,2,0.7484100421689804,0.04945054945054945,100
all_axon_logrelative,3,within_animal_stratified,3,0.979994219371624,0.9394574175824176,100
all_axon_logrelative,4,within_animal_stratified,1,0.9213327738848875,0.637522879804759,100
all_axon_logrelative,4,within_animal_stratified,2,0.852584888823683,0.34137137597791073,100
all_axon_logrelative,4,within_animal_stratified,3,0.7506103032921313,0.05054767434561547,100
all_axon_logrelative,4,within_animal_stratified,4,0.9730095791940618,0.920155884885008,100
all_axon_logrelative,5,within_animal_stratified,1,0.9734092843861345,0.935941850941851,100
all_axon_logrelative,5,within_animal_stratified,2,0.9412963681527664,0.8747983870967742,100
all_axon_logrelative,5,within_animal_stratified,3,0.7635189091059695,0.14285714285714285,100
all_axon_logrelative,5,within_animal_stratified,4,0.4582870737953382,0.017503295811783795,97
all_axon_logrelative,5,within_animal_stratified,5,0.9127586682142277,0.6783814189802214,100
all_axon_logrelative,6,within_animal_stratified,1,0.9778218032398297,0.9445246038365305,100
all_axon_logrelative,6,within_animal_stratified,2,0.920369906484333,0.8300544794188862,100
all_axon_logrelative,6,within_animal_stratified,3,,,0
all_axon_logrelative,6,within_animal_stratified,4,0.7764307943518712,0.14730679156908666,100
all_axon_logrelative,6,within_animal_stratified,5,0.6402576920859738,0.022866065232477445,97
all_axon_logrelative,6,within_animal_stratified,6,0.8605372802475558,0.6660818713450292,100
all_axon_logrelative,7,within_animal_stratified,1,0.9640565006951322,0.7534313725490196,100
all_axon_logrelative,7,within_animal_stratified,2,0.9153210423949107,0.8253550543024227,100
all_axon_logrelative,7,within_animal_stratified,3,0.5383718689052306,0.07685050798258346,100
all_axon_logrelative,7,within_animal_stratified,4,,,0
all_axon_logrelative,7,within_animal_stratified,5,0.8068046251057241,0.1612615207373272,100
all_axon_logrelative,7,within_animal_stratified,6,0.6661116189560518,0.024509950620978604,97
all_axon_logrelative,7,within_animal_stratified,7,0.7855073724547659,0.6439991183277616,100
all_axon_logrelative,8,within_animal_stratified,1,0.9277948101253642,0.7114755571531273,100
all_axon_logrelative,8,within_animal_stratified,2,0.9348265280158004,0.8447430696416498,100
all_axon_logrelative,8,within_animal_stratified,3,0.6660111142174953,0.0847457627118644,100
all_axon_logrelative,8,within_animal_stratified,4,,,0
all_axon_logrelative,8,within_animal_stratified,5,0.8158217512544291,0.17571157495256168,100
all_axon_logrelative,8,within_animal_stratified,6,0.7219229323313029,0.03185,97
all_axon_logrelative,8,within_animal_stratified,7,0.6285243808148967,0.374040404040404,100
all_axon_logrelative,8,within_animal_stratified,8,0.8095416871701208,0.5963855421686747,100
all_axon_logrelative,2,equal_animal_cap,1,0.9847784443213792,0.9420673076923077,100
all_axon_logrelative,2,equal_animal_cap,2,0.9820254840140563,0.9375,100
all_axon_logrelative,3,equal_animal_cap,1,0.9573853348397035,0.7537158259530228,100
all_axon_logrelative,3,equal_animal_cap,2,0.628048122328622,0.10852402745995424,100
all_axon_logrelative,3,equal_animal_cap,3,0.911823052134901,0.7803523035230353,100
all_axon_logrelative,4,equal_animal_cap,1,0.614577563181445,0.39580910852713175,100
all_axon_logrelative,4,equal_animal_cap,2,0.49960101761517933,0.24945652173913044,100
all_axon_logrelative,4,equal_animal_cap,3,0.7202960519872283,0.3633116883116883,100
all_axon_logrelative,4,equal_animal_cap,4,0.896470662405926,0.6661904761904761,100
all_axon_logrelative,5,equal_animal_cap,1,0.6304121317771656,0.3996969696969697,100
all_axon_logrelative,5,equal_animal_cap,2,0.5985859627960185,0.29846153846153844,100
all_axon_logrelative,5,equal_animal_cap,3,0.734994422244422,0.37410714285714286,100
all_axon_logrelative,5,equal_animal_cap,4,0.23205779858571732,0.053911806543385496,79
all_axon_logrelative,5,equal_animal_cap,5,0.8053396458948242,0.625,100
all_axon_logrelative,6,equal_animal_cap,1,0.6174282469503106,0.40625,100
all_axon_logrelative,6,equal_animal_cap,2,0.7011184554576692,0.340530303030303,100
all_axon_logrelative,6,equal_animal_cap,3,,,0
all_axon_logrelative,6,equal_animal_cap,4,0.7476958874458874,0.42589285714285713,100
all_axon_logrelative,6,equal_animal_cap,5,0.3324526821963304,0.05865546218487395,79
all_axon_logrelative,6,equal_animal_cap,6,0.781076880585312,0.6128136200716846,100
all_axon_logrelative,7,equal_animal_cap,1,0.5999226432464971,0.4253664302600473,100
all_axon_logrelative,7,equal_animal_cap,2,0.8125942763907618,0.34375,100
all_axon_logrelative,7,equal_animal_cap,3,0.48928929427213186,0.06666666666666667,69
all_axon_logrelative,7,equal_animal_cap,4,,,0
all_axon_logrelative,7,equal_animal_cap,5,0.7573228715728715,0.44365079365079363,100
all_axon_logrelative,7,equal_animal_cap,6,0.3865018256096247,0.06666666666666667,79
all_axon_logrelative,7,equal_animal_cap,7,0.7279474215966425,0.565752688172043,100
all_axon_logrelative,8,equal_animal_cap,1,0.5665308846063558,0.44722222222222224,100
all_axon_logrelative,8,equal_animal_cap,2,0.8316701081370887,0.34375,100
all_axon_logrelative,8,equal_animal_cap,3,0.5926846100759143,0.12000000000000001,69
all_axon_logrelative,8,equal_animal_cap,4,,,0
all_axon_logrelative,8,equal_animal_cap,5,0.7666562049062048,0.44365079365079363,100
all_axon_logrelative,8,equal_animal_cap,6,0.43588364987099165,0.11540740740740742,79
all_axon_logrelative,8,equal_animal_cap,7,0.39431437615895315,0.2,100
all_axon_logrelative,8,equal_animal_cap,8,0.7998160919376054,0.6105555555555556,100
Henry_only_axon_hellinger,2,within_animal_stratified,1,0.9935337555258567,0.9726027397260274,100
Henry_only_axon_hellinger,2,within_animal_stratified,2,0.9955677518897386,0.9816342279001972,100
Henry_only_axon_hellinger,3,within_animal_stratified,1,0.9062833634385713,0.7571428571428571,100
Henry_only_axon_hellinger,3,within_animal_stratified,2,0.6240843159579623,0.01732383808095952,92
Henry_only_axon_hellinger,3,within_animal_stratified,3,0.994095836706169,0.9811320754716981,100
Henry_only_axon_hellinger,4,within_animal_stratified,1,0.9616473065683485,0.9230769230769231,100
Henry_only_axon_hellinger,4,within_animal_stratified,2,0.9888572885841463,0.9682019255789748,100
Henry_only_axon_hellinger,4,within_animal_stratified,3,0.6586584381687725,0.018518518518518517,92
Henry_only_axon_hellinger,4,within_animal_stratified,4,0.8667415810475205,0.5043577981651376,100
Henry_only_axon_hellinger,5,within_animal_stratified,1,0.9708182206080812,0.9285714285714286,100
Henry_only_axon_hellinger,5,within_animal_stratified,2,0.9878782329569289,0.9515322580645161,100
Henry_only_axon_hellinger,5,within_animal_stratified,3,0.6861537197280159,0.03130647130647131,92
Henry_only_axon_hellinger,5,within_animal_stratified,4,0.8094194444599526,0.47501867064973863,100
Henry_only_axon_hellinger,5,within_animal_stratified,5,0.8031151677726914,0.5137894551225533,100
Henry_only_axon_hellinger,6,within_animal_stratified,1,0.9726237761636368,0.9285714285714286,100
Henry_only_axon_hellinger,6,within_animal_stratified,2,0.9799288143278365,0.9464285714285714,100
Henry_only_axon_hellinger,6,within_animal_stratified,3,0.727852660125059,0.11764705882352941,92
Henry_only_axon_hellinger,6,within_animal_stratified,4,0.8534585453887067,0.7374393904410067,100
Henry_only_axon_hellinger,6,within_animal_stratified,5,0.7982408193275965,0.6035849056603774,100
Henry_only_axon_hellinger,6,within_animal_stratified,6,,,0
Henry_only_axon_hellinger,7,within_animal_stratified,1,0.9726237761636368,0.9285714285714286,100
Henry_only_axon_hellinger,7,within_animal_stratified,2,0.7274577767497941,0.03419053185271771,71
Henry_only_axon_hellinger,7,within_animal_stratified,3,0.983891984738025,0.9473684210526315,100
Henry_only_axon_hellinger,7,within_animal_stratified,4,0.747292504560697,0.125,92
Henry_only_axon_hellinger,7,within_animal_stratified,5,0.8706386478003547,0.7673953201970444,100
Henry_only_axon_hellinger,7,within_animal_stratified,6,0.7407886337172458,0.6037573194534808,100
Henry_only_axon_hellinger,7,within_animal_stratified,7,,,0
Henry_only_axon_hellinger,8,within_animal_stratified,1,0.9726237761636368,0.9285714285714286,100
Henry_only_axon_hellinger,8,within_animal_stratified,2,0.7692082797679027,0.03419053185271771,71
Henry_only_axon_hellinger,8,within_animal_stratified,3,0.984990660571995,0.9473684210526315,100
Henry_only_axon_hellinger,8,within_animal_stratified,4,0.7825165350421106,0.13333333333333333,92
Henry_only_axon_hellinger,8,within_animal_stratified,5,0.871260756856216,0.7658413926499033,100
Henry_only_axon_hellinger,8,within_animal_stratified,6,0.8511289567233393,0.17953065349202785,100
Henry_only_axon_hellinger,8,within_animal_stratified,7,0.8475211359398293,0.6855545343137255,100
Henry_only_axon_hellinger,8,within_animal_stratified,8,,,0
all_endpoint_hellinger,2,within_animal_stratified,1,0.9395857988165679,0.5325443786982249,100
all_endpoint_hellinger,2,within_animal_stratified,2,,,0
all_endpoint_hellinger,3,within_animal_stratified,1,0.8999712742711182,0.5327380952380952,100
all_endpoint_hellinger,3,within_animal_stratified,2,0.8805495955994768,0.44807121661721067,100
all_endpoint_hellinger,3,within_animal_stratified,3,,,0
all_endpoint_hellinger,4,within_animal_stratified,1,0.9944570429382519,0.9776536312849162,100
all_endpoint_hellinger,4,within_animal_stratified,2,0.9918324305837964,0.9681323197041298,100
all_endpoint_hellinger,4,within_animal_stratified,3,,,0
all_endpoint_hellinger,4,within_animal_stratified,4,,,0
all_endpoint_hellinger,5,within_animal_stratified,1,0.9914908209015563,0.9731944360992609,100
all_endpoint_hellinger,5,within_animal_stratified,2,0.9874291917902375,0.9627212732919255,100
all_endpoint_hellinger,5,within_animal_stratified,3,,,0
all_endpoint_hellinger,5,within_animal_stratified,4,,,0
all_endpoint_hellinger,5,within_animal_stratified,5,,,0
all_endpoint_hellinger,6,within_animal_stratified,1,0.9804147955857695,0.9347990628942151,100
all_endpoint_hellinger,6,within_animal_stratified,2,0.7328730202574469,0.01282051282051282,69
all_endpoint_hellinger,6,within_animal_stratified,3,0.9802847299997789,0.96186336169688,100
all_endpoint_hellinger,6,within_animal_stratified,4,,,0
all_endpoint_hellinger,6,within_animal_stratified,5,,,0
all_endpoint_hellinger,6,within_animal_stratified,6,,,0
all_endpoint_hellinger,7,within_animal_stratified,1,0.9588002298639579,1.0,72
all_endpoint_hellinger,7,within_animal_stratified,2,0.9627175509391074,0.8842048401037165,100
all_endpoint_hellinger,7,within_animal_stratified,3,0.8469465985015112,0.013245033112582781,69
all_endpoint_hellinger,7,within_animal_stratified,4,0.9453761109788757,0.6620233269914798,100
all_endpoint_hellinger,7,within_animal_stratified,5,,,0
all_endpoint_hellinger,7,within_animal_stratified,6,,,0
all_endpoint_hellinger,7,within_animal_stratified,7,,,0
all_endpoint_hellinger,8,within_animal_stratified,1,0.9862645794966238,1.0,72
all_endpoint_hellinger,8,within_animal_stratified,2,0.17218912960440833,0.024320156994673395,100
all_endpoint_hellinger,8,within_animal_stratified,3,0.90721422846863,0.8405258149671557,100
all_endpoint_hellinger,8,within_animal_stratified,4,0.9277320799059929,0.6666666666666666,69
all_endpoint_hellinger,8,within_animal_stratified,5,0.8891837011146372,0.6432410914098812,100
all_endpoint_hellinger,8,within_animal_stratified,6,,,0
all_endpoint_hellinger,8,within_animal_stratified,7,,,0
all_endpoint_hellinger,8,within_animal_stratified,8,,,0
all_endpoint_hellinger,2,equal_animal_cap,1,0.7934090909090906,0.5113636363636364,100
all_endpoint_hellinger,2,equal_animal_cap,2,,,0
all_endpoint_hellinger,3,equal_animal_cap,1,0.836348143971533,0.44160652232023523,100
all_endpoint_hellinger,3,equal_animal_cap,2,0.8631558551491413,0.48694199411921946,100
all_endpoint_hellinger,3,equal_animal_cap,3,,,0
all_endpoint_hellinger,4,equal_animal_cap,1,0.8470395480695422,0.4994186046511628,100
all_endpoint_hellinger,4,equal_animal_cap,2,0.8828001103784014,0.5334336525307797,100
all_endpoint_hellinger,4,equal_animal_cap,3,,,0
all_endpoint_hellinger,4,equal_animal_cap,4,,,0
all_endpoint_hellinger,5,equal_animal_cap,1,0.8002477640779805,0.49709302325581395,100
all_endpoint_hellinger,5,equal_animal_cap,2,0.8290491748325595,0.5997872340425532,100
all_endpoint_hellinger,5,equal_animal_cap,3,,,0
all_endpoint_hellinger,5,equal_animal_cap,4,,,0
all_endpoint_hellinger,5,equal_animal_cap,5,,,0
all_endpoint_hellinger,6,equal_animal_cap,1,0.7278994737609433,0.43850174216027876,100
all_endpoint_hellinger,6,equal_animal_cap,2,,,0
all_endpoint_hellinger,6,equal_animal_cap,3,0.7305964523910278,0.4541586073500967,100
all_endpoint_hellinger,6,equal_animal_cap,4,,,0
all_endpoint_hellinger,6,equal_animal_cap,5,,,0
all_endpoint_hellinger,6,equal_animal_cap,6,,,0
all_endpoint_hellinger,7,equal_animal_cap,1,1.0,1.0,2
all_endpoint_hellinger,7,equal_animal_cap,2,0.6677096007095419,0.43850174216027876,100
all_endpoint_hellinger,7,equal_animal_cap,3,,,0
all_endpoint_hellinger,7,equal_animal_cap,4,0.6361925324132498,0.40404255319148935,100
all_endpoint_hellinger,7,equal_animal_cap,5,,,0
all_endpoint_hellinger,7,equal_animal_cap,6,,,0
all_endpoint_hellinger,7,equal_animal_cap,7,,,0
all_endpoint_hellinger,8,equal_animal_cap,1,1.0,1.0,2
all_endpoint_hellinger,8,equal_animal_cap,2,0.536870203104697,0.07142857142857142,81
all_endpoint_hellinger,8,equal_animal_cap,3,0.6238272249291565,0.43572418572418575,100
all_endpoint_hellinger,8,equal_animal_cap,4,,,0
all_endpoint_hellinger,8,equal_animal_cap,5,0.5609984606272808,0.37777777777777777,100
all_endpoint_hellinger,8,equal_animal_cap,6,,,0
all_endpoint_hellinger,8,equal_animal_cap,7,,,0
all_endpoint_hellinger,8,equal_animal_cap,8,,,0
all_endpoint_logrelative,2,within_animal_stratified,1,0.9171005917159764,0.5325443786982249,100
all_endpoint_logrelative,2,within_animal_stratified,2,,,0
all_endpoint_logrelative,3,within_animal_stratified,1,0.969713226951528,0.945663998357964,100
all_endpoint_logrelative,3,within_animal_stratified,2,0.9626178332077227,0.9384728113451422,100
all_endpoint_logrelative,3,within_animal_stratified,3,,,0
all_endpoint_logrelative,4,within_animal_stratified,1,0.9849572836441116,0.9340106820553749,100
all_endpoint_logrelative,4,within_animal_stratified,2,0.5754670578703891,0.012531446540880503,69
all_endpoint_logrelative,4,within_animal_stratified,3,0.9847314855269772,0.9685024095401454,100
all_endpoint_logrelative,4,within_animal_stratified,4,,,0
all_endpoint_logrelative,5,within_animal_stratified,1,0.9650085011074675,0.9070611338797814,100
all_endpoint_logrelative,5,within_animal_stratified,2,0.7328483404346162,0.012531446540880503,69
all_endpoint_logrelative,5,within_animal_stratified,3,0.9835750322202779,0.9675324675324676,100
all_endpoint_logrelative,5,within_animal_stratified,4,,,0
all_endpoint_logrelative,5,within_animal_stratified,5,,,0
all_endpoint_logrelative,6,within_animal_stratified,1,0.6113973295710721,0.0520081722144708,100
all_endpoint_logrelative,6,within_animal_stratified,2,0.9522564281759665,0.9089488636363636,100
all_endpoint_logrelative,6,within_animal_stratified,3,0.8282404171546494,0.012658227848101266,69
all_endpoint_logrelative,6,within_animal_stratified,4,0.9776025076387078,0.9620551350129929,100
all_endpoint_logrelative,6,within_animal_stratified,5,,,0
all_endpoint_logrelative,6,within_animal_stratified,6,,,0
all_endpoint_logrelative,7,within_animal_stratified,1,0.8371878005182996,0.05648130514822573,100
all_endpoint_logrelative,7,within_animal_stratified,2,0.5862757519763064,0.011802993386703793,92
all_endpoint_logrelative,7,within_animal_stratified,3,0.9601784979784117,0.8996524064171123,100
all_endpoint_logrelative,7,within_animal_stratified,4,0.8664202210846699,0.012892949953893873,69
all_endpoint_logrelative,7,within_animal_stratified,5,0.9498503913397063,0.6574271514739615,100
all_endpoint_logrelative,7,within_animal_stratified,6,,,0
all_endpoint_logrelative,7,within_animal_stratified,7,,,0
all_endpoint_logrelative,8,within_animal_stratified,1,0.8890272051713417,0.06107753357753357,100
all_endpoint_logrelative,8,within_animal_stratified,2,0.7519094658448426,0.012483497709093733,92
all_endpoint_logrelative,8,within_animal_stratified,3,0.9578180359213744,0.9040369809830888,100
all_endpoint_logrelative,8,within_animal_stratified,4,0.8666312030059312,0.015547169811320757,69
all_endpoint_logrelative,8,within_animal_stratified,5,0.6455331264238213,0.012670321696363783,64
all_endpoint_logrelative,8,within_animal_stratified,6,0.8658332440979529,0.6174213370522096,100
all_endpoint_logrelative,8,within_animal_stratified,7,,,0
all_endpoint_logrelative,8,within_animal_stratified,8,,,0
all_endpoint_logrelative,2,equal_animal_cap,1,0.7615909090909091,0.5113636363636364,100
all_endpoint_logrelative,2,equal_animal_cap,2,,,0
all_endpoint_logrelative,3,equal_animal_cap,1,0.8595354385154177,0.46427425821972734,100
all_endpoint_logrelative,3,equal_animal_cap,2,0.8753875209577457,0.4758954824913125,100
all_endpoint_logrelative,3,equal_animal_cap,3,,,0
all_endpoint_logrelative,4,equal_animal_cap,1,0.840228478227324,0.48694404591104734,100
all_endpoint_logrelative,4,equal_animal_cap,2,,,0
all_endpoint_logrelative,4,equal_animal_cap,3,0.9059255980807166,0.6177464008859358,100
all_endpoint_logrelative,4,equal_animal_cap,4,,,0
all_endpoint_logrelative,5,equal_animal_cap,1,0.7980088171271738,0.5481097560975611,100
all_endpoint_logrelative,5,equal_animal_cap,2,,,0
all_endpoint_logrelative,5,equal_animal_cap,3,0.8554667231820072,0.5997872340425532,100
all_endpoint_logrelative,5,equal_animal_cap,4,,,0
all_endpoint_logrelative,5,equal_animal_cap,5,,,0
all_endpoint_logrelative,6,equal_animal_cap,1,0.7094950658493065,0.15350678733031675,100
all_endpoint_logrelative,6,equal_animal_cap,2,0.80906582981924,0.6157969639468691,100
all_endpoint_logrelative,6,equal_animal_cap,3,,,0
all_endpoint_logrelative,6,equal_animal_cap,4,0.7456955100415256,0.46373546511627906,100
all_endpoint_logrelative,6,equal_animal_cap,5,,,0
all_endpoint_logrelative,6,equal_animal_cap,6,,,0
all_endpoint_logrelative,7,equal_animal_cap,1,0.7801842262388774,0.276,100
all_endpoint_logrelative,7,equal_animal_cap,2,1.0,1.0,2
all_endpoint_logrelative,7,equal_animal_cap,3,0.7715801786734575,0.5550505050505051,100
all_endpoint_logrelative,7,equal_animal_cap,4,,,0
all_endpoint_logrelative,7,equal_animal_cap,5,0.6363883686054105,0.39931818181818185,100
all_endpoint_logrelative,7,equal_animal_cap,6,,,0
all_endpoint_logrelative,7,equal_animal_cap,7,,,0
all_endpoint_logrelative,8,equal_animal_cap,1,0.8192279894082526,0.43667763157894735,100
all_endpoint_logrelative,8,equal_animal_cap,2,1.0,1.0,2
all_endpoint_logrelative,8,equal_animal_cap,3,0.7360399913302864,0.5422767857142857,100
all_endpoint_logrelative,8,equal_animal_cap,4,,,0
all_endpoint_logrelative,8,equal_animal_cap,5,,,0
all_endpoint_logrelative,8,equal_animal_cap,6,0.5274623279164502,0.35555555555555557,100
all_endpoint_logrelative,8,equal_animal_cap,7,,,0
all_endpoint_logrelative,8,equal_animal_cap,8,,,0
all_endpoint_presence_jaccard,2,within_animal_stratified,1,0.9078402366863905,0.5295857988165681,100
all_endpoint_presence_jaccard,2,within_animal_stratified,2,,,0
all_endpoint_presence_jaccard,3,within_animal_stratified,1,0.9911117144704504,0.9696095571095571,100
all_endpoint_presence_jaccard,3,within_animal_stratified,2,0.9917666320317234,0.9732548444597781,100
all_endpoint_presence_jaccard,3,within_animal_stratified,3,,,0
all_endpoint_presence_jaccard,4,within_animal_stratified,1,0.9919253308619453,0.9743507030603805,100
all_endpoint_presence_jaccard,4,within_animal_stratified,2,0.9881495147522696,0.9625048010163382,100
all_endpoint_presence_jaccard,4,within_animal_stratified,3,,,0
all_endpoint_presence_jaccard,4,within_animal_stratified,4,,,0
all_endpoint_presence_jaccard,5,within_animal_stratified,1,0.9877289302721673,0.9738562091503268,100
all_endpoint_presence_jaccard,5,within_animal_stratified,2,0.9750300922824634,0.9550561797752809,100
all_endpoint_presence_jaccard,5,within_animal_stratified,3,0.38942350754173055,0.022727272727272728,100
all_endpoint_presence_jaccard,5,within_animal_stratified,4,,,0
all_endpoint_presence_jaccard,5,within_animal_stratified,5,,,0
all_endpoint_presence_jaccard,6,within_animal_stratified,1,0.9826518768343058,0.9674561045324622,100
all_endpoint_presence_jaccard,6,within_animal_stratified,2,0.963188242244631,0.885806856187291,100
all_endpoint_presence_jaccard,6,within_animal_stratified,3,0.37743066123817387,0.022099447513812154,100
all_endpoint_presence_jaccard,6,within_animal_stratified,4,0.6892613358464487,0.01098901098901099,58
all_endpoint_presence_jaccard,6,within_animal_stratified,5,,,0
all_endpoint_presence_jaccard,6,within_animal_stratified,6,,,0
all_endpoint_presence_jaccard,7,within_animal_stratified,1,0.37946500359933355,0.01252373417721519,64
all_endpoint_presence_jaccard,7,within_animal_stratified,2,0.9606539370455617,0.7266570782823094,100
all_endpoint_presence_jaccard,7,within_animal_stratified,3,0.9251511081254027,0.6456076203628147,100
all_endpoint_presence_jaccard,7,within_animal_stratified,4,0.45248471792808653,0.022222222222222223,100
all_endpoint_presence_jaccard,7,within_animal_stratified,5,0.8643520272830617,0.25,58
all_endpoint_presence_jaccard,7,within_animal_stratified,6,,,0
all_endpoint_presence_jaccard,7,within_animal_stratified,7,,,0
all_endpoint_presence_jaccard,8,within_animal_stratified,1,0.6156001835626276,0.01282051282051282,64
all_endpoint_presence_jaccard,8,within_animal_stratified,2,0.8936980445925506,0.6468251088534108,100
all_endpoint_presence_jaccard,8,within_animal_stratified,3,0.17801286950568726,0.023076923076923078,100
all_endpoint_presence_jaccard,8,within_animal_stratified,4,0.8669428062362937,0.6144618661069786,100
all_endpoint_presence_jaccard,8,within_animal_stratified,5,0.5225616540918658,0.022598870056497175,100
all_endpoint_presence_jaccard,8,within_animal_stratified,6,0.9644088669950739,0.91,58
all_endpoint_presence_jaccard,8,within_animal_stratified,7,,,0
all_endpoint_presence_jaccard,8,within_animal_stratified,8,,,0
all_endpoint_presence_jaccard,2,equal_animal_cap,1,0.7173863636363635,0.5,100
all_endpoint_presence_jaccard,2,equal_animal_cap,2,,,0
all_endpoint_presence_jaccard,3,equal_animal_cap,1,0.9243652758430518,0.49971264367816093,100
all_endpoint_presence_jaccard,3,equal_animal_cap,2,0.905690365679818,0.49310344827586206,100
all_endpoint_presence_jaccard,3,equal_animal_cap,3,,,0
all_endpoint_presence_jaccard,4,equal_animal_cap,1,0.9398045058939559,0.7658756137479542,100
all_endpoint_presence_jaccard,4,equal_animal_cap,2,0.8734487323490522,0.5598499061913697,100
all_endpoint_presence_jaccard,4,equal_animal_cap,3,,,0
all_endpoint_presence_jaccard,4,equal_animal_cap,4,,,0
all_endpoint_presence_jaccard,5,equal_animal_cap,1,0.9014369485160418,0.6825014180374362,100
all_endpoint_presence_jaccard,5,equal_animal_cap,2,0.8008279406201194,0.5379273504273504,100
all_endpoint_presence_jaccard,5,equal_animal_cap,3,0.37927520391735847,0.03207373271889401,40
all_endpoint_presence_jaccard,5,equal_animal_cap,4,,,0
all_endpoint_presence_jaccard,5,equal_animal_cap,5,,,0
all_endpoint_presence_jaccard,6,equal_animal_cap,1,0.8354796382190017,0.6086956521739131,100
all_endpoint_presence_jaccard,6,equal_animal_cap,2,0.7315200202380132,0.48657051282051283,100
all_endpoint_presence_jaccard,6,equal_animal_cap,3,0.2579567945567182,0.05405405405405406,21
all_endpoint_presence_jaccard,6,equal_animal_cap,4,0.5683760683760684,0.10128205128205128,3
all_endpoint_presence_jaccard,6,equal_animal_cap,5,,,0
all_endpoint_presence_jaccard,6,equal_animal_cap,6,,,0
all_endpoint_presence_jaccard,7,equal_animal_cap,1,,,0
all_endpoint_presence_jaccard,7,equal_animal_cap,2,0.7631665533498552,0.5309289050337311,100
all_endpoint_presence_jaccard,7,equal_animal_cap,3,0.6833335574999214,0.476579822616408,100
all_endpoint_presence_jaccard,7,equal_animal_cap,4,0.36136630116515167,0.05555555555555555,21
all_endpoint_presence_jaccard,7,equal_animal_cap,5,0.8888888888888888,0.7,3
all_endpoint_presence_jaccard,7,equal_animal_cap,6,,,0
all_endpoint_presence_jaccard,7,equal_animal_cap,7,,,0
all_endpoint_presence_jaccard,8,equal_animal_cap,1,,,0
all_endpoint_presence_jaccard,8,equal_animal_cap,2,0.6900126392617186,0.41284584980237155,100
all_endpoint_presence_jaccard,8,equal_animal_cap,3,0.18650069162879723,0.05073260073260073,38
all_endpoint_presence_jaccard,8,equal_animal_cap,4,0.6159442291289081,0.475,100
all_endpoint_presence_jaccard,8,equal_animal_cap,5,0.415626363854554,0.06451612903225806,21
all_endpoint_presence_jaccard,8,equal_animal_cap,6,1.0,1.0,3
all_endpoint_presence_jaccard,8,equal_animal_cap,7,,,0
all_endpoint_presence_jaccard,8,equal_animal_cap,8,,,0
Henry_only_endpoint_hellinger,2,within_animal_stratified,1,0.8446429144868369,0.019111721611721613,88
Henry_only_endpoint_hellinger,2,within_animal_stratified,2,0.9330167597765362,0.5698324022346368,100
Henry_only_endpoint_hellinger,3,within_animal_stratified,1,1.0,1.0,88
Henry_only_endpoint_hellinger,3,within_animal_stratified,2,1.0,1.0,100
Henry_only_endpoint_hellinger,3,within_animal_stratified,3,1.0,1.0,100
Henry_only_endpoint_hellinger,4,within_animal_stratified,1,1.0,1.0,88
Henry_only_endpoint_hellinger,4,within_animal_stratified,2,0.9939994373636497,0.9718108651911469,100
Henry_only_endpoint_hellinger,4,within_animal_stratified,3,0.47895445040997775,0.018518518518518517,64
Henry_only_endpoint_hellinger,4,within_animal_stratified,4,0.9895884909196511,0.9708595088520845,100
Henry_only_endpoint_hellinger,5,within_animal_stratified,1,1.0,1.0,88
Henry_only_endpoint_hellinger,5,within_animal_stratified,2,0.5722026388793724,0.02656140350877193,75
Henry_only_endpoint_hellinger,5,within_animal_stratified,3,0.9867354063313742,0.9710144927536232,100
Henry_only_endpoint_hellinger,5,within_animal_stratified,4,0.8467779520836973,0.019131652661064428,64
Henry_only_endpoint_hellinger,5,within_animal_stratified,5,0.9910577091908805,0.9705588235294118,100
Henry_only_endpoint_hellinger,6,within_animal_stratified,1,1.0,1.0,88
Henry_only_endpoint_hellinger,6,within_animal_stratified,2,0.9481494363929147,0.7086956521739132,75
Henry_only_endpoint_hellinger,6,within_animal_stratified,3,0.9675427953292622,0.7529155868196964,100
Henry_only_endpoint_hellinger,6,within_animal_stratified,4,0.9488191424039867,0.7166666666666668,64
Henry_only_endpoint_hellinger,6,within_animal_stratified,5,0.9956571283342665,0.9803921568627451,100
Henry_only_endpoint_hellinger,6,within_animal_stratified,6,,,0
Henry_only_endpoint_hellinger,7,within_animal_stratified,1,1.0,1.0,88
Henry_only_endpoint_hellinger,7,within_animal_stratified,2,1.0,1.0,75
Henry_only_endpoint_hellinger,7,within_animal_stratified,3,0.9047850976561403,0.7360243055555556,100
Henry_only_endpoint_hellinger,7,within_animal_stratified,4,0.695110703663613,0.21027397260273972,100
Henry_only_endpoint_hellinger,7,within_animal_stratified,5,0.9690420560747663,0.7166666666666668,64
Henry_only_endpoint_hellinger,7,within_animal_stratified,6,0.9773343092427038,0.9712084456424079,100
Henry_only_endpoint_hellinger,7,within_animal_stratified,7,,,0
Henry_only_endpoint_hellinger,8,within_animal_stratified,1,1.0,1.0,88
Henry_only_endpoint_hellinger,8,within_animal_stratified,2,1.0,1.0,75
Henry_only_endpoint_hellinger,8,within_animal_stratified,3,0.9838421144218239,0.7776948590381426,100
Henry_only_endpoint_hellinger,8,within_animal_stratified,4,0.9347100583541702,0.2530072325846974,100
Henry_only_endpoint_hellinger,8,within_animal_stratified,5,0.9690420560747663,0.7166666666666668,64
Henry_only_endpoint_hellinger,8,within_animal_stratified,6,0.7811372352187846,0.02001010101010101,62
Henry_only_endpoint_hellinger,8,within_animal_stratified,7,0.9252453613543963,0.5799215686274509,100
Henry_only_endpoint_hellinger,8,within_animal_stratified,8,,,0
