analysis,requested_k,realized_k,silhouette,c_index,smallest_cluster,largest_cluster,largest_cluster_fraction,singleton_clusters,subsample_ari_mean,subsample_ari_p05,worst_cluster_jaccard_mean,jaccard_assessed_clusters,jaccard_unassessed_clusters,n_subsample_repeats,subsample_n,sample_cluster_ari,AnimalID_cluster_NMI,SampleID_cluster_NMI,Hemisphere_cluster_NMI,EvidenceSourceGroup_cluster_NMI,ARMFullName_cluster_NMI
all_axon_hellinger,2,2,0.14265703286520365,0.01704463405297002,199,229,0.5350467289719626,0,0.9732559885446648,0.9422065625063745,0.9855752202947937,2,0,100,342,0.022057390972928432,0.02475449646107433,0.02475449646107433,0.9401543478682917,0.49624209398815505,0.37959912744539903
all_axon_hellinger,3,3,0.13092670052869398,0.01790240307047554,1,229,0.5350467289719626,1,0.9282641988688327,0.8703006814546418,0.9534316127434025,2,1,100,342,0.024413295413729646,0.03054087390878529,0.030540873908785297,0.9302754024636986,0.4978627925617225,0.38094966119341783
all_axon_hellinger,4,4,0.12142660798437786,0.018831776020867004,1,229,0.5350467289719626,2,0.8639028856066407,0.6931924904257102,0.9092050404034983,2,2,100,342,0.02597241338681518,0.034286475002761246,0.034286475002761246,0.9206100413564785,0.5013721464408714,0.3819052249160735
all_axon_hellinger,5,5,0.1203700050810691,0.03604049016584545,1,212,0.4953271028037383,2,0.8243320793618044,0.7249547144509695,0.7555579186715857,3,2,100,342,0.05705413541528941,0.08811540259269036,0.08811540259269035,0.8371740143798749,0.5074340113658131,0.422346931278947
all_axon_hellinger,6,6,0.10712783104455638,0.04045137413041711,1,209,0.4883177570093458,2,0.7479048766648648,0.6895047751452213,0.21916254328725993,4,2,100,342,0.06494753510650882,0.10007940356186919,0.10007940356186919,0.8178718874374306,0.5112326990528446,0.4305723679866395
all_axon_hellinger,7,7,0.13472122097826852,0.10305101164968182,1,209,0.4883177570093458,2,0.8811683936524054,0.7075402306759239,0.2570248558035535,5,2,100,342,0.11259615993392087,0.13817010645639438,0.13817010645639435,0.6902977855146739,0.5020532236399092,0.5037039473083287
all_axon_hellinger,8,8,0.13173277433729727,0.11261671374878576,1,202,0.4719626168224299,2,0.8428542524859682,0.6681491622241392,0.296481649213097,6,2,100,342,0.11404249175111852,0.1414533779863417,0.14145337798634172,0.6819905837974216,0.5027309527088744,0.5062815533135916
all_axon_logrelative,2,2,0.15172055015220412,0.013599988741223831,200,228,0.5327102803738317,0,0.9953291367905958,0.9766767194954946,0.9975178295255404,2,0,100,342,0.02059147726366567,0.023530955799177793,0.023530955799177793,1.0,0.5200325176701949,0.39740740048128903
all_axon_logrelative,3,3,0.1543471898175225,0.022361175456014595,12,216,0.5046728971962616,0,0.9563861200533276,0.7458268559968109,0.716811440511202,3,0,100,342,0.054580870206071865,0.08584635128765945,0.08584635128765945,0.9263729784630464,0.5419249015576444,0.43145912581883217
all_axon_logrelative,4,4,0.16048456563349617,0.10151210683880546,12,216,0.5046728971962616,0,0.9148866783153363,0.7507078933338772,0.7232561574058619,4,0,100,342,0.10728923888449418,0.12763903077223318,0.12763903077223318,0.7695721258422661,0.5246937700799728,0.5210778158529731
all_axon_logrelative,5,5,0.1370026499731141,0.11096280019049426,5,211,0.4929906542056075,0,0.9045980424714888,0.724745017313375,0.5547484089872065,5,0,100,342,0.12195546768904211,0.14419647569286453,0.14419647569286453,0.746485495087525,0.5287950319587743,0.5326275361269684
all_axon_logrelative,6,6,0.1296914312712075,0.11166032072146,1,211,0.4929906542056075,1,0.864111828879588,0.6879491643862607,0.728841084439524,5,1,100,342,0.12220515299582924,0.14576228955341278,0.14576228955341272,0.741566923754039,0.5297108124045091,0.5351716878398175
all_axon_logrelative,7,7,0.12908729493345136,0.11660760300566789,1,211,0.4929906542056075,1,0.817022943375736,0.662896578996536,0.6221248599756005,6,1,100,342,0.12528209915409952,0.15507926388829704,0.15507926388829701,0.7191383352911273,0.5268593483992519,0.5311565963689754
all_axon_logrelative,8,8,0.15195316560746427,0.1579021609305712,1,129,0.3014018691588785,1,0.8073614851809491,0.6891259824968021,0.6148004403142714,7,1,100,342,0.06394979722325045,0.16368066391042285,0.1636806639104229,0.6136335594859396,0.48930306230753595,0.5721761982526764
Henry_only_axon_hellinger,2,2,0.20552467830453752,0.0055845329807933395,90,137,0.6035242290748899,0,0.9894205229206345,0.9559886490679222,0.9935337555258567,2,0,100,181,0.0,0.0,0.0,0.9625884358860683,0.9625884358860683,0.4708258845244172
Henry_only_axon_hellinger,3,3,0.1874493429622336,0.010563789519101781,3,134,0.5903083700440529,0,0.9440629037161437,0.8531933602765417,0.6240843159579623,3,0,100,181,0.0,0.0,0.0,0.9442054489817328,0.9442054489817328,0.4804006063924494
Henry_only_axon_hellinger,4,4,0.2158548549887872,0.032522643779440426,3,134,0.5903083700440529,0,0.8841660899224842,0.6087984080590326,0.6586584381687725,4,0,100,181,0.0,0.0,0.0,0.8245714498896666,0.8245714498896666,0.5753820190617843
Henry_only_axon_hellinger,5,5,0.2742786817402637,0.09433510642325091,3,71,0.31277533039647576,0,0.8347043624983332,0.6209081102395702,0.6861537197280159,5,0,100,181,0.0,0.0,0.0,0.6580560246506043,0.6580560246506043,0.6237603356484667
Henry_only_axon_hellinger,6,6,0.2634192160933083,0.09365589728744561,1,71,0.31277533039647576,1,0.8446658341456907,0.7402877523764357,0.727852660125059,5,1,100,181,0.0,0.0,0.0,0.6506026472317676,0.6506026472317676,0.6218542455232567
Henry_only_axon_hellinger,7,7,0.25314377484363865,0.09299540265396214,1,70,0.30837004405286345,1,0.8308814427633009,0.7418027710438797,0.7274577767497941,6,1,100,181,0.0,0.0,0.0,0.6380744875238099,0.6380744875238099,0.6179945461358805
Henry_only_axon_hellinger,8,8,0.26443909885225236,0.08260194372817457,1,69,0.3039647577092511,1,0.8838453286791192,0.7780232980381688,0.7692082797679027,7,1,100,181,0.0,0.0,0.0,0.5910664784332583,0.5910664784332583,0.6058682470003873
all_endpoint_hellinger,2,2,0.06746686429183366,0.0,1,424,0.9976470588235294,1,0.78,0.0,0.9163235294117648,1,1,100,340,0.0027777205318847533,0.00638251082387659,0.006382510823876591,0.0050188879844991876,0.007413647741032796,0.004176398835382692
all_endpoint_hellinger,3,3,0.1301674267637846,0.014525258426403105,1,228,0.5364705882352941,1,0.7653007944029262,0.012252397968186547,0.8708358484295344,2,1,100,340,0.020137046848871305,0.02547861188601648,0.02547861188601648,0.9010935503494931,0.4832177054407259,0.36908675573664057
all_endpoint_hellinger,4,4,0.12947605272110396,0.014597382779356573,1,228,0.5364705882352941,2,0.9658854049231007,0.9422101272082226,0.9801690883720114,2,2,100,340,0.021746418250434035,0.029398619331053873,0.029398619331053873,0.8916837350781395,0.4827684236460334,0.37053326257154146
all_endpoint_hellinger,5,5,0.1273879212643853,0.01477150635505634,1,228,0.5364705882352941,3,0.9757501572570788,0.9420534990747875,0.9798860433770875,2,3,100,340,0.024237459555032374,0.03594813505904635,0.03594813505904636,0.8824763189260713,0.48432389130183917,0.37156906197804285
all_endpoint_hellinger,6,6,0.1283603805461292,0.015190512765799462,1,228,0.5364705882352941,3,0.9656941850367944,0.883498685928853,0.8375629705868052,3,3,100,340,0.02194438878177364,0.03870647064409637,0.038706470644096366,0.8665851589370954,0.4823451024244495,0.3730269255857896
all_endpoint_hellinger,7,7,0.12566156707197973,0.015803206369182532,1,226,0.5317647058823529,3,0.9359300995326224,0.7605466011020742,0.9372058511445162,4,3,100,340,0.01658807325528027,0.04039005765876205,0.04039005765876206,0.8508980439630689,0.47948022820969094,0.37165886947964655
all_endpoint_hellinger,8,8,0.12237467034076885,0.022694883516261328,1,219,0.5152941176470588,3,0.8322890704994537,0.6723154121059796,0.21789128596797497,5,3,100,340,0.019435209365495806,0.05219231231053745,0.05219231231053744,0.8110390525104513,0.4732249450590443,0.37851046061222243
all_endpoint_logrelative,2,2,0.0668102962275444,0.0,1,424,0.9976470588235294,1,0.78,0.0,0.902735294117647,1,1,100,340,0.0027777205318847533,0.00638251082387659,0.006382510823876591,0.0050188879844991876,0.007413647741032796,0.004176398835382692
all_endpoint_logrelative,3,3,0.12860674622791968,0.015396209668774894,1,229,0.5388235294117647,1,0.858332903439464,0.012852384143451807,0.9204716519522493,2,1,100,340,0.019529072402260202,0.024358525964966064,0.024358525964966064,0.9224209078549434,0.4880560367926814,0.37323864828356296
all_endpoint_logrelative,4,4,0.12912443005881746,0.015808066854342807,1,229,0.5388235294117647,1,0.9629750980075177,0.9176000986077862,0.5677000973238006,3,1,100,340,0.01725809341471401,0.02730814801497523,0.027308148014975237,0.9054100580072658,0.48603280794832326,0.37470905660521997
all_endpoint_logrelative,5,5,0.12620077987263376,0.016041507072518113,1,229,0.5388235294117647,2,0.9525366005201619,0.8744977183103546,0.8230093529205492,3,2,100,340,0.019716410714052342,0.03381840826832953,0.033818408268329526,0.8961311394961446,0.48755067204240615,0.37570911447002986
all_endpoint_logrelative,6,6,0.13016020880290993,0.0273370315715125,1,215,0.5058823529411764,2,0.9275002431961421,0.8587225894143796,0.5543141540211053,4,2,100,340,0.06108564974882524,0.11018888986062648,0.11018888986062651,0.8257403824160766,0.5160578694072464,0.41991639163170585
all_endpoint_logrelative,7,7,0.11943905841009458,0.03060400955767563,1,212,0.4988235294117647,2,0.9185714029357172,0.7788240059293412,0.5482546405267231,5,2,100,340,0.05257188419172684,0.1112249209518002,0.1112249209518002,0.8067080756494794,0.5117730487694958,0.41775119841045594
all_endpoint_logrelative,8,8,0.10718094140643476,0.03284112980854192,1,212,0.4988235294117647,2,0.8824978330483471,0.7340077977657086,0.6318188413375325,6,2,100,340,0.05309407594195395,0.11258456727362506,0.11258456727362509,0.7937176210854905,0.5119321568467503,0.4173427704468682
all_endpoint_presence_jaccard,2,2,0.058033906779240786,0.0,1,424,0.9976470588235294,1,0.78,0.0,0.8980294117647059,1,1,100,340,0.0027777205318847533,0.00638251082387659,0.006382510823876591,0.0050188879844991876,0.007413647741032796,0.004176398835382692
all_endpoint_presence_jaccard,3,3,0.11195960539071437,0.014470521846751619,1,229,0.5388235294117647,1,0.9442165962523795,0.941735386455526,0.9703613571356609,2,1,100,340,0.019484667016046536,0.024825873729899542,0.024825873729899545,0.9224209078549434,0.48928012039618607,0.37619140909882126
all_endpoint_presence_jaccard,4,4,0.10945686497509662,0.014687161028515977,1,228,0.5364705882352941,2,0.9793052224395192,0.9576645918717247,0.9889085991521679,2,2,100,340,0.016808439734099255,0.02576372442103664,0.025763724421036648,0.912589910249225,0.48748248189812204,0.37667306866426753
all_endpoint_presence_jaccard,5,5,0.10467100009863488,0.02088592740542818,1,220,0.5176470588235295,2,0.9627758202550831,0.9406096671723072,0.3629642903903834,3,2,100,340,0.020605755787698715,0.03683955379582359,0.0368395537958236,0.9087376274983592,0.4987733277002989,0.3928425513833809
all_endpoint_presence_jaccard,6,6,0.09978492051243179,0.020945702873128066,1,220,0.5176470588235295,2,0.9513968837154008,0.7867902343520127,0.3776417526654935,4,2,100,340,0.020600738441539864,0.04012898973660603,0.04012898973660603,0.907742453533428,0.5012530385194395,0.3953374116449394
all_endpoint_presence_jaccard,7,7,0.0895539775091829,0.02335001416705987,1,220,0.5176470588235295,2,0.9221153302772365,0.7024379257650837,0.3641848444151045,5,2,100,340,0.021057472805084475,0.042414353862921285,0.0424143538629213,0.892176053629207,0.5015166955380558,0.39501581270077885
all_endpoint_presence_jaccard,8,8,0.08294970586582455,0.032213034415821545,1,214,0.5035294117647059,2,0.8606996022254169,0.5432961040591633,0.25997744544297297,6,2,100,340,0.016126540269202325,0.04801388944297195,0.04801388944297195,0.8559351444724816,0.4935670710884075,0.39282505299689385
Henry_only_endpoint_hellinger,2,2,0.1034783026509922,0.00012958946434216291,3,221,0.9866071428571429,0,0.8387589843197297,-0.00902173924301218,0.8446429144868369,2,0,100,179,0.0,0.0,0.0,0.0004100703873498367,0.0004100703873498367,0.019920437743115933
Henry_only_endpoint_hellinger,3,3,0.19857889588890437,0.0033223796195104307,3,131,0.5848214285714286,0,1.0,1.0,1.0,3,0,100,179,0.0,0.0,0.0,0.9437930497096508,0.9437930497096508,0.4802957430766133
Henry_only_endpoint_hellinger,4,4,0.19629204526891136,0.00432514646185319,2,129,0.5758928571428571,0,0.9822123068710401,0.9565580252894571,0.47895445040997775,4,0,100,179,0.0,0.0,0.0,0.9139180804356623,0.9139180804356623,0.47636397776391715
Henry_only_endpoint_hellinger,5,5,0.20012176479569632,0.005136547205084446,2,129,0.5758928571428571,0,0.9799526201260939,0.9584095436880972,0.5722026388793724,5,0,100,179,0.0,0.0,0.0,0.887871325061978,0.887871325061978,0.4748802580325169
Henry_only_endpoint_hellinger,6,6,0.19521733890111553,0.005740985373426029,1,128,0.5714285714285714,1,0.9782125515676678,0.8745975165638624,0.9481494363929147,5,1,100,179,0.0,0.0,0.0,0.8726854886091695,0.8726854886091695,0.4743875791986211
Henry_only_endpoint_hellinger,7,7,0.22839583923826723,0.0227253783527906,1,128,0.5714285714285714,1,0.9322389819000669,0.8482969326957533,0.695110703663613,6,1,100,179,0.0,0.0,0.0,0.7646844200134468,0.7646844200134468,0.567728311929784
Henry_only_endpoint_hellinger,8,8,0.21931396998304103,0.025820809950651547,1,126,0.5625,1,0.9265325696720332,0.6538838359348743,0.7811372352187846,7,1,100,179,0.0,0.0,0.0,0.7450407939203022,0.7450407939203022,0.5617537434032822
