requested_k,realized_k,duplicate_realized_k,c_index
2,2,False,0.2302842697813857
3,3,False,0.1633288369313678
4,4,False,0.1627369257600569
5,5,False,0.15073482253971218
6,6,False,0.13926618737640417
7,7,False,0.04665065432049503
8,8,False,0.04359024460235448
9,9,False,0.04346144792211075
10,10,False,0.04337926066051545
11,11,False,0.02402970843579679
12,12,False,0.02400251347603147
13,13,False,0.023985892441701136
14,14,False,0.02358409083908432
15,15,False,0.020973485077974363
16,16,False,0.020959056497091837
17,17,False,0.020959707327528356
18,18,False,0.01813169396099921
19,19,False,0.01802382769465662
20,20,False,0.01097397871204574
