requested_k,realized_k,silhouette,c_index,smallest_cluster,largest_cluster,largest_cluster_fraction,singleton_clusters,subsample_ari_mean,subsample_ari_p05,worst_cluster_jaccard_mean,jaccard_assessed_clusters,jaccard_unassessed_clusters,n_subsample_repeats,subsample_n,sample_cluster_ari
2,2,0.46996715925802646,0.2302842697813857,7,205,0.9669811320754716,0,0.571226818796053,-0.03702013336486661,0.5369863552055452,2,0,100,169,0.0
3,3,0.40999948409813,0.1633288369313678,7,192,0.9056603773584906,0,0.6763286159392716,0.41853146107810746,0.48779725262571655,3,0,100,169,0.0
4,4,0.36960959694869777,0.1627369257600569,2,192,0.9056603773584906,0,0.715269744289473,0.47176438106302937,0.537905350178321,4,0,100,169,0.0
5,5,0.293106383315376,0.15073482253971218,2,188,0.8867924528301887,0,0.7487297644060235,0.21524501746439004,0.6614446379611691,5,0,100,169,0.0
6,6,0.43022156238698595,0.13926618737640417,2,126,0.5943396226415094,0,0.8405385100891448,0.2927976938126876,0.6665491155731093,6,0,100,169,0.0
7,7,0.5985383701816419,0.04665065432049503,2,70,0.330188679245283,0,0.8952447995792032,0.5973434893032502,0.6672507370510466,7,0,100,169,0.0
8,8,0.5696685728478381,0.04359024460235448,2,70,0.330188679245283,0,0.91437843536885,0.8529592242722117,0.6705901476404573,8,0,100,169,0.0
9,9,0.5540709060420818,0.04346144792211075,1,70,0.330188679245283,1,0.903189059461191,0.851339197584217,0.6941939856668958,8,1,100,169,0.0
10,10,0.5489434374055141,0.04337926066051545,1,70,0.330188679245283,1,0.8949346733118516,0.8557550830257896,0.7115974944388256,9,1,100,169,0.0
11,11,0.5778531193756365,0.02402970843579679,1,62,0.29245283018867924,1,0.9710013782456826,0.9035817803935078,0.6119047619047618,10,1,100,169,0.0
12,12,0.5740020902082151,0.02400251347603147,1,62,0.29245283018867924,3,0.9688498421388307,0.9017351702202379,0.7032168981097439,9,3,100,169,0.0
13,13,0.5695027931173396,0.023985892441701136,1,62,0.29245283018867924,5,0.957847461450747,0.8815452785043355,0.6888731312547103,8,5,100,169,0.0
14,14,0.5591829366373051,0.02358409083908432,1,62,0.29245283018867924,5,0.9394731880373607,0.8519655584527208,0.7311321595071596,9,5,100,169,0.0
15,15,0.5578383674558851,0.020973485077974363,1,62,0.29245283018867924,5,0.9189967958927336,0.7994579906667635,0.6153207352528384,10,5,100,169,0.0
16,16,0.5476362933042362,0.020959056497091837,1,62,0.29245283018867924,6,0.8878050275212894,0.761214868824397,0.6424347794212305,10,6,100,169,0.0
17,17,0.5322773791104185,0.020959707327528356,1,62,0.29245283018867924,8,0.8611745667440429,0.7334784367037709,0.6410545820991728,9,8,100,169,0.0
18,18,0.5472726806300683,0.01813169396099921,1,54,0.25471698113207547,8,0.8457677343327843,0.7396578729541091,0.6087128474773531,10,8,100,169,0.0
19,19,0.5417360317656768,0.01802382769465662,1,54,0.25471698113207547,8,0.8346801889481782,0.7356763037486385,0.5106116898522143,11,8,100,169,0.0
20,20,0.5611865352492101,0.01097397871204574,1,48,0.22641509433962265,8,0.8787850702152656,0.7722530792157134,0.6206643832176869,12,8,100,169,0.0
