cluster,n,jaccard_mean,jaccard_p05,n_resamples_observed
1,6,0.904047619047619,0.5,100
2,1,,,0
3,2,0.860655737704918,0.5,61
4,1,,,0
5,1,,,0
6,62,0.8574109418139861,0.5914901809780516,100
7,48,0.9398075801603354,0.837015503875969,100
8,8,0.6424347794212305,0.12991304347826088,100
9,11,0.8245837357087358,0.5697802197802198,100
10,3,0.8953900709219859,0.5,94
11,2,0.985645933014354,1.0,57
12,54,0.9241681594548073,0.7172360248447205,100
13,10,0.7020393462746404,0.3744318181818182,100
14,1,,,0
15,1,,,0
16,1,,,0
