AnimalID,Subregion,level,target_status,target_index,target_abbreviation,target_full_name,target_volume_mm3,endpoint_count,neurons_with_target_evidence,n_selected,n_computable,frequency_per_computable_neuron,mean_endpoints_per_computable_neuron,map_available,biological_innervation_state
331,NearINS_L,1,mapped,1,CL_Frontal,CL_Frontal_Lobe,6154.890625000003,87,2,2,2,1.0,43.5,True,unassessed
331,NearINS_L,1,mapped,90,CL_Parietal,CL_Parietal_Lobe,3774.453125000002,53,2,2,2,1.0,26.5,True,unassessed
331,NearINS_L,1,mapped,138,CL_Temporal,CL_Temporal_Lobe,4285.390625000002,29,1,2,2,0.5,14.5,True,unassessed
331,NearINS_L,1,mapped,1001,SL_tel,SL_telencephalon,3805.562500000002,194,1,2,2,0.5,97.0,True,unassessed
331,NearINS_L,1,zero_unassigned,0,,,,79,2,2,2,1.0,39.5,True,unassessed
331,NearINS_L,2,mapped,16,CL_OFC,CL_orbital_frontal_cortex,1344.9218750000007,74,2,2,2,1.0,37.0,True,unassessed
331,NearINS_L,2,mapped,77,CL_motor,CL_motor_cortex,2542.000000000001,13,1,2,2,0.5,6.5,True,unassessed
331,NearINS_L,2,mapped,91,CL_SI/SII,CL_somatosensory_cortex,1186.0000000000005,53,2,2,2,1.0,26.5,True,unassessed
331,NearINS_L,2,mapped,224,CL_floor_of_ls,CL_floor_of_the_lateral_sulcus,303.2968750000001,29,1,2,2,0.5,14.5,True,unassessed
331,NearINS_L,2,mapped,1050,SL_BG,SL_basal_ganglia,2261.015625000001,194,1,2,2,0.5,97.0,True,unassessed
331,NearINS_L,2,zero_unassigned,0,,,,79,2,2,2,1.0,39.5,True,unassessed
331,NearINS_L,3,mapped,37,CL_caudal_OFC,CL_caudal_orbital_frontal_cortex,331.17187500000017,74,2,2,2,1.0,37.0,True,unassessed
331,NearINS_L,3,mapped,78,CL_M1/PM,CL_lateral_motor_cortex,2230.484375000001,13,1,2,2,0.5,6.5,True,unassessed
331,NearINS_L,3,mapped,95,CL_SII,CL_secondary_somatosensory_cortex,285.3125000000001,53,2,2,2,1.0,26.5,True,unassessed
331,NearINS_L,3,mapped,224,CL_floor_of_ls,CL_floor_of_the_lateral_sulcus,303.2968750000001,29,1,2,2,0.5,14.5,True,unassessed
331,NearINS_L,3,mapped,1051,SL_Str,SL_striatum,1922.421875000001,191,1,2,2,0.5,95.5,True,unassessed
331,NearINS_L,3,mapped,1062,SL_Pd,SL_pallidum,338.59375000000017,3,1,2,2,0.5,1.5,True,unassessed
331,NearINS_L,3,zero_unassigned,0,,,,79,2,2,2,1.0,39.5,True,unassessed
331,NearINS_L,4,mapped,38,CL_OFa-p,CL_agranular_orbitofrontal_cortex,169.45312500000009,1,1,2,2,0.5,0.5,True,unassessed
331,NearINS_L,4,mapped,47,CL_cl_OFC,CL_caudolateral_orbitofrontal_cortex,136.07812500000006,73,2,2,2,1.0,36.5,True,unassessed
331,NearINS_L,4,mapped,80,CL_PM,CL_premotor_cortex,1468.3593750000007,13,1,2,2,0.5,6.5,True,unassessed
331,NearINS_L,4,mapped,95,CL_SII,CL_secondary_somatosensory_cortex,285.3125000000001,53,2,2,2,1.0,26.5,True,unassessed
331,NearINS_L,4,mapped,225,CL_Ins/Pi,CL_insula_and_parainsula,288.1875000000001,29,1,2,2,0.5,14.5,True,unassessed
331,NearINS_L,4,mapped,1052,SL_DStr,SL_dorsal_striatum,1809.218750000001,150,1,2,2,0.5,75.0,True,unassessed
331,NearINS_L,4,mapped,1059,SL_VStr,SL_ventral_striatum,113.20312500000006,41,1,2,2,0.5,20.5,True,unassessed
331,NearINS_L,4,mapped,1062,SL_Pd,SL_pallidum,338.59375000000017,3,1,2,2,0.5,1.5,True,unassessed
331,NearINS_L,4,zero_unassigned,0,,,,79,2,2,2,1.0,39.5,True,unassessed
331,NearINS_L,5,mapped,40,CL_lat_Ia,CL_lateral_agranular_insular_region,145.28125000000006,1,1,2,2,0.5,0.5,True,unassessed
331,NearINS_L,5,mapped,48,CL_G,CL_gustatory_cortex,40.12500000000002,73,2,2,2,1.0,36.5,True,unassessed
331,NearINS_L,5,mapped,84,CL_PMv,CL_ventral_premotor_cortex,700.6093750000003,13,1,2,2,0.5,6.5,True,unassessed
331,NearINS_L,5,mapped,95,CL_SII,CL_secondary_somatosensory_cortex,285.3125000000001,53,2,2,2,1.0,26.5,True,unassessed
331,NearINS_L,5,mapped,227,CL_Ins,CL_insula,260.9062500000001,29,1,2,2,0.5,14.5,True,unassessed
331,NearINS_L,5,mapped,1053,SL_Cd,SL_caudate,649.5625000000003,5,1,2,2,0.5,2.5,True,unassessed
331,NearINS_L,5,mapped,1056,SL_Pu,SL_putamen,895.1093750000003,144,1,2,2,0.5,72.0,True,unassessed
331,NearINS_L,5,mapped,1057,SL_ASt,SL_amygdalostriatal_transition,33.812500000000014,1,1,2,2,0.5,0.5,True,unassessed
331,NearINS_L,5,mapped,1060,SL_Acb,SL_accumbens,94.96875000000004,41,1,2,2,0.5,20.5,True,unassessed
331,NearINS_L,5,mapped,1067,SL_ac,SL_anterior_commissure,77.82812500000003,3,1,2,2,0.5,1.5,True,unassessed
331,NearINS_L,5,zero_unassigned,0,,,,79,2,2,2,1.0,39.5,True,unassessed
331,NearINS_L,6,mapped,43,CL_Iapl,CL_posterior_lateral_agranular_insula_area,15.812500000000007,1,1,2,2,0.5,0.5,True,unassessed
331,NearINS_L,6,mapped,48,CL_G,CL_gustatory_cortex,40.12500000000002,73,2,2,2,1.0,36.5,True,unassessed
331,NearINS_L,6,mapped,86,CL_F5,CL_area_F5_of_ventral_premotor_cortex,434.01562500000017,13,1,2,2,0.5,6.5,True,unassessed
331,NearINS_L,6,mapped,95,CL_SII,CL_secondary_somatosensory_cortex,285.3125000000001,53,2,2,2,1.0,26.5,True,unassessed
331,NearINS_L,6,mapped,228,CL_Ia/Id,CL_agranular_and_dysgranular_insula,164.56250000000009,29,1,2,2,0.5,14.5,True,unassessed
331,NearINS_L,6,mapped,1054,SL_CdH,SL_caudate_head,566.5156250000002,5,1,2,2,0.5,2.5,True,unassessed
331,NearINS_L,6,mapped,1056,SL_Pu,SL_putamen,895.1093750000003,144,1,2,2,0.5,72.0,True,unassessed
331,NearINS_L,6,mapped,1057,SL_ASt,SL_amygdalostriatal_transition,33.812500000000014,1,1,2,2,0.5,0.5,True,unassessed
331,NearINS_L,6,mapped,1060,SL_Acb,SL_accumbens,94.96875000000004,41,1,2,2,0.5,20.5,True,unassessed
331,NearINS_L,6,mapped,1067,SL_ac,SL_anterior_commissure,77.82812500000003,3,1,2,2,0.5,1.5,True,unassessed
331,NearINS_L,6,zero_unassigned,0,,,,79,2,2,2,1.0,39.5,True,unassessed
605,NearINS_L,1,mapped,138,CL_Temporal,CL_Temporal_Lobe,4285.390625000002,13,2,2,2,1.0,6.5,True,unassessed
605,NearINS_L,1,zero_unassigned,0,,,,13,2,2,2,1.0,6.5,True,unassessed
605,NearINS_L,2,mapped,204,CL_core/belt,CL_core_and_belt_areas_of_auditory_cortex,504.1406250000002,8,1,2,2,0.5,4.0,True,unassessed
605,NearINS_L,2,mapped,224,CL_floor_of_ls,CL_floor_of_the_lateral_sulcus,303.2968750000001,5,2,2,2,1.0,2.5,True,unassessed
605,NearINS_L,2,zero_unassigned,0,,,,13,2,2,2,1.0,6.5,True,unassessed
605,NearINS_L,3,mapped,205,CL_belt,CL_belt_areas_of_auditory_cortex,316.8750000000001,8,1,2,2,0.5,4.0,True,unassessed
605,NearINS_L,3,mapped,224,CL_floor_of_ls,CL_floor_of_the_lateral_sulcus,303.2968750000001,5,2,2,2,1.0,2.5,True,unassessed
605,NearINS_L,3,zero_unassigned,0,,,,13,2,2,2,1.0,6.5,True,unassessed
605,NearINS_L,4,mapped,213,CL_med_belt,CL_medial_belt_areas,127.98437500000006,8,1,2,2,0.5,4.0,True,unassessed
605,NearINS_L,4,mapped,225,CL_Ins/Pi,CL_insula_and_parainsula,288.1875000000001,5,2,2,2,1.0,2.5,True,unassessed
605,NearINS_L,4,zero_unassigned,0,,,,13,2,2,2,1.0,6.5,True,unassessed
605,NearINS_L,5,mapped,214,CL_CM,CL_caudomedial_belt_region,60.00000000000003,8,1,2,2,0.5,4.0,True,unassessed
605,NearINS_L,5,mapped,227,CL_Ins,CL_insula,260.9062500000001,5,2,2,2,1.0,2.5,True,unassessed
605,NearINS_L,5,zero_unassigned,0,,,,13,2,2,2,1.0,6.5,True,unassessed
605,NearINS_L,6,mapped,214,CL_CM,CL_caudomedial_belt_region,60.00000000000003,8,1,2,2,0.5,4.0,True,unassessed
605,NearINS_L,6,mapped,229,CL_Ig,CL_granular_insula,96.34375000000004,5,2,2,2,1.0,2.5,True,unassessed
605,NearINS_L,6,zero_unassigned,0,,,,13,2,2,2,1.0,6.5,True,unassessed
605,NearINS_R,1,mapped,590,CR_Parietal,CR_Parietal_Lobe,3774.453125000002,96,2,4,4,0.5,24.0,True,unassessed
605,NearINS_R,1,mapped,638,CR_Temporal,CR_Temporal_Lobe,4285.390625000002,76,3,4,4,0.75,19.0,True,unassessed
605,NearINS_R,1,mapped,1582,SR_di,SR_diencephalon,1285.0937500000007,4,1,4,4,0.25,1.0,True,unassessed
605,NearINS_R,1,zero_unassigned,0,,,,319,4,4,4,1.0,79.75,True,unassessed
605,NearINS_R,2,mapped,591,CR_SI/SII,CR_somatosensory_cortex,1186.0000000000005,78,2,4,4,0.5,19.5,True,unassessed
605,NearINS_R,2,mapped,612,CR_IPL,CR_inferior_parietal_lobule,1044.0156250000005,18,1,4,4,0.25,4.5,True,unassessed
605,NearINS_R,2,mapped,693,CR_STG/STSd,CR_superior_temporal_region,854.1250000000003,31,1,4,4,0.25,7.75,True,unassessed
605,NearINS_R,2,mapped,724,CR_floor_of_ls,CR_floor_of_the_lateral_sulcus,303.2968750000001,45,3,4,4,0.75,11.25,True,unassessed
605,NearINS_R,2,mapped,1613,SR_Thal,SR_thalamus,970.0312500000005,4,1,4,4,0.25,1.0,True,unassessed
605,NearINS_R,2,zero_unassigned,0,,,,319,4,4,4,1.0,79.75,True,unassessed
605,NearINS_R,3,mapped,595,CR_SII,CR_secondary_somatosensory_cortex,285.3125000000001,78,2,4,4,0.5,19.5,True,unassessed
605,NearINS_R,3,mapped,619,CR_MST,CR_medial_superior_temporal_area,150.20312500000006,18,1,4,4,0.25,4.5,True,unassessed
605,NearINS_R,3,mapped,694,CR_STGr/STSd,CR_rostral_superior_temporal_region,593.8125000000002,18,1,4,4,0.25,4.5,True,unassessed
605,NearINS_R,3,mapped,699,CR_STGc,CR_caudal_superior_temporal_gyrus,260.3125000000001,13,1,4,4,0.25,3.25,True,unassessed
605,NearINS_R,3,mapped,724,CR_floor_of_ls,CR_floor_of_the_lateral_sulcus,303.2968750000001,45,3,4,4,0.75,11.25,True,unassessed
605,NearINS_R,3,mapped,1635,SR_VThal,SR_ventral_thalamus,291.4218750000001,4,1,4,4,0.25,1.0,True,unassessed
605,NearINS_R,3,zero_unassigned,0,,,,319,4,4,4,1.0,79.75,True,unassessed
605,NearINS_R,4,mapped,595,CR_SII,CR_secondary_somatosensory_cortex,285.3125000000001,78,2,4,4,0.5,19.5,True,unassessed
605,NearINS_R,4,mapped,619,CR_MST,CR_medial_superior_temporal_area,150.20312500000006,18,1,4,4,0.25,4.5,True,unassessed
605,NearINS_R,4,mapped,695,CR_STSd,CR_dorsal_bank_of_the_superior_temporal_sulcus,451.8750000000002,18,1,4,4,0.25,4.5,True,unassessed
605,NearINS_R,4,mapped,699,CR_STGc,CR_caudal_superior_temporal_gyrus,260.3125000000001,13,1,4,4,0.25,3.25,True,unassessed
605,NearINS_R,4,mapped,725,CR_Ins/Pi,CR_insula_and_parainsula,288.1875000000001,45,3,4,4,0.75,11.25,True,unassessed
605,NearINS_R,4,mapped,1643,SR_SpThal,SR_spinal_thalamus,88.20312500000004,4,1,4,4,0.25,1.0,True,unassessed
605,NearINS_R,4,zero_unassigned,0,,,,319,4,4,4,1.0,79.75,True,unassessed
605,NearINS_R,5,mapped,595,CR_SII,CR_secondary_somatosensory_cortex,285.3125000000001,78,2,4,4,0.5,19.5,True,unassessed
605,NearINS_R,5,mapped,619,CR_MST,CR_medial_superior_temporal_area,150.20312500000006,18,1,4,4,0.25,4.5,True,unassessed
605,NearINS_R,5,mapped,696,CR_TPO,CR_temporal_parietooccipital_associated_area,280.6406250000001,18,1,4,4,0.25,4.5,True,unassessed
605,NearINS_R,5,mapped,700,CR_Tpt,CR_temporo-parietal_area,97.45312500000004,13,1,4,4,0.25,3.25,True,unassessed
605,NearINS_R,5,mapped,727,CR_Ins,CR_insula,260.9062500000001,45,3,4,4,0.75,11.25,True,unassessed
605,NearINS_R,5,mapped,1646,SR_VPI,SR_ventroposterior_inferior_thalamus,11.250000000000005,4,1,4,4,0.25,1.0,True,unassessed
605,NearINS_R,5,zero_unassigned,0,,,,319,4,4,4,1.0,79.75,True,unassessed
605,NearINS_R,6,mapped,595,CR_SII,CR_secondary_somatosensory_cortex,285.3125000000001,78,2,4,4,0.5,19.5,True,unassessed
605,NearINS_R,6,mapped,619,CR_MST,CR_medial_superior_temporal_area,150.20312500000006,18,1,4,4,0.25,4.5,True,unassessed
605,NearINS_R,6,mapped,696,CR_TPO,CR_temporal_parietooccipital_associated_area,280.6406250000001,18,1,4,4,0.25,4.5,True,unassessed
605,NearINS_R,6,mapped,700,CR_Tpt,CR_temporo-parietal_area,97.45312500000004,13,1,4,4,0.25,3.25,True,unassessed
605,NearINS_R,6,mapped,729,CR_Ig,CR_granular_insula,96.34375000000004,45,3,4,4,0.75,11.25,True,unassessed
605,NearINS_R,6,mapped,1646,SR_VPI,SR_ventroposterior_inferior_thalamus,11.250000000000005,4,1,4,4,0.25,1.0,True,unassessed
605,NearINS_R,6,zero_unassigned,0,,,,319,4,4,4,1.0,79.75,True,unassessed
605,OriginCandidate_L,1,mapped,138,CL_Temporal,CL_Temporal_Lobe,4285.390625000002,180,3,3,3,1.0,60.0,True,unassessed
605,OriginCandidate_L,1,zero_unassigned,0,,,,45,3,3,3,1.0,15.0,True,unassessed
605,OriginCandidate_L,2,mapped,224,CL_floor_of_ls,CL_floor_of_the_lateral_sulcus,303.2968750000001,180,3,3,3,1.0,60.0,True,unassessed
605,OriginCandidate_L,2,zero_unassigned,0,,,,45,3,3,3,1.0,15.0,True,unassessed
605,OriginCandidate_L,3,mapped,224,CL_floor_of_ls,CL_floor_of_the_lateral_sulcus,303.2968750000001,180,3,3,3,1.0,60.0,True,unassessed
605,OriginCandidate_L,3,zero_unassigned,0,,,,45,3,3,3,1.0,15.0,True,unassessed
605,OriginCandidate_L,4,mapped,225,CL_Ins/Pi,CL_insula_and_parainsula,288.1875000000001,180,3,3,3,1.0,60.0,True,unassessed
605,OriginCandidate_L,4,zero_unassigned,0,,,,45,3,3,3,1.0,15.0,True,unassessed
605,OriginCandidate_L,5,mapped,227,CL_Ins,CL_insula,260.9062500000001,180,3,3,3,1.0,60.0,True,unassessed
605,OriginCandidate_L,5,zero_unassigned,0,,,,45,3,3,3,1.0,15.0,True,unassessed
605,OriginCandidate_L,6,mapped,229,CL_Ig,CL_granular_insula,96.34375000000004,180,3,3,3,1.0,60.0,True,unassessed
605,OriginCandidate_L,6,zero_unassigned,0,,,,45,3,3,3,1.0,15.0,True,unassessed
605,OriginCandidate_R,1,mapped,590,CR_Parietal,CR_Parietal_Lobe,3774.453125000002,88,5,6,6,0.8333333333333334,14.666666666666666,True,unassessed
605,OriginCandidate_R,1,mapped,638,CR_Temporal,CR_Temporal_Lobe,4285.390625000002,245,5,6,6,0.8333333333333334,40.833333333333336,True,unassessed
605,OriginCandidate_R,1,mapped,1501,SR_tel,SR_telencephalon,3805.562500000002,2,2,6,6,0.3333333333333333,0.3333333333333333,True,unassessed
605,OriginCandidate_R,1,zero_unassigned,0,,,,125,5,6,6,0.8333333333333334,20.833333333333332,True,unassessed
605,OriginCandidate_R,2,mapped,591,CR_SI/SII,CR_somatosensory_cortex,1186.0000000000005,32,4,6,6,0.6666666666666666,5.333333333333333,True,unassessed
605,OriginCandidate_R,2,mapped,612,CR_IPL,CR_inferior_parietal_lobule,1044.0156250000005,56,1,6,6,0.16666666666666666,9.333333333333334,True,unassessed
605,OriginCandidate_R,2,mapped,693,CR_STG/STSd,CR_superior_temporal_region,854.1250000000003,25,1,6,6,0.16666666666666666,4.166666666666667,True,unassessed
605,OriginCandidate_R,2,mapped,704,CR_core/belt,CR_core_and_belt_areas_of_auditory_cortex,504.1406250000002,3,1,6,6,0.16666666666666666,0.5,True,unassessed
605,OriginCandidate_R,2,mapped,724,CR_floor_of_ls,CR_floor_of_the_lateral_sulcus,303.2968750000001,217,5,6,6,0.8333333333333334,36.166666666666664,True,unassessed
605,OriginCandidate_R,2,mapped,1502,SR_LVPal,SR_lateral_and_ventral_pallium,309.6718750000001,1,1,6,6,0.16666666666666666,0.16666666666666666,True,unassessed
605,OriginCandidate_R,2,mapped,1550,SR_BG,SR_basal_ganglia,2261.015625000001,1,1,6,6,0.16666666666666666,0.16666666666666666,True,unassessed
605,OriginCandidate_R,2,zero_unassigned,0,,,,125,5,6,6,0.8333333333333334,20.833333333333332,True,unassessed
605,OriginCandidate_R,3,mapped,595,CR_SII,CR_secondary_somatosensory_cortex,285.3125000000001,32,4,6,6,0.6666666666666666,5.333333333333333,True,unassessed
605,OriginCandidate_R,3,mapped,619,CR_MST,CR_medial_superior_temporal_area,150.20312500000006,12,1,6,6,0.16666666666666666,2.0,True,unassessed
605,OriginCandidate_R,3,mapped,620,CR_area_7_in_IPL,CR_area_7_in_the_inferior_parietal_lobule,560.8125000000002,44,1,6,6,0.16666666666666666,7.333333333333333,True,unassessed
605,OriginCandidate_R,3,mapped,699,CR_STGc,CR_caudal_superior_temporal_gyrus,260.3125000000001,25,1,6,6,0.16666666666666666,4.166666666666667,True,unassessed
605,OriginCandidate_R,3,mapped,705,CR_belt,CR_belt_areas_of_auditory_cortex,316.8750000000001,3,1,6,6,0.16666666666666666,0.5,True,unassessed
605,OriginCandidate_R,3,mapped,724,CR_floor_of_ls,CR_floor_of_the_lateral_sulcus,303.2968750000001,217,5,6,6,0.8333333333333334,36.166666666666664,True,unassessed
605,OriginCandidate_R,3,mapped,1503,SR_LPal,SR_lateral_pallium,255.1562500000001,1,1,6,6,0.16666666666666666,0.16666666666666666,True,unassessed
605,OriginCandidate_R,3,mapped,1551,SR_Str,SR_striatum,1922.421875000001,1,1,6,6,0.16666666666666666,0.16666666666666666,True,unassessed
605,OriginCandidate_R,3,zero_unassigned,0,,,,125,5,6,6,0.8333333333333334,20.833333333333332,True,unassessed
605,OriginCandidate_R,4,mapped,595,CR_SII,CR_secondary_somatosensory_cortex,285.3125000000001,32,4,6,6,0.6666666666666666,5.333333333333333,True,unassessed
605,OriginCandidate_R,4,mapped,619,CR_MST,CR_medial_superior_temporal_area,150.20312500000006,12,1,6,6,0.16666666666666666,2.0,True,unassessed
605,OriginCandidate_R,4,mapped,620,CR_area_7_in_IPL,CR_area_7_in_the_inferior_parietal_lobule,560.8125000000002,44,1,6,6,0.16666666666666666,7.333333333333333,True,unassessed
605,OriginCandidate_R,4,mapped,699,CR_STGc,CR_caudal_superior_temporal_gyrus,260.3125000000001,25,1,6,6,0.16666666666666666,4.166666666666667,True,unassessed
605,OriginCandidate_R,4,mapped,713,CR_med_belt,CR_medial_belt_areas,127.98437500000006,3,1,6,6,0.16666666666666666,0.5,True,unassessed
605,OriginCandidate_R,4,mapped,725,CR_Ins/Pi,CR_insula_and_parainsula,288.1875000000001,217,5,6,6,0.8333333333333334,36.166666666666664,True,unassessed
605,OriginCandidate_R,4,mapped,1504,SR_Cl,SR_claustrum,255.1562500000001,1,1,6,6,0.16666666666666666,0.16666666666666666,True,unassessed
605,OriginCandidate_R,4,mapped,1552,SR_DStr,SR_dorsal_striatum,1809.218750000001,1,1,6,6,0.16666666666666666,0.16666666666666666,True,unassessed
605,OriginCandidate_R,4,zero_unassigned,0,,,,125,5,6,6,0.8333333333333334,20.833333333333332,True,unassessed
605,OriginCandidate_R,5,mapped,595,CR_SII,CR_secondary_somatosensory_cortex,285.3125000000001,32,4,6,6,0.6666666666666666,5.333333333333333,True,unassessed
605,OriginCandidate_R,5,mapped,619,CR_MST,CR_medial_superior_temporal_area,150.20312500000006,12,1,6,6,0.16666666666666666,2.0,True,unassessed
605,OriginCandidate_R,5,mapped,621,CR_area_7a/b,CR_inferior_parietal_lobule_areas_7a_and_7b,393.17187500000017,8,1,6,6,0.16666666666666666,1.3333333333333333,True,unassessed
605,OriginCandidate_R,5,mapped,624,CR_area_7op,CR_parietal_operculum,167.64062500000009,36,1,6,6,0.16666666666666666,6.0,True,unassessed
605,OriginCandidate_R,5,mapped,700,CR_Tpt,CR_temporo-parietal_area,97.45312500000004,25,1,6,6,0.16666666666666666,4.166666666666667,True,unassessed
605,OriginCandidate_R,5,mapped,714,CR_CM,CR_caudomedial_belt_region,60.00000000000003,3,1,6,6,0.16666666666666666,0.5,True,unassessed
605,OriginCandidate_R,5,mapped,726,CR_Pi,CR_parainsula,27.28125000000001,1,1,6,6,0.16666666666666666,0.16666666666666666,True,unassessed
605,OriginCandidate_R,5,mapped,727,CR_Ins,CR_insula,260.9062500000001,216,5,6,6,0.8333333333333334,36.0,True,unassessed
605,OriginCandidate_R,5,mapped,1504,SR_Cl,SR_claustrum,255.1562500000001,1,1,6,6,0.16666666666666666,0.16666666666666666,True,unassessed
605,OriginCandidate_R,5,mapped,1556,SR_Pu,SR_putamen,895.1093750000003,1,1,6,6,0.16666666666666666,0.16666666666666666,True,unassessed
605,OriginCandidate_R,5,zero_unassigned,0,,,,125,5,6,6,0.8333333333333334,20.833333333333332,True,unassessed
605,OriginCandidate_R,6,mapped,595,CR_SII,CR_secondary_somatosensory_cortex,285.3125000000001,32,4,6,6,0.6666666666666666,5.333333333333333,True,unassessed
605,OriginCandidate_R,6,mapped,619,CR_MST,CR_medial_superior_temporal_area,150.20312500000006,12,1,6,6,0.16666666666666666,2.0,True,unassessed
605,OriginCandidate_R,6,mapped,623,CR_area_7b,CR_rostral_inferior_parietal_lobule_area_7b_(PFG/PF),97.59375000000004,8,1,6,6,0.16666666666666666,1.3333333333333333,True,unassessed
605,OriginCandidate_R,6,mapped,624,CR_area_7op,CR_parietal_operculum,167.64062500000009,36,1,6,6,0.16666666666666666,6.0,True,unassessed
605,OriginCandidate_R,6,mapped,700,CR_Tpt,CR_temporo-parietal_area,97.45312500000004,25,1,6,6,0.16666666666666666,4.166666666666667,True,unassessed
605,OriginCandidate_R,6,mapped,714,CR_CM,CR_caudomedial_belt_region,60.00000000000003,3,1,6,6,0.16666666666666666,0.5,True,unassessed
605,OriginCandidate_R,6,mapped,726,CR_Pi,CR_parainsula,27.28125000000001,1,1,6,6,0.16666666666666666,0.16666666666666666,True,unassessed
605,OriginCandidate_R,6,mapped,728,CR_Ia/Id,CR_agranular_and_dysgranular_insula,164.56250000000009,32,1,6,6,0.16666666666666666,5.333333333333333,True,unassessed
605,OriginCandidate_R,6,mapped,729,CR_Ig,CR_granular_insula,96.34375000000004,184,5,6,6,0.8333333333333334,30.666666666666668,True,unassessed
605,OriginCandidate_R,6,mapped,1504,SR_Cl,SR_claustrum,255.1562500000001,1,1,6,6,0.16666666666666666,0.16666666666666666,True,unassessed
605,OriginCandidate_R,6,mapped,1556,SR_Pu,SR_putamen,895.1093750000003,1,1,6,6,0.16666666666666666,0.16666666666666666,True,unassessed
605,OriginCandidate_R,6,zero_unassigned,0,,,,125,5,6,6,0.8333333333333334,20.833333333333332,True,unassessed
797,NearINS_L,1,mapped,90,CL_Parietal,CL_Parietal_Lobe,3774.453125000002,46,1,2,2,0.5,23.0,True,unassessed
797,NearINS_L,1,mapped,138,CL_Temporal,CL_Temporal_Lobe,4285.390625000002,3,1,2,2,0.5,1.5,True,unassessed
797,NearINS_L,1,mapped,1001,SL_tel,SL_telencephalon,3805.562500000002,11,2,2,2,1.0,5.5,True,unassessed
797,NearINS_L,1,mapped,1082,SL_di,SL_diencephalon,1285.0937500000007,1,1,2,2,0.5,0.5,True,unassessed
797,NearINS_L,1,mapped,1169,SL_mes,SL_mesencephalon,635.8437500000002,1,1,2,2,0.5,0.5,True,unassessed
797,NearINS_L,1,zero_unassigned,0,,,,222,1,2,2,0.5,111.0,True,unassessed
797,NearINS_L,2,mapped,112,CL_IPL,CL_inferior_parietal_lobule,1044.0156250000005,46,1,2,2,0.5,23.0,True,unassessed
797,NearINS_L,2,mapped,224,CL_floor_of_ls,CL_floor_of_the_lateral_sulcus,303.2968750000001,3,1,2,2,0.5,1.5,True,unassessed
797,NearINS_L,2,mapped,1002,SL_LVPal,SL_lateral_and_ventral_pallium,309.6718750000001,10,1,2,2,0.5,5.0,True,unassessed
797,NearINS_L,2,mapped,1050,SL_BG,SL_basal_ganglia,2261.015625000001,1,1,2,2,0.5,0.5,True,unassessed
797,NearINS_L,2,mapped,1111,SL_PreThal,SL_prethalamus,37.375000000000014,1,1,2,2,0.5,0.5,True,unassessed
797,NearINS_L,2,mapped,1170,SL_Mid,SL_midbrain,635.8437500000002,1,1,2,2,0.5,0.5,True,unassessed
797,NearINS_L,2,zero_unassigned,0,,,,222,1,2,2,0.5,111.0,True,unassessed
797,NearINS_L,3,mapped,120,CL_area_7_in_IPL,CL_area_7_in_the_inferior_parietal_lobule,560.8125000000002,46,1,2,2,0.5,23.0,True,unassessed
797,NearINS_L,3,mapped,224,CL_floor_of_ls,CL_floor_of_the_lateral_sulcus,303.2968750000001,3,1,2,2,0.5,1.5,True,unassessed
797,NearINS_L,3,mapped,1003,SL_LPal,SL_lateral_pallium,255.1562500000001,10,1,2,2,0.5,5.0,True,unassessed
797,NearINS_L,3,mapped,1051,SL_Str,SL_striatum,1922.421875000001,1,1,2,2,0.5,0.5,True,unassessed
797,NearINS_L,3,mapped,1112,SL_ZI-H,SL_zona_incerta_and_lenticular_fascicles,37.375000000000014,1,1,2,2,0.5,0.5,True,unassessed
797,NearINS_L,3,mapped,1200,SL_VMid,SL_ventral_midbrain,261.3593750000001,1,1,2,2,0.5,0.5,True,unassessed
797,NearINS_L,3,zero_unassigned,0,,,,222,1,2,2,0.5,111.0,True,unassessed
797,NearINS_L,4,mapped,120,CL_area_7_in_IPL,CL_area_7_in_the_inferior_parietal_lobule,560.8125000000002,46,1,2,2,0.5,23.0,True,unassessed
797,NearINS_L,4,mapped,225,CL_Ins/Pi,CL_insula_and_parainsula,288.1875000000001,3,1,2,2,0.5,1.5,True,unassessed
797,NearINS_L,4,mapped,1004,SL_Cl,SL_claustrum,255.1562500000001,10,1,2,2,0.5,5.0,True,unassessed
797,NearINS_L,4,mapped,1052,SL_DStr,SL_dorsal_striatum,1809.218750000001,1,1,2,2,0.5,0.5,True,unassessed
797,NearINS_L,4,mapped,1112,SL_ZI-H,SL_zona_incerta_and_lenticular_fascicles,37.375000000000014,1,1,2,2,0.5,0.5,True,unassessed
797,NearINS_L,4,mapped,1204,SL_DA_Mid,SL_midbrain_dopaminergic_complex,222.89062500000009,1,1,2,2,0.5,0.5,True,unassessed
797,NearINS_L,4,zero_unassigned,0,,,,222,1,2,2,0.5,111.0,True,unassessed
797,NearINS_L,5,mapped,124,CL_area_7op,CL_parietal_operculum,167.64062500000009,46,1,2,2,0.5,23.0,True,unassessed
797,NearINS_L,5,mapped,227,CL_Ins,CL_insula,260.9062500000001,3,1,2,2,0.5,1.5,True,unassessed
797,NearINS_L,5,mapped,1004,SL_Cl,SL_claustrum,255.1562500000001,10,1,2,2,0.5,5.0,True,unassessed
797,NearINS_L,5,mapped,1056,SL_Pu,SL_putamen,895.1093750000003,1,1,2,2,0.5,0.5,True,unassessed
797,NearINS_L,5,mapped,1112,SL_ZI-H,SL_zona_incerta_and_lenticular_fascicles,37.375000000000014,1,1,2,2,0.5,0.5,True,unassessed
797,NearINS_L,5,mapped,1210,SL_cp,SL_cerebral_peduncle,70.39062500000003,1,1,2,2,0.5,0.5,True,unassessed
797,NearINS_L,5,zero_unassigned,0,,,,222,1,2,2,0.5,111.0,True,unassessed
797,NearINS_L,6,mapped,124,CL_area_7op,CL_parietal_operculum,167.64062500000009,46,1,2,2,0.5,23.0,True,unassessed
797,NearINS_L,6,mapped,229,CL_Ig,CL_granular_insula,96.34375000000004,3,1,2,2,0.5,1.5,True,unassessed
797,NearINS_L,6,mapped,1004,SL_Cl,SL_claustrum,255.1562500000001,10,1,2,2,0.5,5.0,True,unassessed
797,NearINS_L,6,mapped,1056,SL_Pu,SL_putamen,895.1093750000003,1,1,2,2,0.5,0.5,True,unassessed
797,NearINS_L,6,mapped,1112,SL_ZI-H,SL_zona_incerta_and_lenticular_fascicles,37.375000000000014,1,1,2,2,0.5,0.5,True,unassessed
797,NearINS_L,6,mapped,1210,SL_cp,SL_cerebral_peduncle,70.39062500000003,1,1,2,2,0.5,0.5,True,unassessed
797,NearINS_L,6,zero_unassigned,0,,,,222,1,2,2,0.5,111.0,True,unassessed
797,OriginCandidate_L,1,mapped,90,CL_Parietal,CL_Parietal_Lobe,3774.453125000002,441,4,5,5,0.8,88.2,True,unassessed
797,OriginCandidate_L,1,mapped,138,CL_Temporal,CL_Temporal_Lobe,4285.390625000002,601,5,5,5,1.0,120.2,True,unassessed
797,OriginCandidate_L,1,mapped,1001,SL_tel,SL_telencephalon,3805.562500000002,534,4,5,5,0.8,106.8,True,unassessed
797,OriginCandidate_L,1,mapped,1082,SL_di,SL_diencephalon,1285.0937500000007,1,1,5,5,0.2,0.2,True,unassessed
797,OriginCandidate_L,1,zero_unassigned,0,,,,345,5,5,5,1.0,69.0,True,unassessed
797,OriginCandidate_L,2,mapped,91,CL_SI/SII,CL_somatosensory_cortex,1186.0000000000005,28,3,5,5,0.6,5.6,True,unassessed
797,OriginCandidate_L,2,mapped,112,CL_IPL,CL_inferior_parietal_lobule,1044.0156250000005,413,4,5,5,0.8,82.6,True,unassessed
797,OriginCandidate_L,2,mapped,193,CL_STG/STSd,CL_superior_temporal_region,854.1250000000003,2,1,5,5,0.2,0.4,True,unassessed
797,OriginCandidate_L,2,mapped,204,CL_core/belt,CL_core_and_belt_areas_of_auditory_cortex,504.1406250000002,6,3,5,5,0.6,1.2,True,unassessed
797,OriginCandidate_L,2,mapped,224,CL_floor_of_ls,CL_floor_of_the_lateral_sulcus,303.2968750000001,593,5,5,5,1.0,118.6,True,unassessed
797,OriginCandidate_L,2,mapped,1002,SL_LVPal,SL_lateral_and_ventral_pallium,309.6718750000001,2,2,5,5,0.4,0.4,True,unassessed
797,OriginCandidate_L,2,mapped,1024,SL_Amy,SL_amygdala,302.0000000000001,6,2,5,5,0.4,1.2,True,unassessed
797,OriginCandidate_L,2,mapped,1050,SL_BG,SL_basal_ganglia,2261.015625000001,525,4,5,5,0.8,105.0,True,unassessed
797,OriginCandidate_L,2,mapped,1069,SL_DSP,SL_diagonal_subpallium,182.70312500000009,1,1,5,5,0.2,0.2,True,unassessed
797,OriginCandidate_L,2,mapped,1113,SL_Thal,SL_thalamus,970.0312500000005,1,1,5,5,0.2,0.2,True,unassessed
797,OriginCandidate_L,2,zero_unassigned,0,,,,345,5,5,5,1.0,69.0,True,unassessed
797,OriginCandidate_L,3,mapped,92,CL_SI,CL_primary_somatosensory_cortex,900.6875000000005,3,1,5,5,0.2,0.6,True,unassessed
797,OriginCandidate_L,3,mapped,95,CL_SII,CL_secondary_somatosensory_cortex,285.3125000000001,25,2,5,5,0.4,5.0,True,unassessed
797,OriginCandidate_L,3,mapped,120,CL_area_7_in_IPL,CL_area_7_in_the_inferior_parietal_lobule,560.8125000000002,413,4,5,5,0.8,82.6,True,unassessed
797,OriginCandidate_L,3,mapped,199,CL_STGc,CL_caudal_superior_temporal_gyrus,260.3125000000001,2,1,5,5,0.2,0.4,True,unassessed
797,OriginCandidate_L,3,mapped,205,CL_belt,CL_belt_areas_of_auditory_cortex,316.8750000000001,6,3,5,5,0.6,1.2,True,unassessed
797,OriginCandidate_L,3,mapped,224,CL_floor_of_ls,CL_floor_of_the_lateral_sulcus,303.2968750000001,593,5,5,5,1.0,118.6,True,unassessed
797,OriginCandidate_L,3,mapped,1003,SL_LPal,SL_lateral_pallium,255.1562500000001,2,2,5,5,0.4,0.4,True,unassessed
797,OriginCandidate_L,3,mapped,1040,SL_spAmy,SL_subpallial_amygdala,84.20312500000004,6,2,5,5,0.4,1.2,True,unassessed
797,OriginCandidate_L,3,mapped,1051,SL_Str,SL_striatum,1922.421875000001,522,4,5,5,0.8,104.4,True,unassessed
797,OriginCandidate_L,3,mapped,1062,SL_Pd,SL_pallidum,338.59375000000017,3,2,5,5,0.4,0.6,True,unassessed
797,OriginCandidate_L,3,mapped,1069,SL_DSP,SL_diagonal_subpallium,182.70312500000009,1,1,5,5,0.2,0.2,True,unassessed
797,OriginCandidate_L,3,mapped,1157,SL_GThal,SL_geniculate_thalamus,121.76562500000006,1,1,5,5,0.2,0.2,True,unassessed
797,OriginCandidate_L,3,zero_unassigned,0,,,,345,5,5,5,1.0,69.0,True,unassessed
797,OriginCandidate_L,4,mapped,92,CL_SI,CL_primary_somatosensory_cortex,900.6875000000005,3,1,5,5,0.2,0.6,True,unassessed
797,OriginCandidate_L,4,mapped,95,CL_SII,CL_secondary_somatosensory_cortex,285.3125000000001,25,2,5,5,0.4,5.0,True,unassessed
797,OriginCandidate_L,4,mapped,120,CL_area_7_in_IPL,CL_area_7_in_the_inferior_parietal_lobule,560.8125000000002,413,4,5,5,0.8,82.6,True,unassessed
797,OriginCandidate_L,4,mapped,199,CL_STGc,CL_caudal_superior_temporal_gyrus,260.3125000000001,2,1,5,5,0.2,0.4,True,unassessed
797,OriginCandidate_L,4,mapped,206,CL_lat_belt,CL_lateral_belt_areas,188.89062500000009,2,1,5,5,0.2,0.4,True,unassessed
797,OriginCandidate_L,4,mapped,213,CL_med_belt,CL_medial_belt_areas,127.98437500000006,4,2,5,5,0.4,0.8,True,unassessed
797,OriginCandidate_L,4,mapped,225,CL_Ins/Pi,CL_insula_and_parainsula,288.1875000000001,544,5,5,5,1.0,108.8,True,unassessed
797,OriginCandidate_L,4,mapped,230,CL_Ri,CL_retroinsula,15.109375000000007,49,4,5,5,0.8,9.8,True,unassessed
797,OriginCandidate_L,4,mapped,1004,SL_Cl,SL_claustrum,255.1562500000001,2,2,5,5,0.4,0.4,True,unassessed
797,OriginCandidate_L,4,mapped,1041,SL_stAmy,SL_striatal_amygdala,13.843750000000005,3,1,5,5,0.2,0.6,True,unassessed
797,OriginCandidate_L,4,mapped,1046,SL_pdAmy,SL_pallidal_amygdala,29.640625000000014,3,2,5,5,0.4,0.6,True,unassessed
797,OriginCandidate_L,4,mapped,1052,SL_DStr,SL_dorsal_striatum,1809.218750000001,522,4,5,5,0.8,104.4,True,unassessed
797,OriginCandidate_L,4,mapped,1062,SL_Pd,SL_pallidum,338.59375000000017,3,2,5,5,0.4,0.6,True,unassessed
797,OriginCandidate_L,4,mapped,1070,SL_BR,SL_basal_nucleus_region,38.000000000000014,1,1,5,5,0.2,0.2,True,unassessed
797,OriginCandidate_L,4,mapped,1158,SL_DLG,SL_dorsal_lateral_geniculate,93.35937500000004,1,1,5,5,0.2,0.2,True,unassessed
797,OriginCandidate_L,4,zero_unassigned,0,,,,345,5,5,5,1.0,69.0,True,unassessed
797,OriginCandidate_L,5,mapped,94,CL_areas_1-2,CL_areas_1-2,655.2968750000003,3,1,5,5,0.2,0.6,True,unassessed
797,OriginCandidate_L,5,mapped,95,CL_SII,CL_secondary_somatosensory_cortex,285.3125000000001,25,2,5,5,0.4,5.0,True,unassessed
797,OriginCandidate_L,5,mapped,121,CL_area_7a/b,CL_inferior_parietal_lobule_areas_7a_and_7b,393.17187500000017,1,1,5,5,0.2,0.2,True,unassessed
797,OriginCandidate_L,5,mapped,124,CL_area_7op,CL_parietal_operculum,167.64062500000009,412,4,5,5,0.8,82.4,True,unassessed
797,OriginCandidate_L,5,mapped,200,CL_Tpt,CL_temporo-parietal_area,97.45312500000004,2,1,5,5,0.2,0.4,True,unassessed
797,OriginCandidate_L,5,mapped,207,CL_CL/ML,CL_caudal_areas_of_the_lateral_belt,63.14062500000003,2,1,5,5,0.2,0.4,True,unassessed
797,OriginCandidate_L,5,mapped,214,CL_CM,CL_caudomedial_belt_region,60.00000000000003,4,2,5,5,0.4,0.8,True,unassessed
797,OriginCandidate_L,5,mapped,227,CL_Ins,CL_insula,260.9062500000001,544,5,5,5,1.0,108.8,True,unassessed
797,OriginCandidate_L,5,mapped,230,CL_Ri,CL_retroinsula,15.109375000000007,49,4,5,5,0.8,9.8,True,unassessed
797,OriginCandidate_L,5,mapped,1004,SL_Cl,SL_claustrum,255.1562500000001,2,2,5,5,0.4,0.4,True,unassessed
797,OriginCandidate_L,5,mapped,1042,SL_Ce,SL_central_amygdaloid_nucleus,13.843750000000005,3,1,5,5,0.2,0.6,True,unassessed
797,OriginCandidate_L,5,mapped,1049,SL_STIA,SL_intraamygdaloid_stria_terminalis,15.593750000000007,3,2,5,5,0.4,0.6,True,unassessed
797,OriginCandidate_L,5,mapped,1056,SL_Pu,SL_putamen,895.1093750000003,506,4,5,5,0.8,101.2,True,unassessed
797,OriginCandidate_L,5,mapped,1057,SL_ASt,SL_amygdalostriatal_transition,33.812500000000014,16,1,5,5,0.2,3.2,True,unassessed
797,OriginCandidate_L,5,mapped,1063,SL_GP,SL_globus_pallidus,239.7656250000001,3,2,5,5,0.4,0.6,True,unassessed
797,OriginCandidate_L,5,mapped,1070,SL_BR,SL_basal_nucleus_region,38.000000000000014,1,1,5,5,0.2,0.2,True,unassessed
797,OriginCandidate_L,5,mapped,1158,SL_DLG,SL_dorsal_lateral_geniculate,93.35937500000004,1,1,5,5,0.2,0.2,True,unassessed
797,OriginCandidate_L,5,zero_unassigned,0,,,,345,5,5,5,1.0,69.0,True,unassessed
797,OriginCandidate_L,6,mapped,94,CL_areas_1-2,CL_areas_1-2,655.2968750000003,3,1,5,5,0.2,0.6,True,unassessed
797,OriginCandidate_L,6,mapped,95,CL_SII,CL_secondary_somatosensory_cortex,285.3125000000001,25,2,5,5,0.4,5.0,True,unassessed
797,OriginCandidate_L,6,mapped,122,CL_area_7a,CL_caudal_inferior_parietal_lobule_area_7a_(Opt/PG),295.5781250000001,1,1,5,5,0.2,0.2,True,unassessed
797,OriginCandidate_L,6,mapped,124,CL_area_7op,CL_parietal_operculum,167.64062500000009,412,4,5,5,0.8,82.4,True,unassessed
797,OriginCandidate_L,6,mapped,200,CL_Tpt,CL_temporo-parietal_area,97.45312500000004,2,1,5,5,0.2,0.4,True,unassessed
797,OriginCandidate_L,6,mapped,208,CL_CL,CL_caudal_lateral_belt_region,27.81250000000001,2,1,5,5,0.2,0.4,True,unassessed
797,OriginCandidate_L,6,mapped,214,CL_CM,CL_caudomedial_belt_region,60.00000000000003,4,2,5,5,0.4,0.8,True,unassessed
797,OriginCandidate_L,6,mapped,229,CL_Ig,CL_granular_insula,96.34375000000004,544,5,5,5,1.0,108.8,True,unassessed
797,OriginCandidate_L,6,mapped,230,CL_Ri,CL_retroinsula,15.109375000000007,49,4,5,5,0.8,9.8,True,unassessed
797,OriginCandidate_L,6,mapped,1004,SL_Cl,SL_claustrum,255.1562500000001,2,2,5,5,0.4,0.4,True,unassessed
797,OriginCandidate_L,6,mapped,1042,SL_Ce,SL_central_amygdaloid_nucleus,13.843750000000005,3,1,5,5,0.2,0.6,True,unassessed
797,OriginCandidate_L,6,mapped,1049,SL_STIA,SL_intraamygdaloid_stria_terminalis,15.593750000000007,3,2,5,5,0.4,0.6,True,unassessed
797,OriginCandidate_L,6,mapped,1056,SL_Pu,SL_putamen,895.1093750000003,506,4,5,5,0.8,101.2,True,unassessed
797,OriginCandidate_L,6,mapped,1057,SL_ASt,SL_amygdalostriatal_transition,33.812500000000014,16,1,5,5,0.2,3.2,True,unassessed
797,OriginCandidate_L,6,mapped,1064,SL_EGP,SL_external_globus_pallidus,150.71875000000006,3,2,5,5,0.4,0.6,True,unassessed
797,OriginCandidate_L,6,mapped,1072,SL_B,SL_basal_nucleus,25.54687500000001,1,1,5,5,0.2,0.2,True,unassessed
797,OriginCandidate_L,6,mapped,1158,SL_DLG,SL_dorsal_lateral_geniculate,93.35937500000004,1,1,5,5,0.2,0.2,True,unassessed
797,OriginCandidate_L,6,zero_unassigned,0,,,,345,5,5,5,1.0,69.0,True,unassessed
900,OriginCandidate_L,1,mapped,90,CL_Parietal,CL_Parietal_Lobe,3774.453125000002,1,1,1,1,1.0,1.0,True,unassessed
900,OriginCandidate_L,1,mapped,138,CL_Temporal,CL_Temporal_Lobe,4285.390625000002,2,1,1,1,1.0,2.0,True,unassessed
900,OriginCandidate_L,2,mapped,91,CL_SI/SII,CL_somatosensory_cortex,1186.0000000000005,1,1,1,1,1.0,1.0,True,unassessed
900,OriginCandidate_L,2,mapped,224,CL_floor_of_ls,CL_floor_of_the_lateral_sulcus,303.2968750000001,2,1,1,1,1.0,2.0,True,unassessed
900,OriginCandidate_L,3,mapped,95,CL_SII,CL_secondary_somatosensory_cortex,285.3125000000001,1,1,1,1,1.0,1.0,True,unassessed
900,OriginCandidate_L,3,mapped,224,CL_floor_of_ls,CL_floor_of_the_lateral_sulcus,303.2968750000001,2,1,1,1,1.0,2.0,True,unassessed
900,OriginCandidate_L,4,mapped,95,CL_SII,CL_secondary_somatosensory_cortex,285.3125000000001,1,1,1,1,1.0,1.0,True,unassessed
900,OriginCandidate_L,4,mapped,225,CL_Ins/Pi,CL_insula_and_parainsula,288.1875000000001,2,1,1,1,1.0,2.0,True,unassessed
900,OriginCandidate_L,5,mapped,95,CL_SII,CL_secondary_somatosensory_cortex,285.3125000000001,1,1,1,1,1.0,1.0,True,unassessed
900,OriginCandidate_L,5,mapped,227,CL_Ins,CL_insula,260.9062500000001,2,1,1,1,1.0,2.0,True,unassessed
900,OriginCandidate_L,6,mapped,95,CL_SII,CL_secondary_somatosensory_cortex,285.3125000000001,1,1,1,1,1.0,1.0,True,unassessed
900,OriginCandidate_L,6,mapped,229,CL_Ig,CL_granular_insula,96.34375000000004,2,1,1,1,1.0,2.0,True,unassessed
948,NearINS_R,1,mapped,501,CR_Frontal,CR_Frontal_Lobe,6154.890625000003,97,1,1,1,1.0,97.0,True,unassessed
948,NearINS_R,1,mapped,1501,SR_tel,SR_telencephalon,3805.562500000002,34,1,1,1,1.0,34.0,True,unassessed
948,NearINS_R,1,zero_unassigned,0,,,,75,1,1,1,1.0,75.0,True,unassessed
948,NearINS_R,2,mapped,502,CR_ACgG,CR_anterior_cingulate_gyrus,602.7656250000002,2,1,1,1,1.0,2.0,True,unassessed
948,NearINS_R,2,mapped,516,CR_OFC,CR_orbital_frontal_cortex,1344.9218750000007,1,1,1,1,1.0,1.0,True,unassessed
948,NearINS_R,2,mapped,577,CR_motor,CR_motor_cortex,2542.000000000001,94,1,1,1,1.0,94.0,True,unassessed
948,NearINS_R,2,mapped,1502,SR_LVPal,SR_lateral_and_ventral_pallium,309.6718750000001,32,1,1,1,1.0,32.0,True,unassessed
948,NearINS_R,2,mapped,1550,SR_BG,SR_basal_ganglia,2261.015625000001,2,1,1,1,1.0,2.0,True,unassessed
948,NearINS_R,2,zero_unassigned,0,,,,75,1,1,1,1.0,75.0,True,unassessed
948,NearINS_R,3,mapped,511,CR_MCC,CR_midcingulate_cortex,188.37500000000009,2,1,1,1,1.0,2.0,True,unassessed
948,NearINS_R,3,mapped,537,CR_caudal_OFC,CR_caudal_orbital_frontal_cortex,331.17187500000017,1,1,1,1,1.0,1.0,True,unassessed
948,NearINS_R,3,mapped,578,CR_M1/PM,CR_lateral_motor_cortex,2230.484375000001,72,1,1,1,1.0,72.0,True,unassessed
948,NearINS_R,3,mapped,587,CR_SMA/preSMA,CR_medial_supplementary_motor_areas,311.5156250000001,22,1,1,1,1.0,22.0,True,unassessed
948,NearINS_R,3,mapped,1503,SR_LPal,SR_lateral_pallium,255.1562500000001,32,1,1,1,1.0,32.0,True,unassessed
948,NearINS_R,3,mapped,1551,SR_Str,SR_striatum,1922.421875000001,2,1,1,1,1.0,2.0,True,unassessed
948,NearINS_R,3,zero_unassigned,0,,,,75,1,1,1,1.0,75.0,True,unassessed
948,NearINS_R,4,mapped,511,CR_MCC,CR_midcingulate_cortex,188.37500000000009,2,1,1,1,1.0,2.0,True,unassessed
948,NearINS_R,4,mapped,538,CR_OFa-p,CR_agranular_orbitofrontal_cortex,169.45312500000009,1,1,1,1,1.0,1.0,True,unassessed
948,NearINS_R,4,mapped,579,CR_M1,CR_primary_motor_cortex,762.1250000000003,1,1,1,1,1.0,1.0,True,unassessed
948,NearINS_R,4,mapped,580,CR_PM,CR_premotor_cortex,1468.3593750000007,71,1,1,1,1.0,71.0,True,unassessed
948,NearINS_R,4,mapped,587,CR_SMA/preSMA,CR_medial_supplementary_motor_areas,311.5156250000001,22,1,1,1,1.0,22.0,True,unassessed
948,NearINS_R,4,mapped,1504,SR_Cl,SR_claustrum,255.1562500000001,32,1,1,1,1.0,32.0,True,unassessed
948,NearINS_R,4,mapped,1552,SR_DStr,SR_dorsal_striatum,1809.218750000001,2,1,1,1,1.0,2.0,True,unassessed
948,NearINS_R,4,zero_unassigned,0,,,,75,1,1,1,1.0,75.0,True,unassessed
948,NearINS_R,5,mapped,515,CR_area_24c_prime,CR_area_24c',115.67187500000006,2,1,1,1,1.0,2.0,True,unassessed
948,NearINS_R,5,mapped,540,CR_lat_Ia,CR_lateral_agranular_insular_region,145.28125000000006,1,1,1,1,1.0,1.0,True,unassessed
948,NearINS_R,5,mapped,579,CR_M1,CR_primary_motor_cortex,762.1250000000003,1,1,1,1,1.0,1.0,True,unassessed
948,NearINS_R,5,mapped,581,CR_PMd,CR_dorsal_premotor_cortex,767.7500000000003,71,1,1,1,1.0,71.0,True,unassessed
948,NearINS_R,5,mapped,588,CR_preSMA,CR_presupplementary_motor_area,115.06250000000006,21,1,1,1,1.0,21.0,True,unassessed
948,NearINS_R,5,mapped,589,CR_SMA,CR_supplementary_motor_area,196.45312500000009,1,1,1,1,1.0,1.0,True,unassessed
948,NearINS_R,5,mapped,1504,SR_Cl,SR_claustrum,255.1562500000001,32,1,1,1,1.0,32.0,True,unassessed
948,NearINS_R,5,mapped,1556,SR_Pu,SR_putamen,895.1093750000003,2,1,1,1,1.0,2.0,True,unassessed
948,NearINS_R,5,zero_unassigned,0,,,,75,1,1,1,1.0,75.0,True,unassessed
948,NearINS_R,6,mapped,515,CR_area_24c_prime,CR_area_24c',115.67187500000006,2,1,1,1,1.0,2.0,True,unassessed
948,NearINS_R,6,mapped,542,CR_Ial,CR_lateral_agranular_insula_area,47.98437500000002,1,1,1,1,1.0,1.0,True,unassessed
948,NearINS_R,6,mapped,579,CR_M1,CR_primary_motor_cortex,762.1250000000003,1,1,1,1,1.0,1.0,True,unassessed
948,NearINS_R,6,mapped,582,CR_PMdc,CR_caudal_dorsal_premotor_cortex,687.1875000000003,67,1,1,1,1.0,67.0,True,unassessed
948,NearINS_R,6,mapped,583,CR_PMdr,CR_rostral_dorsal_premotor_cortex,80.56250000000004,4,1,1,1,1.0,4.0,True,unassessed
948,NearINS_R,6,mapped,588,CR_preSMA,CR_presupplementary_motor_area,115.06250000000006,21,1,1,1,1.0,21.0,True,unassessed
948,NearINS_R,6,mapped,589,CR_SMA,CR_supplementary_motor_area,196.45312500000009,1,1,1,1,1.0,1.0,True,unassessed
948,NearINS_R,6,mapped,1504,SR_Cl,SR_claustrum,255.1562500000001,32,1,1,1,1.0,32.0,True,unassessed
948,NearINS_R,6,mapped,1556,SR_Pu,SR_putamen,895.1093750000003,2,1,1,1,1.0,2.0,True,unassessed
948,NearINS_R,6,zero_unassigned,0,,,,75,1,1,1,1.0,75.0,True,unassessed
