"NeuronUID","SampleID","NeuronID","Neuron_Type","Soma_Region_Auto","Soma_Region_Refined","Soma_Region_Source","Soma_Side","Soma_Side_Inferred","Soma_NII_X","Soma_NII_Y","Soma_NII_Z","Soma_Phys_X","Soma_Phys_Y","Soma_Phys_Z","Total_Length","Terminal_Count","N_Ipsilateral","N_Contralateral","N_Laterality_Unknown","Laterality_Index","Soma_Side_Final","Soma_Region_Final","gou_auto","gou_cog","gou_emo","gou_memory","gou_motor","gou_sens"
"251637::001.swc","251637","001.swc","ITs","R-IAL","IAL","curated_251637","R","R",192.7036,213.8664,83.828,48175.9,53466.6,20957,1106.10599999997,10,9,0,1,0,"R","IAL",0,0,0.360362064845057,0,0.432526089381024,0
"251637::002.swc","251637","002.swc","ITi","R-IAL","IAL","curated_251637","R","R",192.9288,213.9036,83.6288,48232.2,53475.9,20907.2,25.7489999999999,2,2,0,0,0,"R","IAL",0,0,1,0,0,0
"251637::003.swc","251637","003.swc","ITi","R-IAL","IAL","curated_251637","R","R",191.6996,215.7856,83.052,47924.9,53946.4,20763,65.4130000000005,3,2,0,1,0,"R","IAL",0,0,1,0,0,0
"251637::004.swc","251637","004.swc","ITs","R-IAL","IAL","curated_251637","R","R",191.9628,216.6584,83.2328,47990.7,54164.6,20808.2,1537.60599999993,12,11,0,1,0,"R","IAL",0,0,0.254332917373266,0,0.745667082626735,0
"251637::005.swc","251637","005.swc","PT","R-IAL","IAL","curated_251637","R","R",191.818,216.3672,82.3072,47954.5,54091.8,20576.8,610.946999999988,16,15,0,1,0,"R","IAL",0.335414675936604,0,0.460731819829319,0,0.203853504234077,0
"251637::006.swc","251637","006.swc","ITi","R-IAL","IAL","curated_251637","R","R",190.8492,216.0444,82.41,47712.3,54011.1,20602.5,295.030999999997,7,6,0,1,0,"R","IAL",0,0,0.37663699234844,0,0.62336300765156,0
"251637::007.swc","251637","007.swc","ITs","R-IAL","IAL","curated_251637","R","R",190.1656,216.3204,82.2312,47541.4,54080.1,20557.8,439.488999999995,9,8,0,1,0,"R","IAL",0,0.0851834226479899,0.402691854089508,0,0.512124723262502,0
"251637::008.swc","251637","008.swc","CT","R-IAL","IAL","curated_251637","R","R",189.8312,215.7388,82.2672,47457.8,53934.7,20566.8,485.187999999992,9,5,3,1,0.087,"R","IAL",0,0,0.211228939010605,0.559576357861872,0.229194703127523,0
"251637::009.swc","251637","009.swc","CT","R-IAL","IAL","curated_251637","R","R",189.8088,216.3748,82.006,47452.2,54093.7,20501.5,405.985999999995,10,6,3,1,0.2946,"R","IAL",0,0,0.305363161598578,0.694636838401422,0,0
"251637::010.swc","251637","010.swc","ITi","R-IAL","IAL","curated_251637","R","R",189.6796,217.6472,81.9408,47419.9,54411.8,20485.2,553.380999999991,14,13,0,1,0,"R","IAL",0,0,0.187887621544421,0,0.177948858411754,0.439633752665662
"251637::011.swc","251637","011.swc","ITi","R-IAL","IAL","curated_251637","R","R",190.0888,217.4992,82.172,47522.2,54374.8,20543,43.006,3,3,0,0,0,"R","IAL",0,0,1,0,0,0
"251637::012.swc","251637","012.swc","ITi","R-IAL","IAL","curated_251637","R","R",189.0664,217.4512,82.4528,47266.6,54362.8,20613.2,888.500999999987,6,5,0,1,0,"R","IAL",0,0,0.280714110730034,0,0.378582802547771,0.340703086722195
"251637::013.swc","251637","013.swc","ITs","R-IAL","IAL","curated_251637","R","R",187.556,216.86,81.006,46889,54215,20251.5,4040.69399999974,19,18,0,1,0,"R","IAL",0,0.0800749160547405,0.143264979618426,0,0.381094713244909,0.353480195624787
"251637::014.swc","251637","014.swc","PT","R-IAL","IAL","curated_251637","R","R",188.5892,216.0316,80.448,47147.3,54007.9,20112,375.253999999998,10,9,0,1,0,"R","IAL",0.370617880396797,0,0.25032800755337,0,0.379054112049833,0
"251637::015.swc","251637","015.swc","ITs","R-IAL","IAL","curated_251637","R","R",188.548,216.1528,79.9048,47137,54038.2,19976.2,551.16999999999,10,9,0,1,0,"R","IAL",0,0,0.347669968814867,0,0.214803592684774,0.437526438500359
"251637::016.swc","251637","016.swc","ITi","R-IAL","IAL","curated_251637","R","R",189.2612,216.88,80.504,47315.3,54220,20126,1122.46099999997,12,11,0,1,0,"R","IAL",0,0.0200706639244845,0.48844592100406,0,0.262880345936824,0
"251637::017.swc","251637","017.swc","ITi","R-IAL","IAL","curated_251637","R","R",190.946,216.5864,82.4832,47736.5,54146.6,20620.8,90.8090000000011,4,3,0,1,0,"R","IAL",0,0,1,0,0,0
"251637::018.swc","251637","018.swc","ITi","R-IAL","IAL","curated_251637","R","R",191.2496,215.1964,81.3672,47812.4,53799.1,20341.8,195.449999999998,4,3,0,1,0,"R","IAL",0,0,1,0,0,0
"251637::019.swc","251637","019.swc","ITi","R-IAL","IAL","curated_251637","R","R",192.0112,214.6016,82.16,48002.8,53650.4,20540,76.5040000000007,3,2,0,1,0,"R","IAL",0,0,1,0,0,0
"251637::020.swc","251637","020.swc","ITi","R-IAL","IAL","curated_251637","R","R",192.5488,214.9016,82.18,48137.2,53725.4,20545,173.537,5,4,0,1,0,"R","IAL",0,0,1,0,0,0
"251637::021.swc","251637","021.swc","ITs","R-IAL","IAL","curated_251637","R","R",192.2656,215.5436,82.404,48066.4,53885.9,20601,162.537000000001,5,4,0,1,0,"R","IAL",0,0,0.452946050002437,0,0.547053949997563,0
"251637::022.swc","251637","022.swc","ITi","R-IAL","IAL","curated_251637","R","R",192.3764,215.4492,81.3808,48094.1,53862.3,20345.2,94.8530000000013,2,2,0,0,0,"R","IAL",0,0,1,0,0,0
"251637::023.swc","251637","023.swc","ITi","R-IAL","IAL","curated_251637","R","R",193.2292,217.4524,81.2768,48307.3,54363.1,20319.2,720.919999999986,8,7,0,1,0,"R","IAL",0,0,0.666341116931546,0,0.333658883068454,0
"251637::024.swc","251637","024.swc","ITi","R-IAL","IAL","curated_251637","R","R",192.0352,217.6764,81.152,48008.8,54419.1,20288,361.770999999992,3,2,0,1,0,"R","IAL",0,0,1,0,0,0
"251637::025.swc","251637","025.swc","ITi","R-IAL","IAL","curated_251637","R","R",192.5264,218.6192,81.958,48131.6,54654.8,20489.5,519.507999999988,4,3,0,1,0,"R","IAL",0,0,1,0,0,0
"251637::026.swc","251637","026.swc","ITi","R-IAL","IAL","curated_251637","R","R",191.7852,218.7924,82.9288,47946.3,54698.1,20732.2,1542.80999999993,12,11,0,1,0,"R","IAL",0,0.224295917659762,0.453703428531804,0,0.322000653808434,0
"251637::027.swc","251637","027.swc","ITi","R-IAL","IAL","curated_251637","R","R",193.0152,217.7156,82.3568,48253.8,54428.9,20589.2,89.763000000001,3,2,0,1,0,"R","IAL",0,0,1,0,0,0
"251637::028.swc","251637","028.swc","ITi","R-IAL","IAL","curated_251637","R","R",193.8492,216.6076,83.242,48462.3,54151.9,20810.5,717.24899999999,9,8,0,1,0,"R","IAL",0,0,1,0,0,0
"251637::029.swc","251637","029.swc","ITi","R-IAL","IAL","curated_251637","R","R",193.3416,216.4336,84.4272,48335.4,54108.4,21106.8,1258.93899999996,10,9,0,1,0,"R","IAL",0,0,0.262142849536224,0,0.281034684727857,0.204381116684238
"251637::030.swc","251637","030.swc","ITc","R-IAL","IAL","curated_251637","R","R",194.1228,214.8928,83.39,48530.7,53723.2,20847.5,496.030999999991,7,5,1,1,0.0402,"R","IAL",0,0,0.849660767491115,0,0,0
"251637::031.swc","251637","031.swc","ITs","R-IAL","IAL","curated_251637","R","R",193.5548,214.958,83.438,48388.7,53739.5,20859.5,975.26199999998,9,8,0,1,0,"R","IAL",0,0,0.329016342892384,0,0.670983657107616,0
"251637::032.swc","251637","032.swc","ITi","R-IAL","IAL","curated_251637","R","R",194.7116,216.9168,82.668,48677.9,54229.2,20667,210.2,5,4,0,1,0,"R","IAL",0,0,0.474046655763106,0,0.347787724885943,0.178165619350951
"251637::033.swc","251637","033.swc","PT","R-IAL","IAL","curated_251637","R","R",195.0572,216.4576,83.4552,48764.3,54114.4,20863.8,1263.51399999996,26,25,0,1,0,"R","IAL",0.314640863485469,0.0248279890951577,0.299382429851078,0,0.334832440051186,0.0263162775171084
"251637::034.swc","251637","034.swc","PT","R-IAL","IAL","curated_251637","R","R",193.9004,215.7588,85.3368,48475.1,53939.7,21334.2,713.439999999993,12,10,1,1,0.0405,"R","IAL",0.282399261999639,0,0.224747738922862,0,0.420650695679464,0
"251637::035.swc","251637","035.swc","ITi","R-IAL","IAL","curated_251637","R","R",192.7136,217.0748,87.0888,48178.4,54268.7,21772.2,46.943,2,2,0,0,0,"R","IAL",0,0,1,0,0,0
"251637::036.swc","251637","036.swc","ITi","R-IAL","IAL","curated_251637","R","R",192.2992,216.6168,88.258,48074.8,54154.2,22064.5,527.934999999991,4,3,0,1,0,"R","IAL",0,0,0.65123546704097,0,0.34876453295903,0
"251637::037.swc","251637","037.swc","ITi","R-IAL","IAL","curated_251637","R","R",191.6184,217.5376,88.3672,47904.6,54384.4,22091.8,303.500999999997,5,4,0,1,0,"R","IAL",0,0,0.340551341652394,0,0.197108718701574,0
"251637::038.swc","251637","038.swc","ITi","R-IAL","IAL","curated_251637","R","R",193.2712,217.1596,88.5312,48317.8,54289.9,22132.8,596.653999999988,7,6,0,1,0,"R","IAL",0,0,1,0,0,0
"251637::039.swc","251637","039.swc","ITi","R-IAL","IAL","curated_251637","R","R",192.4532,216.3524,87.5128,48113.3,54088.1,21878.2,425.648999999993,7,6,0,1,0,"R","IAL",0,0,0.357434982393532,0,0.30125219093938,0
"251637::040.swc","251637","040.swc","ITi","R-IAL","IAL","curated_251637","R","R",190.7596,218.4772,87.4568,47689.9,54619.3,21864.2,681.433999999989,8,7,0,1,0,"R","IAL",0,0.185295489612114,0.515447271161506,0,0.299257239226381,0
"251637::041.swc","251637","041.swc","ITi","R-IAL","IAL","curated_251637","R","R",190.6848,218.0716,87.4168,47671.2,54517.9,21854.2,117.686000000002,4,3,0,1,0,"R","IAL",0,0,1,0,0,0
"251637::042.swc","251637","042.swc","ITi","R-IAL","IAL","curated_251637","R","R",189.7132,218.318,88.396,47428.3,54579.5,22099,283.127,4,3,0,1,0,"R","IAL",0,0,0.735733923422517,0,0.264266076577483,0
"251637::043.swc","251637","043.swc","ITc","R-IAL","IAL","curated_251637","R","R",192.4856,217.5132,85.706,48121.4,54378.3,21426.5,728.607999999985,6,3,2,1,0.1693,"R","IAL",0,0,0.381985829370086,0,0.338658643113656,0.279355527516257
"251637::044.swc","251637","044.swc","ITi","R-IAL","IAL","curated_251637","R","R",190.7284,214.1356,81.4728,47682.1,53533.9,20368.2,17.061,2,2,0,0,0,"R","IAL",0,0,1,0,0,0
"251637::045.swc","251637","045.swc","ITs","R-IAL","IAL","curated_251637","R","R",189.3864,212.7516,81.9912,47346.6,53187.9,20497.8,273.095999999998,4,4,0,0,0,"R","IAL",0,0,0.444780420968085,0,0.491932626207744,0.0632869528241714
"251637::046.swc","251637","046.swc","ITs","R-IAL","IAL","curated_251637","R","R",189.052,212.2256,81.8272,47263,53056.4,20456.8,166.079000000001,3,3,0,0,0,"R","IAL",0,0,0.413145342606795,0,0.586854657393205,0
"251637::047.swc","251637","047.swc","ITi","R-IAL","IAL","curated_251637","R","R",188.9412,213.6328,81.5728,47235.3,53408.2,20393.2,23.5049999999999,1,1,0,0,0,"R","IAL",0,0,1,0,0,0
"251637::048.swc","251637","048.swc","ITi","R-IAL","IAL","curated_251637","R","R",188.3532,214.7216,80.4992,47088.3,53680.4,20124.8,300.046999999995,4,3,0,1,0,"R","IAL",0,0,0.479413266490275,0,0,0
"251637::049.swc","251637","049.swc","ITi","R-IAL","IAL","curated_251637","R","R",188.0004,214.982,80.4592,47000.1,53745.5,20114.8,123.463000000001,4,3,0,1,0,"R","IAL",0,0,0.679578336693905,0,0.320421663306095,0
"251637::050.swc","251637","050.swc","ITi","R-IAL","IAL","curated_251637","R","R",188.4716,214.924,81.5312,47117.9,53731,20382.8,34.9669999999999,2,2,0,0,0,"R","IAL",0,0,1,0,0,0
"251637::051.swc","251637","051.swc","ITi","R-IAL","IAL","curated_251637","R","R",187.5956,215.1468,82.3008,46898.9,53786.7,20575.2,633.294999999986,8,7,0,1,0,"R","IAL",0,0,0.536262710105831,0,0.463737289894169,0
"251637::052.swc","251637","052.swc","ITs","R-IAL","IAL","curated_251637","R","R",186.9008,216.7568,82.284,46725.2,54189.2,20571,2138.67499999997,9,8,0,1,0,"R","IAL",0,0,0.253890857216356,0,0.36060148969259,0.385507653091054
"251637::053.swc","251637","053.swc","ITi","R-IAL","IAL","curated_251637","R","R",188.1588,216.354,84.166,47039.7,54088.5,21041.5,159.043000000001,4,3,0,1,0,"R","IAL",0,0,1,0,0,0
"251637::054.swc","251637","054.swc","ITs","R-IAL","IAL","curated_251637","R","R",189.0624,216.082,83.952,47265.6,54020.5,20988,305.190999999997,5,5,0,0,0,"R","IAL",0,0,0.330845515064169,0,0.669154484935831,0
"251637::055.swc","251637","055.swc","ITi","R-IAL","IAL","curated_251637","R","R",190.324,215.8128,84.92,47581,53953.2,21230,177.31,4,3,0,1,0,"R","IAL",0,0,1,0,0,0
"251637::056.swc","251637","056.swc","ITi","R-IAL","IAL","curated_251637","R","R",190.0204,216.1248,84.9848,47505.1,54031.2,21246.2,269.350999999997,7,6,0,1,0,"R","IAL",0,0,1,0,0,0
"251637::057.swc","251637","057.swc","ITs","R-IAL","IAL","curated_251637","R","R",190.1828,213.3236,85.566,47545.7,53330.9,21391.5,561.04999999999,7,6,0,1,0,"R","IAL",0,0,0.3851274281142,0,0.288053933502443,0
"251637::058.swc","251637","058.swc","ITi","R-IAL","IAL","curated_251637","R","R",188.8068,213.8368,86.386,47201.7,53459.2,21596.5,247.651999999998,5,5,0,0,0,"R","IAL",0,0,0.472763593841356,0,0,0
"251637::059.swc","251637","059.swc","ITi","R-IAL","IAL","curated_251637","R","R",187.5704,212.9916,84.6152,46892.6,53247.9,21153.8,102.189000000001,3,3,0,0,0,"R","IAL",0,0,0.59666731631261,0,0,0
"251637::060.swc","251637","060.swc","ITi","R-IAL","IAL","curated_251637","R","R",187.7796,212.3628,85.876,46944.9,53090.7,21469,629.744999999985,6,5,0,1,0,"R","IAL",0,0,0.569585214206626,0,0,0
"251637::061.swc","251637","061.swc","ITs","R-IAL","IAL","curated_251637","R","R",186.6432,213.4904,85.332,46660.8,53372.6,21333,1697.45399999993,17,16,0,1,0,"R","IAL",0,0,0.2358356627692,0,0.608213075549442,0.0133708567065668
"251637::062.swc","251637","062.swc","ITi","R-IAL","IAL","curated_251637","R","R",186.8984,213.6072,85.48,46724.6,53401.8,21370,173.897,4,3,0,1,0,"R","IAL",0,0,0.503866019721396,0,0.496133980278604,0
"251637::063.swc","251637","063.swc","ITi","R-IAL","IAL","curated_251637","R","R",186.9016,214.944,84.944,46725.4,53736,21236,68.139,2,1,0,1,0,"R","IAL",0,0,1,0,0,0
"251637::064.swc","251637","064.swc","ITi","R-IAL","IAL","curated_251637","R","R",191.2144,214.9556,88.454,47803.6,53738.9,22113.5,49.449,2,2,0,0,0,"R","IAL",0,0,1,0,0,0
"251637::065.swc","251637","065.swc","ITi","R-IAL","IAL","curated_251637","R","R",190.8952,215.1232,88.1848,47723.8,53780.8,22046.2,74.5970000000002,3,3,0,0,0,"R","IAL",0,0,0.625360443622921,0,0,0
"251637::066.swc","251637","066.swc","PT","R-IAL","IAL","curated_251637","R","R",190.622,213.8964,89.6608,47655.5,53474.1,22415.2,507.340999999992,8,7,0,1,0,"R","IAL",0.0344617950009553,0,0.414740060099703,0,0.235882649250491,0
"251637::067.swc","251637","067.swc","ITi","R-IAL","IAL","curated_251637","R","R",189.1192,213.2964,88.9632,47279.8,53324.1,22240.8,712.601999999986,8,7,0,1,0,"R","IAL",0,0,0.402074425712474,0,0.236900716944937,0
"251637::068.swc","251637","068.swc","ITi","R-IAL","IAL","curated_251637","R","R",188.6504,212.2204,88.7488,47162.6,53055.1,22187.2,232.794999999999,3,2,0,1,0,"R","IAL",0,0,1,0,0,0
"251637::069.swc","251637","069.swc","ITi","R-IAL","IAL","curated_251637","R","R",190.112,213.4912,89.292,47528,53372.8,22323,40.4939999999999,1,1,0,0,0,"R","IAL",0,0,1,0,0,0
"251637::070.swc","251637","070.swc","ITi","R-IAL","IAL","curated_251637","R","R",191.436,216.6936,87.786,47859,54173.4,21946.5,103.322000000001,4,3,0,1,0,"R","IAL",0,0,1,0,0,0
"251637::071.swc","251637","071.swc","ITi","R-IAL","IAL","curated_251637","R","R",188.724,213.4104,91.024,47181,53352.6,22756,64.3659999999999,2,2,0,0,0,"R","IAL",0,0,1,0,0,0
"251637::072.swc","251637","072.swc","ITi","R-IAL","IAL","curated_251637","R","R",187.062,212.5496,91.956,46765.5,53137.4,22989,2645.22099999982,8,7,0,1,0,"R","IAL",0,0,0.541168533858285,0,0.322955950498225,0.13587551564349
"251637::073.swc","251637","073.swc","ITi","R-IAL","IAL","curated_251637","R","R",189.1536,213.4304,83.7672,47288.4,53357.6,20941.8,44.82,1,1,0,0,0,"R","IAL",0,0,1,0,0,0
"251637::074.swc","251637","074.swc","ITi","R-IAL","IAL","curated_251637","R","R",188.1564,213.9212,83.3152,47039.1,53480.3,20828.8,200.496999999999,4,4,0,0,0,"R","IAL",0,0,0.491048209641928,0,0,0
"251637::075.swc","251637","075.swc","ITi","R-IAL","IAL","curated_251637","R","R",188.2768,213.6736,82.794,47069.2,53418.4,20698.5,93.1970000000013,3,2,0,1,0,"R","IAL",0,0,1,0,0,0
"251637::076.swc","251637","076.swc","ITi","R-IAL","IAL","curated_251637","R","R",188.7824,214.2172,83.5872,47195.6,53554.3,20896.8,236.329999999998,6,5,0,1,0,"R","IAL",0,0,0.521641118124436,0,0.478358881875564,0
"251637::077.swc","251637","077.swc","ITi","R-IAL","IAL","curated_251637","R","R",188.5716,214.5752,83.582,47142.9,53643.8,20895.5,121.382000000002,4,3,0,1,0,"R","IAL",0,0,1,0,0,0
"251637::078.swc","251637","078.swc","ITi","R-IAL","IAL","curated_251637","R","R",188.36,214.9868,83.414,47090,53746.7,20853.5,192.536,4,4,0,0,0,"R","IAL",0,0,1,0,0,0
"251637::079.swc","251637","079.swc","ITi","R-IAL","IAL","curated_251637","R","R",190.4196,217.3644,81.7728,47604.9,54341.1,20443.2,26.7589999999999,2,2,0,0,0,"R","IAL",0,0,1,0,0,0
"251637::080.swc","251637","080.swc","ITi","R-IAL","IAL","curated_251637","R","R",190.2424,216.424,80.498,47560.6,54106,20124.5,98.7140000000012,4,3,0,1,0,"R","IAL",0,0,1,0,0,0
"251637::081.swc","251637","081.swc","ITi","R-IAL","IAL","curated_251637","R","R",189.4536,214.73,84.9808,47363.4,53682.5,21245.2,118.846000000002,2,2,0,0,0,"R","IAL",0,0,1,0,0,0
"251637::082.swc","251637","082.swc","ITi","R-IAL","IAL","curated_251637","R","R",186.8316,214.2708,80.6952,46707.9,53567.7,20173.8,926.121999999978,8,7,0,1,0,"R","IAL",0,0,0.664363474442244,0,0,0.335636525557756
"251637::083.swc","251637","083.swc","ITs","R-IAL","IAL","curated_251637","R","R",186.7256,213.912,80.3168,46681.4,53478,20079.2,489.061999999995,8,7,0,1,0,"R","IAL",0,0,0.296918578800577,0,0.48537436505477,0
"251637::084.swc","251637","084.swc","ITs","R-IAL","IAL","curated_251637","R","R",187.102,213.1056,79.382,46775.5,53276.4,19845.5,355.895999999993,5,4,0,1,0,"R","IAL",0,0,0.449326314589232,0,0.550673685410768,0
"251637::085.swc","251637","085.swc","ITs","R-IAL","IAL","curated_251637","R","R",188.7904,213.2528,79.5472,47197.6,53313.2,19886.8,1570.89599999993,8,7,0,1,0,"R","IAL",0,0,0.431035729261557,0,0.568964270738443,0
"251637::086.swc","251637","086.swc","ITi","R-IAL","IAL","curated_251637","R","R",188.9444,213.1272,80.1272,47236.1,53281.8,20031.8,27.5829999999999,1,1,0,0,0,"R","IAL",0,0,1,0,0,0
"251637::087.swc","251637","087.swc","ITs","R-IAL","IAL","curated_251637","R","R",188.7648,215.4352,79.7552,47191.2,53858.8,19938.8,375.465999999995,7,6,0,1,0,"R","IAL",0,0,0.333540543011244,0,0.666459456988756,0
"251637::088.swc","251637","088.swc","ITi","R-IAL","IAL","curated_251637","R","R",190.5024,213.2748,79.458,47625.6,53318.7,19864.5,50.1060000000001,2,1,0,1,0,"R","IAL",0,0,1,0,0,0
"251637::089.swc","251637","089.swc","ITi","R-IAL","IAL","curated_251637","R","R",189.9324,213.1136,79.774,47483.1,53278.4,19943.5,32.2989999999999,1,1,0,0,0,"R","IAL",0,0,1,0,0,0
"251637::090.swc","251637","090.swc","ITi","R-IAL","IAL","curated_251637","R","R",189.8048,213.5948,80.5672,47451.2,53398.7,20141.8,105.332000000001,2,1,0,1,0,"R","IAL",0,0,1,0,0,0
"251637::091.swc","251637","091.swc","ITi","R-IAL","IAL","curated_251637","R","R",192.0276,213.7896,85.8128,48006.9,53447.4,21453.2,1244.74399999997,12,11,0,1,0,"R","IAL",0,0,0.565913215640983,0,0.253038552494088,0
"251637::092.swc","251637","092.swc","ITi","R-IAL","IAL","curated_251637","R","R",192.8348,214.0632,85.8928,48208.7,53515.8,21473.2,302.761999999996,5,4,0,1,0,"R","IAL",0,0,0.48394584139265,0,0,0
"251637::093.swc","251637","093.swc","ITi","R-IAL","IAL","curated_251637","R","R",192.8732,214.496,86.2968,48218.3,53624,21574.2,198.193,5,4,0,1,0,"R","IAL",0,0,0.576860888144598,0,0.423139111855402,0
"251637::094.swc","251637","094.swc","ITi","R-IAL","IAL","curated_251637","R","R",193.4904,215.0448,85.572,48372.6,53761.2,21393,209.584999999999,4,3,0,1,0,"R","IAL",0,0,1,0,0,0
"251637::095.swc","251637","095.swc","ITi","R-IAL","IAL","curated_251637","R","R",186.5224,215.9384,80.776,46630.6,53984.6,20194,55.251,2,2,0,0,0,"R","IAL",0,0,1,0,0,0
"251637::096.swc","251637","096.swc","ITs","R-IDD5","IDD5","curated_251637","R","R",204.5724,182.2472,97.4288,51143.1,45561.8,24357.2,1083.19199999997,8,7,0,1,0,"R","IDD5",0,0,0.157790616418807,0,0.383472928948948,0.21278899245101
"251637::097.swc","251637","097.swc","ITs","R-IDD5","IDD5","curated_251637","R","R",204.3344,181.886,97.5112,51083.6,45471.5,24377.8,2306.12899999991,12,11,0,1,0,"R","IDD5",0,0,0,0.202225283458726,0.323958885238953,0.190293525484794
"251637::098.swc","251637","098.swc","ITs","R-IDD5","IDD5","curated_251637","R","R",204.4024,181.664,97.0592,51100.6,45416,24264.8,2799.44499999989,12,11,0,1,0,"R","IDD5",0,0,0,0,0.295915094286534,0.567294868404023
"251637::099.swc","251637","099.swc","ITi","R-IDD5","IDD5","curated_251637","R","R",205.4712,181.2192,97.5088,51367.8,45304.8,24377.2,172.574,3,3,0,0,0,"R","IDD5",0,0,0,0,0,0.630680538665946
"251637::100.swc","251637","100.swc","ITi","R-IDD5","IDD5","curated_251637","R","R",205.7788,180.6008,97.8128,51444.7,45150.2,24453.2,211.186999999999,2,1,0,1,0,"R","IDD5",0,0,0,0,0,0
"251637::101.swc","251637","101.swc","ITi","R-IDD5","IDD5","curated_251637","R","R",206.3316,180.2552,97.088,51582.9,45063.8,24272,34.512,1,1,0,0,0,"R","IDD5",0,0,0,0,0,0
"251637::102.swc","251637","102.swc","ITi","R-IDD5","IDD5","curated_251637","R","R",206.1832,179.872,96.784,51545.8,44968,24196,37.997,2,1,0,1,0,"R","IDD5",0,0,0,0,0,0
"251637::103.swc","251637","103.swc","ITs","R-IDD5","IDD5","curated_251637","R","R",206.6016,179.102,97.024,51650.4,44775.5,24256,1153.11099999996,4,3,0,1,0,"R","IDD5",0,0,0,0,0.362224581895407,0
"251637::104.swc","251637","104.swc","ITs","R-IDD5","IDD5","curated_251637","R","R",205.8384,178.3488,97.528,51459.6,44587.2,24382,3539.34899999974,15,14,0,1,0,"R","IDD5",0,0,0.0785873997106405,0,0.309632561309531,0.456380854447407
"251637::105.swc","251637","105.swc","ITi","R-IDD5","IDD5","curated_251637","R","R",208.4096,181.694,98.67,52102.4,45423.5,24667.5,780.294999999992,5,4,0,1,0,"R","IDD5",0,0,0,0,0,0.477567584185608
"251637::106.swc","251637","106.swc","ITi","R-IDD5","IDD5","curated_251637","R","R",207.9772,181.2208,97.1248,51994.3,45305.2,24281.2,567.303999999987,3,2,0,1,0,"R","IDD5",0,0,0,0,0,0.369937562255533
"251637::107.swc","251637","107.swc","ITi","R-IDD5","IDD5","curated_251637","R","R",208.4868,180.778,97.5632,52121.7,45194.5,24390.8,158.16,4,3,0,1,0,"R","IDD5",0,0,0,0,0,0.363561967690116
"251637::108.swc","251637","108.swc","ITi","R-IDD5","IDD5","curated_251637","R","R",208.5392,179.8288,97.8568,52134.8,44957.2,24464.2,411.167999999996,3,2,0,1,0,"R","IDD5",0,0,0,0,0,0.274387930782923
"251637::109.swc","251637","109.swc","ITi","R-IDD5","IDD5","curated_251637","R","R",208.8848,179.47,97.6368,52221.2,44867.5,24409.2,990.02299999998,6,5,0,1,0,"R","IDD5",0.421727184481993,0,0,0,0,0.25558974021487
"251637::110.swc","251637","110.swc","ITi","R-IDD5","IDD5","curated_251637","R","R",208.286,179.1632,97.846,52071.5,44790.8,24461.5,60.6169999999999,2,1,0,1,0,"R","IDD5",0,0,0,0,0,0
"251637::111.swc","251637","111.swc","ITi","R-IDD5","IDD5","curated_251637","R","R",209.2888,179.288,97.4112,52322.2,44822,24352.8,540.042999999988,3,2,0,1,0,"R","IDD5",0,0,0,0,0,0
"251637::112.swc","251637","112.swc","ITi","L-IDM","IDM","curated_251637","R","R",211.5384,178.426,95.54,52884.6,44606.5,23885,237.661999999998,2,1,0,1,0,"R","IDM",0,0,0,0,0,0
"251637::113.swc","251637","113.swc","ITi","R-IDD5","IDD5","curated_251637","R","R",209.9568,180.296,97.32,52489.2,45074,24330,16.482,2,1,0,1,0,"R","IDD5",0,0,0,0,0,0
"251637::114.swc","251637","114.swc","ITi","L-IDD5","IDD5","curated_251637","R","R",209.5244,185.2728,97.744,52381.1,46318.2,24436,446.951999999995,2,1,0,1,0,"R","IDD5",0,0,0,0,0,0
"251637::116.swc","251637","116.swc","ITi","R-IDM","IDM","curated_251637","R","R",211.4276,186.0032,95.218,52856.9,46500.8,23804.5,441.787999999991,2,1,0,1,0,"R","IDM",0,0,0,0,0,0
"251637::117.swc","251637","117.swc","ITi","R-IDM","IDM","curated_251637","R","R",209.164,184.918,95.16,52291,46229.5,23790,1319.92799999998,11,10,0,1,0,"R","IDM",0,0,0.324661450496539,0,0,0.226888353897081
"251637::118.swc","251637","118.swc","ITi","R-IDM","IDM","curated_251637","R","R",208.2656,184.582,95.0632,52066.4,46145.5,23765.8,524.756999999994,5,4,0,1,0,"R","IDM",0,0,0.336763717226043,0,0,0
"251637::119.swc","251637","119.swc","ITi","R-IDM","IDM","curated_251637","R","R",209.2676,184.1112,94.6088,52316.9,46027.8,23652.2,257.205999999998,2,1,0,1,0,"R","IDM",0,0,0,0,0,0
"251637::120.swc","251637","120.swc","ITi","R-IDM","IDM","curated_251637","R","R",210.3352,185.5872,93.9328,52583.8,46396.8,23483.2,67.155,2,1,0,1,0,"R","IDM",0,0,0,0,0,0
"251637::121.swc","251637","121.swc","ITi","R-IDM","IDM","curated_251637","R","R",211.0116,185.988,92.956,52752.9,46497,23239,100.198000000001,2,1,0,1,0,"R","IDM",0,0,0,0,0,0
"251637::122.swc","251637","122.swc","ITs","R-IDM","IDM","curated_251637","R","R",210.076,182.312,94.8888,52519,45578,23722.2,1446.42099999997,19,18,0,1,0,"R","IDM",0,0,0.23003786760781,0,0.321453915184094,0.288509724376566
"251637::123.swc","251637","123.swc","ITi","R-IDM","IDM","curated_251637","R","R",209.3956,182.5912,94.278,52348.9,45647.8,23569.5,1052.90699999998,7,6,0,1,0,"R","IDM",0,0,0.393901669537339,0,0.125633111069425,0
"251637::124.swc","251637","124.swc","ITs","R-IDM","IDM","curated_251637","R","R",209.0656,182.362,93.58,52266.4,45590.5,23395,1555.62199999997,3,2,0,1,0,"R","IDM",0,0,0,0,0.400197017692961,0
"251637::125.swc","251637","125.swc","ITi","R-IDM","IDM","curated_251637","R","R",209.2252,181.5008,94.018,52306.3,45375.2,23504.5,933.629999999984,3,2,0,1,0,"R","IDM",0,0,0,0,0,0.154212717094876
"251637::126.swc","251637","126.swc","ITi","R-IDM","IDM","curated_251637","R","R",209.9764,180.49,94.3408,52494.1,45122.5,23585.2,967.232999999982,9,8,0,1,0,"R","IDM",0,0,0.390180511016862,0,0.121250129305886,0.128219716561498
"251637::127.swc","251637","127.swc","ITi","R-IDD5","IDD5","curated_251637","R","R",208.0848,183.3368,97.364,52021.2,45834.2,24341,326.204999999997,2,1,0,1,0,"R","IDD5",0,0,0,0,0,0
"251637::128.swc","251637","128.swc","ITs","R-IDD5","IDD5","curated_251637","R","R",206.9324,183.594,97.486,51733.1,45898.5,24371.5,990.891999999982,8,7,0,1,0,"R","IDD5",0,0,0,0,0.597830362816595,0
"251637::129.swc","251637","129.swc","ITi","R-IDD5","IDD5","curated_251637","R","R",208.1848,184.6392,96.9112,52046.2,46159.8,24227.8,287.440999999999,3,2,0,1,0,"R","IDD5",0,0,0,0,0,0.466772422208664
"251637::130.swc","251637","130.swc","ITi","R-IDD5","IDD5","curated_251637","R","R",207.7908,185.1112,98.0648,51947.7,46277.8,24516.2,83.9910000000007,2,1,0,1,0,"R","IDD5",0,0,0,0,0,0
"251637::131.swc","251637","131.swc","ITs","R-IDD5","IDD5","curated_251637","R","R",206.4272,184.5312,96.1832,51606.8,46132.8,24045.8,1385.62399999994,5,4,0,1,0,"R","IDD5",0,0,0,0,0.46422935297212,0.0586204629142556
"251637::132.swc","251637","132.swc","ITi","R-IDD5","IDD5","curated_251637","R","R",206.0072,184.348,95.9,51501.8,46087,23975,37.6589999999999,1,1,0,0,0,"R","IDD5",0,0,0,0,0,0
"251637::133.swc","251637","133.swc","ITi","R-IDM","IDM","curated_251637","R","R",205.254,184.222,94.7632,51313.5,46055.5,23690.8,287.307999999996,2,1,0,1,0,"R","IDM",0,0,0,0,0,0
"251637::134.swc","251637","134.swc","PT","R-IDM","IDM","curated_251637","R","R",206.4684,183.4688,95.262,51617.1,45867.2,23815.5,700.986999999987,10,9,0,1,0,"R","IDM",0.132230716353865,0,0.134178348990772,0,0.318036952944362,0.144572666486137
"251637::135.swc","251637","135.swc","ITi","R-IDM","IDM","curated_251637","R","R",203.9184,182.542,95.8128,50979.6,45635.5,23953.2,836.169999999983,5,4,0,1,0,"R","IDM",0,0,0,0,0.384852512275261,0.0916491305792447
"251637::136.swc","251637","136.swc","ITi","R-IDD5","IDD5","curated_251637","R","R",203.2028,183.202,96.2728,50800.7,45800.5,24068.2,235.471999999998,3,2,0,1,0,"R","IDD5",0,0,0,0,0.265636099178027,0
"251637::137.swc","251637","137.swc","ITi","R-IDM","IDM","curated_251637","R","R",204.3936,180.018,93.9632,51098.4,45004.5,23490.8,48.2280000000001,1,1,0,0,0,"R","IDM",0,0,0,0,0,0
"251637::138.swc","251637","138.swc","ITi","R-IDM","IDM","curated_251637","R","R",206.1056,179.3368,94.206,51526.4,44834.2,23551.5,47.987,2,1,0,1,0,"R","IDM",0,0,0,0,0,0
"251637::139.swc","251637","139.swc","ITi","R-IDM","IDM","curated_251637","R","R",205.4912,179.1952,95.5248,51372.8,44798.8,23881.2,387.636999999992,2,1,0,1,0,"R","IDM",0,0,0,0,0,0
"251637::140.swc","251637","140.swc","ITi","R-IDM","IDM","curated_251637","R","R",204.3328,179.116,95.9672,51083.2,44779,23991.8,163.574000000001,3,2,0,1,0,"R","IDM",0,0,0,0,0,0
"251637::141.swc","251637","141.swc","ITi","R-IDD5","IDD5","curated_251637","R","R",205.862,181.4848,99.1752,51465.5,45371.2,24793.8,1035.87599999999,13,12,0,1,0,"R","IDD5",0,0.213501195794414,0,0,0,0.587392265691981
"251637::142.swc","251637","142.swc","ITi","R-IDD5","IDD5","curated_251637","R","R",206.3848,183.1048,98.406,51596.2,45776.2,24601.5,22.427,1,1,0,0,0,"R","IDD5",0,0,0,0,0,0
"251637::143.swc","251637","143.swc","ITi","R-IDD5","IDD5","curated_251637","R","R",207.0116,184.468,99.1872,51752.9,46117,24796.8,1444.09899999995,10,9,0,1,0,"R","IDD5",0,0,0,0,0,0.749520454783245
"251637::144.swc","251637","144.swc","CT","R-IDD5","IDD5","curated_251637","R","R",204.6492,184.8968,98.204,51162.3,46224.2,24551,416.868999999993,3,2,0,1,0,"R","IDD5",0,0,0,0,0,0.34812615139267
"251637::145.swc","251637","145.swc","ITi","R-IDD5","IDD5","curated_251637","R","R",206.828,184.13,98.104,51707,46032.5,24526,63.795,1,1,0,0,0,"R","IDD5",0,0,0,0,0,0
"251637::146.swc","251637","146.swc","ITi","R-IDM","IDM","curated_251637","R","R",211.8776,181.772,93.3952,52969.4,45443,23348.8,140.226000000002,2,1,0,1,0,"R","IDM",0,0,0,0,0,0
"251637::147.swc","251637","147.swc","ITi","R-IDM","IDM","curated_251637","R","R",212.0136,182.4168,92.7008,53003.4,45604.2,23175.2,81.6160000000005,2,1,0,1,0,"R","IDM",0,0,0,0,0,0
"251637::148.swc","251637","148.swc","ITi","R-IDM","IDM","curated_251637","R","R",211.3808,182.2488,92.238,52845.2,45562.2,23059.5,317.899999999995,2,1,0,1,0,"R","IDM",0,0,0,0,0,0
"251637::149.swc","251637","149.swc","ITi","R-IDM","IDM","curated_251637","R","R",208.5332,180.852,92.326,52133.3,45213,23081.5,246.984999999998,3,2,0,1,0,"R","IDM",0,0,0,0,0.431001076426265,0
"251637::150.swc","251637","150.swc","ITi","R-IDM","IDM","curated_251637","R","R",208.372,180.8592,92.3,52093,45214.8,23075,94.1400000000011,2,1,0,1,0,"R","IDM",0,0,0,0,0,0
"251637::151.swc","251637","151.swc","ITi","R-IDM","IDM","curated_251637","R","R",208.018,179.6528,93.264,52004.5,44913.2,23316,381.288999999991,1,1,0,0,0,"R","IDM",0,0,0,0,0,0
"251637::152.swc","251637","152.swc","ITs","R-IDM","IDM","curated_251637","R","R",207.2768,181.8832,93.1,51819.2,45470.8,23275,144.795000000001,2,2,0,0,0,"R","IDM",0,0,0,0,0.51293138837954,0
"251637::153.swc","251637","153.swc","ITi","R-IDM","IDM","curated_251637","R","R",207.3596,182.8872,92.484,51839.9,45721.8,23121,96.5340000000009,1,1,0,0,0,"R","IDM",0,0,0,0,0,0
"251637::154.swc","251637","154.swc","ITi","R-IDM","IDM","curated_251637","R","R",206.7864,181.0968,94.076,51696.6,45274.2,23519,290.613999999996,5,4,0,1,0,"R","IDM",0,0,0,0,0,0.517903431307939
"251637::155.swc","251637","155.swc","ITi","R-IDM","IDM","curated_251637","R","R",208.4984,181.3872,94.8648,52124.6,45346.8,23716.2,20.716,1,1,0,0,0,"R","IDM",0,0,0,0,0,0
"251637::156.swc","251637","156.swc","ITi","R-IDM","IDM","curated_251637","R","R",209.2352,181.034,94.846,52308.8,45258.5,23711.5,44.743,2,1,0,1,0,"R","IDM",0,0,0,0,0,0
"251637::157.swc","251637","157.swc","PT","R-IDM","IDM","curated_251637","R","R",207.1588,176.626,95.386,51789.7,44156.5,23846.5,764.793999999989,6,5,0,1,0,"R","IDM",0.526400189055062,0,0,0,0,0.0366631781506364
"251637::158.swc","251637","158.swc","ITi","R-IDM","IDM","curated_251637","R","R",207.6988,181.826,95.33,51924.7,45456.5,23832.5,31.212,1,1,0,0,0,"R","IDM",0,0,0,0,0,0
"251637::392.swc","251637","392.swc","ITs","L-IDD5","IDD5","curated_251637","L","L",52.174,171.5592,106.0664,13043.5,42889.8,26516.6,746.525999999989,5,4,0,1,0,"L","IDD5",0,0,0,0,0.39894099599162,0.170710786335219
"251637::393.swc","251637","393.swc","ITi","L-IDD5","IDD5","curated_251637","L","L",51.454,170.882,102.7544,12863.5,42720.5,25688.6,796.867999999986,10,9,0,1,0,"L","IDD5",0,0.228483754112708,0.292093631257685,0,0.200578271610409,0
"251637::394.swc","251637","394.swc","ITi","L-IDD5","IDD5","curated_251637","L","L",51.8568,171.054,103.156,12964.2,42763.5,25789,87.3810000000009,3,2,0,1,0,"L","IDD5",0,0,0,0,0,0
"251637::395.swc","251637","395.swc","ITi","L-IDD5","IDD5","curated_251637","L","L",52.634,172.3152,104.0916,13158.5,43078.8,26022.9,159.698000000002,3,2,0,1,0,"L","IDD5",0,0,0,0,0,0
"251637::396.swc","251637","396.swc","ITi","L-IDD5","IDD5","curated_251637","L","L",51.5472,170.44,101.6064,12886.8,42610,25401.6,598.880999999988,3,2,0,1,0,"L","IDD5",0,0,0,0,0,0
"251637::397.swc","251637","397.swc","ITi","L-IDD5","IDD5","curated_251637","L","L",50.5848,170.526,102.238,12646.2,42631.5,25559.5,61.2009999999999,2,1,0,1,0,"L","IDD5",0,0,0,0,0,0
"251637::398.swc","251637","398.swc","CT","L-IDD5","IDD5","curated_251637","L","L",52.302,170.224,100.6656,13075.5,42556,25166.4,441.07399999999,5,4,0,1,0,"L","IDD5",0,0,0,0,0.0614966873031389,0.441772564353209
"251637::399.swc","251637","399.swc","ITs","L-IDD5","IDD5","curated_251637","L","L",52.606,171.226,100.4492,13151.5,42806.5,25112.3,2289.80099999993,11,10,0,1,0,"L","IDD5",0,0,0.207216442007073,0,0.495382092153144,0
"251637::400.swc","251637","400.swc","CT","L-IDD5","IDD5","curated_251637","L","L",53.9312,172.178,101.3044,13482.8,43044.5,25326.1,2354.38799999988,17,16,0,1,0,"L","IDD5",0,0.0274465099964925,0.0738462694793807,0.0483101167510147,0.270324948639575,0.398644585859598
"251637::401.swc","251637","401.swc","ITs","L-IDD5","IDD5","curated_251637","L","L",53.6272,173.0272,101.5648,13406.8,43256.8,25391.2,487.874999999994,7,6,0,1,0,"L","IDD5",0,0,0,0,0.421851353623676,0.297110587971526
"251637::402.swc","251637","402.swc","ITs","L-IDD5","IDD5","curated_251637","L","L",53.908,173.1072,101.4776,13477,43276.8,25369.4,714.287999999989,11,10,0,1,0,"L","IDD5",0,0,0,0,0.263179027767864,0.553126561496181
"251637::403.swc","251637","403.swc","ITi","L-IDD5","IDD5","curated_251637","L","L",54.1952,173.23,102.15,13548.8,43307.5,25537.5,2136.74699999994,11,10,0,1,0,"L","IDD5",0,0.428765925555833,0,0,0.0964713964526605,0.315781913564826
"251637::404.swc","251637","404.swc","ITi","L-IDD5","IDD5","curated_251637","L","L",54.3392,173.554,101.6164,13584.8,43388.5,25404.1,78.2200000000007,4,3,0,1,0,"L","IDD5",0,0,0,0,0.114876781543448,0
"251637::405.swc","251637","405.swc","ITs","L-IDD5","IDD5","curated_251637","L","L",54.4752,171.772,103.2928,13618.8,42943,25823.2,931.726999999976,13,12,0,1,0,"L","IDD5",0,0.207415335352059,0.0884758623090042,0,0.421678674602346,0.0753628484911768
"251637::406.swc","251637","406.swc","ITi","L-IDD5","IDD5","curated_251637","L","L",54.034,171.3608,103.0636,13508.5,42840.2,25765.9,267.185999999997,1,1,0,0,0,"L","IDD5",0,0,0,0,0,0
"251637::407.swc","251637","407.swc","ITi","L-IDD5","IDD5","curated_251637","L","L",54.9432,170.5688,103.53,13735.8,42642.2,25882.5,188.543999999999,2,1,0,1,0,"L","IDD5",0,0,0,0,0,0
"251637::408.swc","251637","408.swc","ITi","L-IDD5","IDD5","curated_251637","L","L",54.6288,171.9712,102.6524,13657.2,42992.8,25663.1,23.874,1,1,0,0,0,"L","IDD5",0,0,0,0,0,0
"251637::409.swc","251637","409.swc","ITs","L-IDD5","IDD5","curated_251637","L","L",55.038,173.376,104.5616,13759.5,43344,26140.4,264.410999999998,5,4,0,1,0,"L","IDD5",0,0,0,0,0.539579806830628,0.119287065617843
"251637::410.swc","251637","410.swc","ITi","L-IDD5","IDD5","curated_251637","L","L",53.722,173.088,104.3064,13430.5,43272,26076.6,52.9649999999998,2,2,0,0,0,"L","IDD5",0,0,0,0,0,0.130993150684932
"251637::411.swc","251637","411.swc","ITi","L-IDD5","IDD5","curated_251637","L","L",51.8792,170.724,105.126,12969.8,42681,26281.5,124.657000000002,2,1,0,1,0,"L","IDD5",0,0,0,0,0,0
"251637::412.swc","251637","412.swc","ITi","L-IDD5","IDD5","curated_251637","L","L",52.3512,170.552,103.7636,13087.8,42638,25940.9,61.7209999999999,2,1,0,1,0,"L","IDD5",0,0,0,0,0,0
"251637::413.swc","251637","413.swc","ITi","L-IDD5","IDD5","curated_251637","L","L",53.9152,171.866,99.808,13478.8,42966.5,24952,68.2020000000002,1,1,0,0,0,"L","IDD5",0,0,0,0,0,0
"251637::414.swc","251637","414.swc","PT","L-IDD5","IDD5","curated_251637","L","L",51.444,173.268,98.9048,12861,43317,24726.2,1299.68199999997,21,20,0,1,0,"L","IDD5",0.348438726887457,0,0.102991319687208,0,0.28473469651174,0.127343523109854
"251637::415.swc","251637","415.swc","ITi","L-IDD5","IDD5","curated_251637","L","L",51.69,173.7648,98.514,12922.5,43441.2,24628.5,2693.17399999985,9,8,0,1,0,"L","IDD5",0,0.149945316161864,0.0874346211935213,0,0.151663951074705,0.397413863654964
"251637::416.swc","251637","416.swc","ITi","L-IDD5","IDD5","curated_251637","L","L",52.484,173.9288,98.1168,13121,43482.2,24529.2,288.423999999995,4,3,0,1,0,"L","IDD5",0,0,0,0,0,0
"251637::417.swc","251637","417.swc","ITi","L-IDD5","IDD5","curated_251637","L","L",51.4168,173.696,97.2288,12854.2,43424,24307.2,1018.56399999998,7,6,0,1,0,"L","IDD5",0,0,0.255553339482935,0,0.178417391737927,0.230485403006657
"251637::418.swc","251637","418.swc","CT","L-IDD5","IDD5","curated_251637","L","L",52.9032,173.4008,96.5952,13225.8,43350.2,24148.8,445.715999999994,7,6,0,1,0,"L","IDD5",0.223040935672515,0,0,0.0541081871345029,0.146301169590643,0.255292397660819
"251637::419.swc","251637","419.swc","ITi","L-IDD5","IDD5","curated_251637","L","L",52.8808,173.8992,96.2888,13220.2,43474.8,24072.2,354.013999999994,5,4,0,1,0,"L","IDD5",0,0,0,0,0.298045460494743,0.211661794860608
"251637::420.swc","251637","420.swc","ITi","L-IDD5","IDD5","curated_251637","L","L",52.886,171.9312,99.0448,13221.5,42982.8,24761.2,164.039000000001,4,3,0,1,0,"L","IDD5",0,0,0,0,0.46197166744078,0
"251637::421.swc","251637","421.swc","CT","L-IDD5","IDD5","curated_251637","L","L",54.016,171.47,98.752,13504,42867.5,24688,203.586999999999,4,3,0,1,0,"L","IDD5",0.379494504129665,0,0,0,0,0
"251637::422.swc","251637","422.swc","ITi","L-IDD5","IDD5","curated_251637","L","L",53.796,171.0112,97.3048,13449,42752.8,24326.2,1085.80399999998,9,8,0,1,0,"L","IDD5",0,0,0.101535791575624,0,0.62741633647322,0
"251637::423.swc","251637","423.swc","ITi","L-IDD5","IDD5","curated_251637","L","L",53.9352,171.564,97.4352,13483.8,42891,24358.8,543.995999999987,6,5,0,1,0,"L","IDD5",0,0,0,0,0.206935932699577,0.445431002589715
"251637::424.swc","251637","424.swc","CT","L-IDM","IDM","curated_251637","L","L",50.91,171.0688,93.588,12727.5,42767.2,23397,479.27099999999,3,3,0,0,0,"L","IDM",0.382464961819171,0,0,0,0.157789076718137,0
"251637::425.swc","251637","425.swc","ITi","L-IDM","IDM","curated_251637","L","L",51.5472,171.8832,93.7552,12886.8,42970.8,23438.8,242.481999999999,5,4,0,1,0,"L","IDM",0,0,0,0,0.24806955933064,0.293448137256976
"251637::426.swc","251637","426.swc","ITi","L-IDM","IDM","curated_251637","L","L",52.11,170.6888,94.264,13027.5,42672.2,23566,84.4530000000008,2,1,0,1,0,"L","IDM",0,0,0,0,0,0
"251637::427.swc","251637","427.swc","ITi","L-IDM","IDM","curated_251637","L","L",51.4072,170.826,94.802,12851.8,42706.5,23700.5,48.0489999999999,2,1,0,1,0,"L","IDM",0,0,0,0,0,0
"251637::428.swc","251637","428.swc","ITi","L-IDM","IDM","curated_251637","L","L",51.334,171.1808,95.4472,12833.5,42795.2,23861.8,285.786999999997,2,1,0,1,0,"L","IDM",0,0,0,0,0,0
"251637::429.swc","251637","429.swc","ITi","L-IDM","IDM","curated_251637","L","L",51.034,171.126,95.646,12758.5,42781.5,23911.5,40.7849999999999,1,1,0,0,0,"L","IDM",0,0,0,0,0,0
"251637::430.swc","251637","430.swc","ITs","L-IDM","IDM","curated_251637","L","L",49.522,173.104,96.8208,12380.5,43276,24205.2,1305.67399999999,6,5,0,1,0,"L","IDM",0,0,0,0,0.123641954714901,0.446251142281081
"251637::431.swc","251637","431.swc","ITs","L-IDM","IDM","curated_251637","L","L",49.0792,171.88,95.9032,12269.8,42970,23975.8,897.231999999979,5,4,0,1,0,"L","IDM",0,0,0,0,0.484293649718389,0
"251637::432.swc","251637","432.swc","PT","L-IDM","IDM","curated_251637","L","L",51.034,172.07,92.8248,12758.5,43017.5,23206.2,446.839999999993,11,10,0,1,0,"L","IDM",0.140933009512244,0,0,0.127018822100789,0.0872495446265938,0.420441206233556
"251637::433.swc","251637","433.swc","ITs","L-IDM","IDM","curated_251637","L","L",50.81,173.2648,92.3408,12702.5,43316.2,23085.2,1116.50699999997,11,10,0,1,0,"L","IDM",0,0,0,0,0.530780636896416,0.19130092700001
"251637::434.swc","251637","434.swc","CT","L-IDM","IDM","curated_251637","L","L",51.1632,173.0568,91.3552,12790.8,43264.2,22838.8,406.300999999992,8,7,0,1,0,"L","IDM",0.169661512745508,0,0,0.360598313709103,0,0.274956367837565
"251637::435.swc","251637","435.swc","ITi","L-IDM","IDM","curated_251637","L","L",50.1008,174.0688,92.0552,12525.2,43517.2,23013.8,32.951,1,1,0,0,0,"L","IDM",0,0,0,0,0,0
"251637::436.swc","251637","436.swc","ITi","L-IDM","IDM","curated_251637","L","L",49.5552,173.468,91.2488,12388.8,43367,22812.2,2140.97899999992,3,2,0,1,0,"L","IDM",0,0.490578535445973,0,0,0,0
"251637::437.swc","251637","437.swc","ITs","L-IDM","IDM","curated_251637","L","L",50.148,175.0128,90.9912,12537,43753.2,22747.8,4104.92799999963,21,20,0,1,0,"L","IDM",0,0.0931001549334635,0.252121315024301,0,0.330305409936965,0.204597066876074
"251637::438.swc","251637","438.swc","CT","L-IDM","IDM","curated_251637","L","L",52.82,172.5768,90.4808,13205,43144.2,22620.2,279.581999999996,5,4,0,1,0,"L","IDM",0,0,0,0.00573813249869588,0.369050906747676,0
"251637::439.swc","251637","439.swc","ITi","L-IDM","IDM","curated_251637","L","L",53.2568,172.8072,89.9952,13314.2,43201.8,22498.8,535.886999999995,5,4,0,1,0,"L","IDM",0,0,0,0,0,0.495302320265173
"251637::440.swc","251637","440.swc","ITi","L-IDM","IDM","curated_251637","L","L",55.124,172.488,90.1072,13781,43122,22526.8,825.013999999992,4,3,0,1,0,"L","IDM",0,0,0,0,0.38133553247448,0
"251637::441.swc","251637","441.swc","ITi","L-IDV","IDV","curated_251637","L","L",52.0248,173.9408,89.3688,13006.2,43485.2,22342.2,218.458999999998,2,1,0,1,0,"L","IDV",0,0,0,0,0,0
"251637::442.swc","251637","442.swc","ITs","L-IDV","IDV","curated_251637","L","L",52.264,173.518,87.202,13066,43379.5,21800.5,2243.7269999999,10,9,0,1,0,"L","IDV",0.324745560322684,0,0.264027158745366,0,0.212549117618472,0
"251637::443.swc","251637","443.swc","ITi","L-IDV","IDV","curated_251637","L","L",53.1512,171.212,88.46,13287.8,42803,22115,928.31699999998,6,5,0,1,0,"L","IDV",0,0,0.450995955701705,0,0,0.21003893109574
"251637::444.swc","251637","444.swc","ITi","L-IDM","IDM","curated_251637","L","L",53.548,171.5368,89.2488,13387,42884.2,22312.2,224.218,4,3,0,1,0,"L","IDM",0,0,0,0,0,0.531026048148307
"251637::445.swc","251637","445.swc","ITs","L-IDM","IDM","curated_251637","L","L",51.0808,169.778,89.2752,12770.2,42444.5,22318.8,476.922999999994,5,4,0,1,0,"L","IDM",0,0,0,0.174564796905222,0.329746937459703,0
"251637::446.swc","251637","446.swc","ITi","L-IDM","IDM","curated_251637","L","L",50.3632,169.8048,89.8352,12590.8,42451.2,22458.8,461.989999999993,3,2,0,1,0,"L","IDM",0,0,0,0,0,0
"251637::447.swc","251637","447.swc","ITs","L-IDM","IDM","curated_251637","L","L",50.382,172.1768,90.1912,12595.5,43044.2,22547.8,460.594999999992,3,3,0,0,0,"L","IDM",0,0,0,0,0.442403232573031,0
"251637::448.swc","251637","448.swc","ITc","L-IDM","IDM","curated_251637","L","L",48.858,172.7768,90.308,12214.5,43194.2,22577,317.796999999997,3,1,1,1,0.2892,"L","IDM",0,0,0,0,0,0
"251637::449.swc","251637","449.swc","ITi","L-IDM","IDM","curated_251637","L","L",49.164,171.3688,91.3032,12291,42842.2,22825.8,27.6119999999999,1,1,0,0,0,"L","IDM",0,0,0,0,0,0
"251637::450.swc","251637","450.swc","ITs","L-IDM","IDM","curated_251637","L","L",49.488,172.6608,91.3432,12372,43165.2,22835.8,157.615000000001,2,2,0,0,0,"L","IDM",0,0,0,0,0.380736724605326,0
"251637::451.swc","251637","451.swc","ITi","L-IDM","IDM","curated_251637","L","L",51.602,173.452,91.296,12900.5,43363,22824,25.556,2,1,0,1,0,"L","IDM",0,0,0,0,0,0
"251637::452.swc","251637","452.swc","ITi","L-IDM","IDM","curated_251637","L","L",50.234,174.5272,93.654,12558.5,43631.8,23413.5,960.83599999998,7,6,0,1,0,"L","IDM",0,0.283195970695971,0.224021592442645,0,0.173836032388664,0
"251637::453.swc","251637","453.swc","ITi","L-IDM","IDM","curated_251637","L","L",48.566,172.8328,94.474,12141.5,43208.2,23618.5,120.877000000002,2,1,0,1,0,"L","IDM",0,0,0,0,0,0
"251637::454.swc","251637","454.swc","ITi","L-IDM","IDM","curated_251637","L","L",49.928,170.464,93.904,12482,42616,23476,481.124999999992,5,4,0,1,0,"L","IDM",0,0,0,0,0,0.683874331899361
"251637::455.swc","251637","455.swc","ITi","L-IDM","IDM","curated_251637","L","L",51.052,169.934,91.8832,12763,42483.5,22970.8,67.4620000000003,2,1,0,1,0,"L","IDM",0,0,0,0,0,0
"251637::456.swc","251637","456.swc","ITi","L-IDM","IDM","curated_251637","L","L",51.1032,170.114,92.104,12775.8,42528.5,23026,148.380000000001,1,1,0,0,0,"L","IDM",0,0,0,0,0,0
"251637::457.swc","251637","457.swc","ITi","L-IDM","IDM","curated_251637","L","L",52.73,171.028,93.5568,13182.5,42757,23389.2,892.169999999982,7,6,0,1,0,"L","IDM",0,0,0,0,0.173108145566863,0.589316120856928
"251637::458.swc","251637","458.swc","ITi","L-IDM","IDM","curated_251637","L","L",52.972,173.736,94.362,13243,43434,23590.5,25.565,2,1,0,1,0,"L","IDM",0,0,0,0,0,0
"251637::459.swc","251637","459.swc","ITi","L-IDM","IDM","curated_251637","L","L",53.5,173.158,91.086,13375,43289.5,22771.5,220.572999999999,2,1,0,1,0,"L","IDM",0,0,0,0,0,0
"251637::460.swc","251637","460.swc","ITi","L-IDM","IDM","curated_251637","L","L",53.6232,171.17,92.4928,13405.8,42792.5,23123.2,102.353000000001,2,1,0,1,0,"L","IDM",0,0,0,0,0,0
"251637::461.swc","251637","461.swc","ITi","L-IDM","IDM","curated_251637","L","L",53.9608,170.27,92.766,13490.2,42567.5,23191.5,239.668999999998,2,1,0,1,0,"L","IDM",0,0,0,0,0,0
"251637::462.swc","251637","462.swc","ITi","L-IDM","IDM","curated_251637","L","L",52.9728,171.472,91.872,13243.2,42868,22968,30.0679999999999,2,1,0,1,0,"L","IDM",0,0,0,0,0,0
"251637::463.swc","251637","463.swc","CT","L-IDM","IDM","curated_251637","L","L",51.7928,171.146,91.864,12948.2,42786.5,22966,219.951000000001,5,5,0,0,0,"L","IDM",0,0,0,0.373810856183548,0,0.317040696215966
"251637::464.swc","251637","464.swc","ITi","L-IDM","IDM","curated_251637","L","L",50.9728,173.256,92.0592,12743.2,43314,23014.8,75.7240000000003,2,1,0,1,0,"L","IDM",0,0,0,0,0,0
"251637::465.swc","251637","465.swc","ITs","L-IDM","IDM","curated_251637","L","L",51.0608,168.864,94.5312,12765.2,42216,23632.8,342.207999999993,5,4,0,1,0,"L","IDM",0,0,0,0,0.17658826254501,0.416517509317947
"251637::466.swc","251637","466.swc","ITi","L-IDM","IDM","curated_251637","L","L",51.766,168.9352,96.368,12941.5,42233.8,24092,83.3940000000006,4,3,0,1,0,"L","IDM",0,0,0,0,0.189168435792041,0
"251637::467.swc","251637","467.swc","ITi","L-IDM","IDM","curated_251637","L","L",52.5072,168.4768,97.3512,13126.8,42119.2,24337.8,135.474000000002,3,2,0,1,0,"L","IDM",0,0,0,0,0,0
"251637::468.swc","251637","468.swc","ITi","L-IDD5","IDD5","curated_251637","L","L",53.468,169.354,97.0368,13367,42338.5,24259.2,83.0220000000009,3,2,0,1,0,"L","IDD5",0,0,0,0,0,0
"251637::469.swc","251637","469.swc","ITi","L-IDM","IDM","curated_251637","L","L",54.5568,170.696,96.57,13639.2,42674,24142.5,218.393999999999,3,2,0,1,0,"L","IDM",0,0,0,0,0.175253534680583,0
"251637::470.swc","251637","470.swc","ITi","L-IDM","IDM","curated_251637","L","L",52.704,171.832,96.1728,13176,42958,24043.2,36.087,2,1,0,1,0,"L","IDM",0,0,0,0,0,0
"251637::471.swc","251637","471.swc","ITi","L-IDM","IDM","curated_251637","L","L",52.6312,171.0672,97.782,13157.8,42766.8,24445.5,106.838000000002,2,2,0,0,0,"L","IDM",0,0,0,0,0,0
"251637::472.swc","251637","472.swc","ITs","L-IAL","IAL","curated_251637","L","L",77.4928,211.3912,76.536,19373.2,52847.8,19134,1977.3969999999,23,22,0,1,0,"L","IAL",0,0,0.488704695978183,0.0471461077641452,0.289906215946112,0.0671055677577085
"251637::473.swc","251637","473.swc","CT","L-IAL","IAL","curated_251637","L","L",78.208,210.4168,75.1672,19552,52604.2,18791.8,524.963999999996,3,3,0,0,0,"L","IAL",0,0,0.511087970084964,0.488912029915036,0,0
"251637::474.swc","251637","474.swc","ITs","L-IAPM","IAPM","curated_251637","L","L",81.02,210.1168,73.7592,20255,52529.2,18439.8,1112.92699999996,10,9,0,1,0,"L","IAPM",0,0,0.435306498289924,0,0.458734543541173,0.105958958168903
"251637::475.swc","251637","475.swc","ITs","L-IAPM","IAPM","curated_251637","L","L",80.4,211.9072,77.3888,20100,52976.8,19347.2,3140.36499999974,27,26,0,1,0,"L","IAPM",0.11732786058403,0,0.292550046089361,0,0.223168165295581,0.289532497347688
"251637::476.swc","251637","476.swc","ITi","L-IAPM","IAPM","curated_251637","L","L",79.5368,210.6632,77.8928,19884.2,52665.8,19473.2,1969.56599999989,19,18,0,1,0,"L","IAPM",0,0.122474543622405,0.410386313404335,0.0570144916240306,0.0843553927436102,0.215860060906019
"251637::477.swc","251637","477.swc","ITs","L-IAPM","IAPM","curated_251637","L","L",78.73,211.118,80.324,19682.5,52779.5,20081,921.81399999998,16,15,0,1,0,"L","IAPM",0,0.0731053369519764,0.509736719115127,0,0.417157943932897,0
"251637::478.swc","251637","478.swc","ITs","L-IAPM","IAPM","curated_251637","L","L",81.8072,212.0196,82.5328,20451.8,53004.9,20633.2,2295.79199999981,21,20,0,1,0,"L","IAPM",0,0,0.41793466908752,0,0.372779322053869,0.0910658718554343
"251637::479.swc","251637","479.swc","ITi","L-IAPM","IAPM","curated_251637","L","L",82.224,213.6916,82.0888,20556,53422.9,20522.2,340.740999999994,5,4,0,1,0,"L","IAPM",0,0,0.719726648796725,0,0.280273351203276,0
"251637::480.swc","251637","480.swc","ITi","L-IAPM","IAPM","curated_251637","L","L",81.794,213.7356,81.546,20448.5,53433.9,20386.5,178.653,4,3,0,1,0,"L","IAPM",0,0,0.734390466009423,0,0.265609533990577,0
"251637::481.swc","251637","481.swc","ITi","L-IAPM","IAPM","curated_251637","L","L",81.6768,214.7564,82.3552,20419.2,53689.1,20588.8,1088.88799999997,9,8,0,1,0,"L","IAPM",0.221965668195543,0,0.741195030978028,0,0.036839300826429,0
"251637::482.swc","251637","482.swc","ITs","L-IAPM","IAPM","curated_251637","L","L",79.6688,213.5468,79.5888,19917.2,53386.7,19897.2,662.631999999994,13,12,0,1,0,"L","IAPM",0,0,0.357506918496846,0,0.435348161124104,0.0530837394358979
"251637::483.swc","251637","483.swc","ITi","L-IAPM","IAPM","curated_251637","L","L",78.4488,213.5636,80.2608,19612.2,53390.9,20065.2,622.020999999989,12,11,0,1,0,"L","IAPM",0,0,0.481102624404254,0,0.183666673604029,0.335230701991717
"251637::484.swc","251637","484.swc","ITs","L-IAPM","IAPM","curated_251637","L","L",77.346,213.0968,79.248,19336.5,53274.2,19812,104.745000000001,4,3,0,1,0,"L","IAPM",0,0,0.847509511523156,0,0.152490488476844,0
"251637::485.swc","251637","485.swc","ITi","L-IAL","IAL","curated_251637","L","L",76.9448,212.2664,79.2632,19236.2,53066.6,19815.8,46.7100000000001,2,2,0,0,0,"L","IAL",0,0,1,0,0,0
"251637::486.swc","251637","486.swc","ITi","L-IAL","IAL","curated_251637","L","L",76.262,211.8712,79.818,19065.5,52967.8,19954.5,57.4419999999999,3,2,0,1,0,"L","IAL",0,0,1,0,0,0
"251637::487.swc","251637","487.swc","ITi","L-IAL","IAL","curated_251637","L","L",78.42,211.8992,79.5752,19605,52974.8,19893.8,30.392,2,2,0,0,0,"L","IAL",0,0,1,0,0,0
"251637::488.swc","251637","488.swc","ITi","L-IAL","IAL","curated_251637","L","L",77.9808,211.3288,79.2272,19495.2,52832.2,19806.8,53.827,2,2,0,0,0,"L","IAL",0,0,1,0,0,0
"251637::489.swc","251637","489.swc","PT","L-IAL","IAL","curated_251637","L","L",74.7048,211.884,78.3392,18676.2,52971,19584.8,346.293999999998,6,5,0,1,0,"L","IAL",0.151792291797682,0,0.366418111580271,0,0.317994789327105,0.163794807294942
"251637::490.swc","251637","490.swc","ITs","L-IAPM","IAPM","curated_251637","L","L",82.2552,212.5584,78.572,20563.8,53139.6,19643,2619.33699999978,28,27,0,1,0,"L","IAPM",0,0,0.312392878542266,0,0.320121880414133,0.367485241043601
"251637::491.swc","251637","491.swc","ITs","L-IAPM","IAPM","curated_251637","L","L",81.4928,212.4096,78.0832,20373.2,53102.4,19520.8,437.197999999992,11,10,0,1,0,"L","IAPM",0,0,0.303349868020046,0,0.398808992489257,0.297841139490698
"251637::492.swc","251637","492.swc","ITs","L-IAPM","IAPM","curated_251637","L","L",81.354,211.998,79.5872,20338.5,52999.5,19896.8,413.673999999993,6,5,0,1,0,"L","IAPM",0,0,0.754256958395912,0,0.245743041604088,0
"251637::493.swc","251637","493.swc","ITs","L-IAPM","IAPM","curated_251637","L","L",80.426,210.7472,80.6248,20106.5,52686.8,20156.2,793.375999999982,15,14,0,1,0,"L","IAPM",0,0,0.440086653152487,0,0.502640485118452,0.057272861729061
"251637::494.swc","251637","494.swc","ITi","L-IAPM","IAPM","curated_251637","L","L",80.8568,211.5472,78.5568,20214.2,52886.8,19639.2,87.9960000000008,5,4,0,1,0,"L","IAPM",0,0,1,0,0,0
"252383::018.swc","252383","018.swc","ITi","CR_Ig","IG","auto_atlas_insula","R","R",185.9445,152.656,119.4958,46486.125,38164,29873.95,437.123999999996,5,4,0,1,0,"R","IG",0,0,0,0,0,0.604248066502661
"252383::019.swc","252383","019.swc","ITi","CR_Ig","IG","auto_atlas_insula","R","R",186.0838,151.339,118.772,46520.95,37834.75,29693,169.469,2,2,0,0,0,"R","IG",0,0,0,0,0,0.124376350422314
"252383::091.swc","252383","091.swc","ITi","CL_Ig","IG","auto_atlas_insula","L","L",56.563,162.881,121.412,14140.75,40720.25,30353,385.155999999996,3,2,0,1,0,"L","IG",0,0,0,0,0,0.509231340167927
"252383::122.swc","252383","122.swc","ITi","CR_Ig","IG","auto_atlas_insula","R","R",196.6678,164.712,122.4963,49166.95,41178,30624.075,174.277,3,2,0,1,0,"R","IG",0,0,0,0,0,0.569337183533678
"252383::125.swc","252383","125.swc","ITi","CR_Ig","IG","auto_atlas_insula","R","R",197.183,167.47,121.3836,49295.75,41867.5,30345.9,430.301999999996,4,3,0,1,0,"R","IG",0,0,0,0,0.370325490592077,0.275690868087112
"252384::048.swc","252384","048.swc","ITi","CL_Ial","IAL","auto_atlas_insula","L","L",75.181,205.632,77.183,18795.25,51408,19295.75,467.91699999999,11,10,0,1,0,"L","IAL",0,0,0.338677170187733,0,0.346554810987774,0.314768018824492
"252384::049.swc","252384","049.swc","ITs","CL_Ial","IAL","auto_atlas_insula","L","L",75.132,205.908,76.908,18783,51477,19227,757.307999999987,11,10,0,1,0,"L","IAL",0,0,0.476853652843694,0,0.304031298974114,0.219115048182192
"252384::053.swc","252384","053.swc","ITi","CL_Ial","IAL","auto_atlas_insula","L","L",73.315,203.608,75.788,18328.75,50902,18947,335.814999999993,7,6,0,1,0,"L","IAL",0,0,0.292868146805618,0.363842319891255,0,0.343289533303126
"252384::077.swc","252384","077.swc","ITi","CR_Ial","IAL","auto_atlas_insula","R","R",183.3069,208.983,82.787,45826.725,52245.75,20696.75,165.837000000001,4,3,0,1,0,"R","IAL",0,0,1,0,0,0
"252384::079.swc","252384","079.swc","ITi","CR_Ial","IAL","auto_atlas_insula","R","R",184.9936,209.9,83.09,46248.4,52475,20772.5,107.842000000002,4,3,0,1,0,"R","IAL",0,0,1,0,0,0
"252385::025.swc","252385","025.swc","ITi","CL_Ia/Id","IA/ID","auto_atlas_insula","L","L",58.901,190.706,108.309,14725.25,47676.5,27077.25,361.995999999994,3,2,0,1,0,"L","IA/ID",0,0,0.505683605157928,0,0,0
"252385::026.swc","252385","026.swc","ITi","CL_Ia/Id","IA/ID","auto_atlas_insula","L","L",55.118,188.714,106.4801,13779.5,47178.5,26620.025,2644.41099999988,12,11,0,1,0,"L","IA/ID",0,0.184320178182637,0.275795190069822,0,0.245113741585125,0.118828048749969
"252385::027.swc","252385","027.swc","ITi","CL_Ia/Id","IA/ID","auto_atlas_insula","L","L",55.691,187.365,107.489,13922.75,46841.25,26872.25,2385.25799999989,19,18,0,1,0,"L","IA/ID",0,0.161972042506923,0.310385842239002,0,0.171355283629788,0.190776550307268
"252385::036.swc","252385","036.swc","ITi","CL_Ial","IAL","auto_atlas_insula","L","L",75.435,209.919,76.223,18858.75,52479.75,19055.75,2149.42799999992,12,11,0,1,0,"L","IAL",0,0,0.626505508152494,0,0,0.139400687314655
"252385::037.swc","252385","037.swc","ITi","CL_Ial","IAL","auto_atlas_insula","L","L",75.145,209.287,76.79,18786.25,52321.75,19197.5,281.154999999998,3,2,0,1,0,"L","IAL",0,0,1,0,0,0
"252385::038.swc","252385","038.swc","ITs","CL_Ial","IAL","auto_atlas_insula","L","L",74.168,206.676,76.814,18542,51669,19203.5,2539.20999999986,24,23,0,1,0,"L","IAL",0,0.058079296801945,0.218809612867028,0,0.225135590050496,0.40337104918646
"252385::039.swc","252385","039.swc","ITi","CL_Ial","IAL","auto_atlas_insula","L","L",75.378,205.484,76.949,18844.5,51371,19237.25,149.254000000001,6,5,0,1,0,"L","IAL",0,0,0.487931429881894,0,0.0759947253755303,0.436073844742575
"252385::040.swc","252385","040.swc","ITi","CL_Ial","IAL","auto_atlas_insula","L","L",74.196,206.506,74.077,18549,51626.5,18519.25,591.056999999996,6,5,0,1,0,"L","IAL",0,0,0.53832616347282,0,0.0380654412723243,0
"252385::041.swc","252385","041.swc","ITi","CL_Ial","IAL","auto_atlas_insula","L","L",74.498,207.459,73.165,18624.5,51864.75,18291.25,127.269000000002,4,3,0,1,0,"L","IAL",0,0,0.671760309622314,0,0.328239690377686,0
"252385::042.swc","252385","042.swc","ITi","CL_Ial","IAL","auto_atlas_insula","L","L",74.991,208.442,73.507,18747.75,52110.5,18376.75,40.9789999999999,1,1,0,0,0,"L","IAL",0,0,1,0,0,0
"252385::043.swc","252385","043.swc","ITi","CL_Ial","IAL","auto_atlas_insula","L","L",75.95,209.073,73.972,18987.5,52268.25,18493,96.4870000000008,2,1,0,1,0,"L","IAL",0,0,1,0,0,0
"252385::044.swc","252385","044.swc","ITi","CL_Ial","IAL","auto_atlas_insula","L","L",77.592,207.16,73.596,19398,51790,18399,143.739000000002,2,1,0,1,0,"L","IAL",0,0,1,0,0,0
"252385::045.swc","252385","045.swc","ITs","CL_Ial","IAL","auto_atlas_insula","L","L",78.439,208.53,74.573,19609.75,52132.5,18643.25,112.424000000001,6,5,0,1,0,"L","IAL",0,0,0.310679069767442,0,0.689320930232558,0
"252385::046.swc","252385","046.swc","ITs","CL_Ial","IAL","auto_atlas_insula","L","L",77.136,210.3,76.179,19284,52575,19044.75,2680.04299999983,22,21,0,1,0,"L","IAL",0.145349363703676,0,0.37611531639029,0,0.243507859817714,0.23502746008832
"252385::053.swc","252385","053.swc","ITs","CR_PrCO","IAL","coord_inferred_from_251637_padded_distant","R","R",196.201,219.0492,88.17,49050.25,54762.3,22042.5,378.117999999996,5,4,0,1,0,"R","IAL",0,0,0.430249466508035,0,0.2277680206976,0
"252385::054.swc","252385","054.swc","ITi","CR_PrCO","IAL","coord_inferred_from_251637_padded_distant","R","R",196.6544,218.8489,88.35,49163.6,54712.225,22087.5,40.32,2,2,0,0,0,"R","IAL",0,0,1,0,0,0
"252385::055.swc","252385","055.swc","ITs","CR_PrCO","IAL","coord_inferred_from_251637_padded_distant","R","R",196.1472,220.6792,89.273,49036.8,55169.8,22318.25,408.881999999993,6,5,0,1,0,"R","IAL",0,0.204871138982864,0.297343015100256,0,0.49778584591688,0
"252385::056.swc","252385","056.swc","ITi","CR_PrCO","IAL","coord_inferred_from_251637_padded_distant","R","R",195.1431,218.7842,85.362,48785.775,54696.05,21340.5,140.902000000002,1,1,0,0,0,"R","IAL",0,0,1,0,0,0
"252385::057.swc","252385","057.swc","ITi","CR_PrCO","IAL","coord_inferred_from_251637_padded_distant","R","R",195.6642,219.9139,86.244,48916.05,54978.475,21561,45.3459999999998,1,1,0,0,0,"R","IAL",0,0,1,0,0,0
"252385::058.swc","252385","058.swc","ITi","CR_PrCO","IAL","coord_inferred_from_251637_padded","R","R",195.9962,217.1767,85.644,48999.05,54294.175,21411,47.6619999999999,1,1,0,0,0,"R","IAL",0,0,1,0,0,0
"252385::059.swc","252385","059.swc","ITi","CR_PrCO","IAL","coord_inferred_from_251637_padded","R","R",196.3642,217.278,85.381,49091.05,54319.5,21345.25,12.383,1,1,0,0,0,"R","IAL",0,0,1,0,0,0
"252385::060.swc","252385","060.swc","ITi","CR_PrCO","IAL","coord_inferred_from_251637_padded","R","R",196.5034,218.5447,81.847,49125.85,54636.175,20461.75,182.925,1,1,0,0,0,"R","IAL",0,0,1,0,0,0
"252385::061.swc","252385","061.swc","ITi","CR_PrCO","IAL","coord_inferred_from_251637_padded_distant","R","R",195.9945,218.1859,80.675,48998.625,54546.475,20168.75,122.991000000002,2,1,0,1,0,"R","IAL",0,0,1,0,0,0
"252385::062.swc","252385","062.swc","ITi","CR_PrCO","IAL","coord_inferred_from_251637_padded_distant","R","R",196.4725,219.3808,82.632,49118.125,54845.2,20658,144.238000000001,3,2,0,1,0,"R","IAL",0,0,1,0,0,0
"252385::063.swc","252385","063.swc","ITi","CR_Ial","IAL","auto_atlas_insula","R","R",192.6292,211.459,80.24,48157.3,52864.75,20060,943.256999999988,10,9,0,1,0,"R","IAL",0,0,0.346470588235294,0,0.267708333333333,0.125649509803922
"252385::064.swc","252385","064.swc","ITi","CR_PrCO","IAL","coord_inferred_from_251637_strict_distant","R","R",192.83,216.7038,78.348,48207.5,54175.95,19587,108.762000000002,1,1,0,0,0,"R","IAL",0,0,1,0,0,0
"252385::065.swc","252385","065.swc","ITi","CR_PrCO","IAL","coord_inferred_from_251637_padded_distant","R","R",195.023,219.9862,80.612,48755.75,54996.55,20153,139.484000000002,1,1,0,0,0,"R","IAL",0,0,1,0,0,0
"252385::066.swc","252385","066.swc","ITi","CR_Ial","IAL","auto_atlas_insula","R","R",194.4202,212.3912,84.519,48605.05,53097.8,21129.75,218.783999999999,2,2,0,0,0,"R","IAL",0,0,1,0,0,0
"252385::067.swc","252385","067.swc","ITi","CR_PrCO","IAL","coord_inferred_from_251637_strict","R","R",192.331,216.6004,85.088,48082.75,54150.1,21272,286.595999999997,7,6,0,1,0,"R","IAL",0,0,0.411702108140836,0,0.121185989762031,0.252573252848467
"252385::068.swc","252385","068.swc","ITi","CR_PrCO","IAL","coord_inferred_from_251637_strict","R","R",192.5548,216.725,86.502,48138.7,54181.25,21625.5,582.663999999987,4,3,0,1,0,"R","IAL",0,0,0.510480640854473,0,0,0
"252385::069.swc","252385","069.swc","ITi","CR_PrCO","IAL","coord_inferred_from_251637_strict","R","R",194.7189,218.2082,87.289,48679.725,54552.05,21822.25,79.9030000000003,3,2,0,1,0,"R","IAL",0,0,1,0,0,0
"252385::070.swc","252385","070.swc","ITi","CR_PrCO","IAL","coord_inferred_from_251637_strict","R","R",194.3171,218.5304,88.363,48579.275,54632.6,22090.75,107.454000000001,2,2,0,0,0,"R","IAL",0,0,1,0,0,0
"252385::071.swc","252385","071.swc","ITi","CR_PrCO","IAL","coord_inferred_from_251637_strict","R","R",193.2608,218.5809,82.937,48315.2,54645.225,20734.25,173.639,3,3,0,0,0,"R","IAL",0,0,0.645361589076643,0,0.354638410923357,0
"252385::072.swc","252385","072.swc","ITi","CR_PrCO","IAL","coord_inferred_from_251637_padded","R","R",193.5584,218.9249,83.371,48389.6,54731.225,20842.75,34.137,1,1,0,0,0,"R","IAL",0,0,1,0,0,0
"252385::073.swc","252385","073.swc","ITi","CR_Ig","IG","auto_atlas_insula","R","R",189.7321,151.353,120.9629,47433.025,37838.25,30240.725,201.116,4,3,0,1,0,"R","IG",0,0,0,0,0,0.572533391204845
"252385::074.swc","252385","074.swc","ITi","CR_Ig","IG","auto_atlas_insula","R","R",189.0985,151.55,121.6838,47274.625,37887.5,30420.95,49.456,3,3,0,0,0,"R","IG",0,0,0,0,0,0.601169945641677
