NeuronUID,CL_Frontal_Lobe,SL_telencephalon,SL_diencephalon,SL_mesencephalon,SL_metencephalon,SL_myelencephalon,CL_Temporal_Lobe,SR_telencephalon,SR_diencephalon,SR_mesencephalon,SR_metencephalon,SR_myelencephalon,CL_Occipital_Lobe,CR_Frontal_Lobe,CR_Parietal_Lobe,CR_Temporal_Lobe,CR_Occipital_Lobe,CL_Parietal_Lobe
251637::001.swc,0.0,0.0,0.0,0.0,0.0,0.0,0.0,354.80199999999604,0.0,0.0,0.0,0.0,0.0,437.0469999999898,0.0,119.19700000000194,0.0,0.0
251637::002.swc,0.0,0.0,0.0,0.0,0.0,0.0,0.0,0.0,0.0,0.0,0.0,0.0,0.0,25.74899999999993,0.0,0.0,0.0,0.0
251637::007.swc,0.0,0.0,0.0,0.0,0.0,0.0,0.0,101.22300000000044,0.0,0.0,0.0,0.0,0.0,277.89399999999694,0.0,0.0,0.0,0.0
251637::008.swc,0.0,0.0,30.864999999999952,0.0,0.0,0.0,0.0,68.9060000000001,272.46999999999696,0.0,0.0,0.0,0.0,51.52800000000005,0.0,0.0,0.0,0.0
251637::009.swc,0.0,0.0,83.38400000000054,0.0,0.0,0.0,0.0,0.0,176.00800000000072,0.0,0.0,0.0,0.0,43.552000000000014,0.0,0.0,0.0,0.0
251637::012.swc,0.0,0.0,0.0,0.0,0.0,0.0,0.0,0.0,0.0,0.0,0.0,0.0,0.0,363.0539999999951,166.97700000000083,0.0,0.0,0.0
251637::013.swc,0.0,0.0,0.0,0.0,0.0,0.0,0.0,1822.953999999938,0.0,0.0,0.0,0.0,0.0,1040.3319999999858,411.06599999999395,6.560999999999998,0.0,0.0
251637::014.swc,0.0,0.0,0.0,0.0,0.0,0.0,0.0,101.17400000000075,93.87900000000047,18.131999999999998,0.0,0.0,0.0,109.02600000000106,0.0,0.0,0.0,0.0
251637::015.swc,0.0,0.0,0.0,0.0,0.0,0.0,0.0,193.12299999999956,0.0,0.0,0.0,0.0,0.0,110.63400000000101,0.0,183.80200000000028,0.0,0.0
251637::016.swc,0.0,0.0,0.0,0.0,0.0,0.0,0.0,142.1340000000018,0.0,0.0,0.0,0.0,0.0,666.3649999999873,0.0,146.05900000000102,0.0,0.0
251637::018.swc,0.0,0.0,0.0,0.0,0.0,0.0,0.0,0.0,0.0,0.0,0.0,0.0,0.0,182.68999999999917,0.0,0.0,0.0,0.0
251637::039.swc,0.0,0.0,0.0,0.0,0.0,0.0,0.0,0.0,0.0,0.0,0.0,0.0,0.0,262.447999999998,0.0,144.05000000000166,0.0,0.0
251637::042.swc,0.0,0.0,0.0,0.0,0.0,0.0,0.0,0.0,0.0,0.0,0.0,0.0,0.0,165.7440000000009,0.0,0.0,0.0,0.0
251637::044.swc,0.0,0.0,0.0,0.0,0.0,0.0,0.0,0.0,0.0,0.0,0.0,0.0,0.0,17.06099999999997,0.0,0.0,0.0,0.0
251637::045.swc,0.0,0.0,0.0,0.0,0.0,0.0,0.0,125.9760000000013,0.0,0.0,0.0,0.0,0.0,78.74500000000054,0.0,0.0,0.0,0.0
251637::046.swc,0.0,0.0,0.0,0.0,0.0,0.0,0.0,68.74800000000029,0.0,0.0,0.0,0.0,0.0,91.50200000000092,0.0,0.0,0.0,0.0
251637::047.swc,0.0,0.0,0.0,0.0,0.0,0.0,0.0,0.0,0.0,0.0,0.0,0.0,0.0,23.504999999999914,0.0,0.0,0.0,0.0
251637::048.swc,0.0,0.0,0.0,0.0,0.0,0.0,0.0,0.0,0.0,0.0,0.0,0.0,0.0,115.2940000000022,0.0,174.00000000000014,0.0,0.0
251637::049.swc,0.0,0.0,0.0,0.0,0.0,0.0,0.0,7.050000000000004,0.0,0.0,0.0,0.0,0.0,83.59400000000062,0.0,0.0,0.0,0.0
251637::050.swc,0.0,0.0,0.0,0.0,0.0,0.0,0.0,0.0,0.0,0.0,0.0,0.0,0.0,34.966999999999985,0.0,0.0,0.0,0.0
251637::051.swc,0.0,0.0,0.0,0.0,0.0,0.0,0.0,18.041999999999984,0.0,0.0,0.0,0.0,0.0,496.56299999998754,0.0,0.0,0.0,0.0
251637::052.swc,0.0,0.0,0.0,0.0,0.0,0.0,0.0,1228.0689999999745,0.0,0.0,0.0,0.0,0.0,163.3820000000009,437.4639999999959,0.0,0.0,0.0
251637::053.swc,0.0,0.0,0.0,0.0,0.0,0.0,0.0,0.0,0.0,0.0,0.0,0.0,0.0,150.943000000001,0.0,0.0,0.0,0.0
251637::054.swc,0.0,0.0,0.0,0.0,0.0,0.0,0.0,212.03099999999938,0.0,0.0,0.0,0.0,0.0,83.78000000000101,0.0,0.0,0.0,0.0
251637::055.swc,0.0,0.0,0.0,0.0,0.0,0.0,0.0,0.0,0.0,0.0,0.0,0.0,0.0,156.40500000000148,0.0,0.0,0.0,0.0
251637::056.swc,0.0,0.0,0.0,0.0,0.0,0.0,0.0,0.0,0.0,0.0,0.0,0.0,0.0,182.64600000000036,0.0,0.0,0.0,0.0
251637::057.swc,0.0,0.0,0.0,0.0,0.0,0.0,0.0,85.72500000000059,0.0,0.0,0.0,0.0,0.0,186.56099999999984,0.0,82.1150000000007,0.0,0.0
251637::058.swc,0.0,0.0,0.0,0.0,0.0,0.0,0.0,0.0,0.0,0.0,0.0,0.0,0.0,86.21900000000069,0.0,144.94400000000147,0.0,0.0
251637::059.swc,0.0,0.0,0.0,0.0,0.0,0.0,0.0,0.0,0.0,0.0,0.0,0.0,0.0,77.9620000000004,0.0,16.447000000000017,0.0,0.0
251637::060.swc,0.0,0.0,0.0,0.0,0.0,0.0,0.0,0.0,0.0,0.0,0.0,0.0,0.0,472.17899999998843,0.0,104.0420000000014,0.0,0.0
251637::061.swc,0.0,0.0,0.0,0.0,0.0,0.0,0.0,270.9479999999972,0.0,0.0,0.0,0.0,0.0,925.1409999999846,0.6290000000000001,180.80700000000033,0.0,0.0
251637::062.swc,0.0,0.0,0.0,0.0,0.0,0.0,0.0,37.446999999999974,0.0,0.0,0.0,0.0,0.0,39.696999999999974,0.0,0.0,0.0,0.0
251637::063.swc,0.0,0.0,0.0,0.0,0.0,0.0,0.0,0.0,0.0,0.0,0.0,0.0,0.0,65.48900000000006,0.0,0.0,0.0,0.0
251637::064.swc,0.0,0.0,0.0,0.0,0.0,0.0,0.0,0.0,0.0,0.0,0.0,0.0,0.0,49.44900000000003,0.0,0.0,0.0,0.0
251637::065.swc,0.0,0.0,0.0,0.0,0.0,0.0,0.0,0.0,0.0,0.0,0.0,0.0,0.0,57.11399999999996,0.0,9.313999999999998,0.0,0.0
251637::066.swc,0.0,0.0,0.0,0.0,0.0,0.0,0.0,0.0,60.52499999999989,4.404999999999998,0.0,0.0,0.0,247.81299999999848,0.0,64.00900000000013,0.0,0.0
251637::067.swc,0.0,0.0,0.0,0.0,0.0,0.0,0.0,0.0,0.0,0.0,0.0,0.0,0.0,323.9469999999934,0.0,165.23300000000054,0.0,0.0
251637::068.swc,0.0,0.0,0.0,0.0,0.0,0.0,0.0,0.0,0.0,0.0,0.0,0.0,0.0,151.77100000000115,0.0,0.0,0.0,0.0
251637::069.swc,0.0,0.0,0.0,0.0,0.0,0.0,0.0,0.0,0.0,0.0,0.0,0.0,0.0,40.49399999999994,0.0,0.0,0.0,0.0
251637::071.swc,0.0,0.0,0.0,0.0,0.0,0.0,0.0,0.0,0.0,0.0,0.0,0.0,0.0,64.36599999999994,0.0,0.0,0.0,0.0
251637::072.swc,0.0,0.0,0.0,0.0,0.0,0.0,0.0,0.0,0.0,0.0,0.0,0.0,0.0,2096.3179999999047,16.77599999999999,0.0,0.0,0.0
251637::073.swc,0.0,0.0,0.0,0.0,0.0,0.0,0.0,0.0,0.0,0.0,0.0,0.0,0.0,44.819999999999936,0.0,0.0,0.0,0.0
251637::074.swc,0.0,0.0,0.0,0.0,0.0,0.0,0.0,0.0,0.0,0.0,0.0,0.0,0.0,91.00500000000088,0.0,107.48100000000137,0.0,0.0
251637::075.swc,0.0,0.0,0.0,0.0,0.0,0.0,0.0,0.0,0.0,0.0,0.0,0.0,0.0,89.77300000000103,0.0,0.0,0.0,0.0
251637::076.swc,0.0,0.0,0.0,0.0,0.0,0.0,0.0,0.0,0.0,0.0,0.0,0.0,0.0,118.83300000000224,0.0,0.0,0.0,0.0
251637::077.swc,0.0,0.0,0.0,0.0,0.0,0.0,0.0,0.0,0.0,0.0,0.0,0.0,0.0,85.74600000000078,0.0,0.0,0.0,0.0
251637::078.swc,0.0,0.0,0.0,0.0,0.0,0.0,0.0,0.0,0.0,0.0,0.0,0.0,0.0,192.53600000000054,0.0,0.0,0.0,0.0
251637::080.swc,0.0,0.0,0.0,0.0,0.0,0.0,0.0,0.0,0.0,0.0,0.0,0.0,0.0,72.14400000000039,0.0,0.0,0.0,0.0
251637::081.swc,0.0,0.0,0.0,0.0,0.0,0.0,0.0,0.0,0.0,0.0,0.0,0.0,0.0,118.84600000000198,0.0,0.0,0.0,0.0
251637::082.swc,0.0,0.0,0.0,0.0,0.0,0.0,0.0,0.0,0.0,0.0,0.0,0.0,0.0,336.6439999999977,152.41000000000153,0.0,0.0,0.0
251637::083.swc,0.0,0.0,0.0,0.0,0.0,0.0,0.0,195.02899999999946,0.0,0.0,0.0,0.0,0.0,158.86200000000127,0.0,45.16999999999998,0.0,0.0
251637::084.swc,0.0,0.0,0.0,0.0,0.0,0.0,0.0,63.10799999999987,0.0,0.0,0.0,0.0,0.0,234.99199999999857,0.0,0.0,0.0,0.0
251637::085.swc,0.0,0.0,0.0,0.0,0.0,0.0,0.0,549.2049999999906,0.0,0.0,0.0,0.0,0.0,956.2269999999772,0.0,0.0,0.0,0.0
251637::086.swc,0.0,0.0,0.0,0.0,0.0,0.0,0.0,0.0,0.0,0.0,0.0,0.0,0.0,27.582999999999927,0.0,0.0,0.0,0.0
251637::087.swc,0.0,0.0,0.0,0.0,0.0,0.0,0.0,302.86299999999665,0.0,0.0,0.0,0.0,0.0,65.72500000000002,0.0,0.0,0.0,0.0
251637::088.swc,0.0,0.0,0.0,0.0,0.0,0.0,0.0,0.0,0.0,0.0,0.0,0.0,0.0,43.569999999999915,0.0,0.0,0.0,0.0
251637::089.swc,0.0,0.0,0.0,0.0,0.0,0.0,0.0,0.0,0.0,0.0,0.0,0.0,0.0,32.29899999999992,0.0,0.0,0.0,0.0
251637::090.swc,0.0,0.0,0.0,0.0,0.0,0.0,0.0,0.0,0.0,0.0,0.0,0.0,0.0,72.25700000000036,0.0,0.0,0.0,0.0
251637::091.swc,0.0,0.0,0.0,0.0,0.0,0.0,0.0,0.0,0.0,0.0,0.0,0.0,0.0,987.354999999982,0.0,43.26300000000011,0.0,0.0
251637::095.swc,0.0,0.0,0.0,0.0,0.0,0.0,0.0,0.0,0.0,0.0,0.0,0.0,0.0,55.25099999999995,0.0,0.0,0.0,0.0
251637::096.swc,0.0,0.0,0.0,0.0,0.0,0.0,0.0,96.30600000000074,0.0,0.0,0.0,0.0,0.0,175.8910000000002,144.20200000000102,314.3949999999974,0.0,0.0
251637::097.swc,0.0,0.0,0.0,0.0,0.0,0.0,0.0,1238.2189999999603,0.0,0.0,0.0,0.0,0.0,0.0,61.48899999999999,472.81799999999095,0.0,0.0
251637::098.swc,0.0,0.0,0.0,0.0,0.0,0.0,0.0,239.966999999998,0.0,0.0,0.0,0.0,0.0,15.271000000000003,1274.7409999999832,271.4509999999997,0.0,0.0
251637::099.swc,0.0,0.0,0.0,0.0,0.0,0.0,0.0,0.0,0.0,0.0,0.0,0.0,0.0,0.0,0.0,132.54300000000205,0.0,0.0
251637::100.swc,0.0,0.0,0.0,0.0,0.0,0.0,0.0,0.0,0.0,0.0,0.0,0.0,0.0,0.0,0.0,196.2239999999992,0.0,0.0
251637::101.swc,0.0,0.0,0.0,0.0,0.0,0.0,0.0,0.0,0.0,0.0,0.0,0.0,0.0,0.0,0.0,34.51199999999996,0.0,0.0
251637::102.swc,0.0,0.0,0.0,0.0,0.0,0.0,0.0,0.0,0.0,0.0,0.0,0.0,0.0,0.0,0.0,36.84499999999997,0.0,0.0
251637::103.swc,0.0,0.0,0.0,0.0,0.0,0.0,0.0,49.144999999999875,0.0,0.0,0.0,0.0,0.0,0.0,0.0,762.7759999999801,0.0,0.0
251637::104.swc,0.0,0.0,0.0,0.0,0.0,0.0,0.0,1777.9599999999043,0.0,0.0,0.0,0.0,0.0,0.0,30.059999999999974,791.3639999999854,0.0,0.0
251637::105.swc,0.0,0.0,0.0,0.0,0.0,0.0,0.0,0.0,0.0,0.0,0.0,0.0,0.0,0.0,0.0,571.650999999994,0.0,0.0
251637::106.swc,0.0,0.0,0.0,0.0,0.0,0.0,0.0,0.0,0.0,0.0,0.0,0.0,0.0,0.0,32.32199999999992,391.1009999999943,0.0,0.0
251637::107.swc,0.0,0.0,0.0,0.0,0.0,0.0,0.0,0.0,0.0,0.0,0.0,0.0,0.0,0.0,14.831999999999994,124.84500000000139,0.0,0.0
251637::108.swc,0.0,0.0,0.0,0.0,0.0,0.0,0.0,0.0,0.0,0.0,0.0,0.0,0.0,0.0,7.715999999999991,305.623999999998,0.0,0.0
251637::109.swc,0.0,0.0,0.0,0.0,0.0,0.0,0.0,0.0,0.0,0.0,0.0,0.0,0.0,364.8149999999925,0.0,125.66100000000174,0.0,0.0
251637::110.swc,0.0,0.0,0.0,0.0,0.0,0.0,0.0,0.0,0.0,0.0,0.0,0.0,0.0,0.0,0.0,47.376999999999875,0.0,0.0
251637::111.swc,0.0,0.0,0.0,0.0,0.0,0.0,0.0,0.0,0.0,0.0,0.0,0.0,0.0,0.0,0.0,347.63299999999623,0.0,0.0
251637::113.swc,0.0,0.0,0.0,0.0,0.0,0.0,0.0,0.0,0.0,0.0,0.0,0.0,0.0,0.0,0.0,8.225999999999997,0.0,0.0
251637::116.swc,0.0,0.0,0.0,0.0,0.0,0.0,0.0,0.0,0.0,0.0,0.0,0.0,0.0,0.0,0.0,58.00299999999996,0.0,0.0
251637::117.swc,0.0,0.0,0.0,0.0,0.0,0.0,0.0,143.65800000000095,0.0,0.0,0.0,0.0,0.0,0.0,0.0,1026.0069999999887,0.0,0.0
251637::118.swc,0.0,0.0,0.0,0.0,0.0,0.0,0.0,65.34599999999982,0.0,0.0,0.0,0.0,0.0,0.0,0.0,366.2709999999959,0.0,0.0
251637::119.swc,0.0,0.0,0.0,0.0,0.0,0.0,0.0,0.0,0.0,0.0,0.0,0.0,0.0,0.0,0.0,161.10100000000142,0.0,0.0
251637::120.swc,0.0,0.0,0.0,0.0,0.0,0.0,0.0,0.0,0.0,0.0,0.0,0.0,0.0,0.0,0.0,59.929000000000045,0.0,0.0
251637::121.swc,0.0,0.0,0.0,0.0,0.0,0.0,0.0,0.0,0.0,0.0,0.0,0.0,0.0,0.0,0.0,75.3900000000002,0.0,0.0
251637::122.swc,0.0,0.0,0.0,0.0,0.0,0.0,0.0,400.3969999999989,0.0,0.0,0.0,0.0,0.0,0.0,0.0,819.7169999999899,0.0,0.0
251637::123.swc,0.0,0.0,0.0,0.0,0.0,0.0,0.0,0.0,0.0,0.0,0.0,0.0,0.0,207.64699999999917,0.0,655.7079999999893,0.0,0.0
251637::124.swc,0.0,0.0,0.0,0.0,0.0,0.0,0.0,125.58000000000185,0.0,0.0,0.0,0.0,0.0,0.0,0.0,1273.4959999999628,0.0,0.0
251637::125.swc,0.0,0.0,0.0,0.0,0.0,0.0,0.0,0.0,0.0,0.0,0.0,0.0,0.0,0.0,2.4449999999999985,882.7109999999861,0.0,0.0
251637::126.swc,0.0,0.0,0.0,0.0,0.0,0.0,0.0,75.79700000000045,0.0,0.0,0.0,0.0,0.0,61.00599999999992,0.151,618.5729999999896,0.0,0.0
251637::127.swc,0.0,0.0,0.0,0.0,0.0,0.0,0.0,0.0,0.0,0.0,0.0,0.0,0.0,0.0,0.0,248.96999999999858,0.0,0.0
251637::128.swc,0.0,0.0,0.0,0.0,0.0,0.0,0.0,362.128999999994,0.0,0.0,0.0,0.0,0.0,0.0,0.0,454.12399999999366,0.0,0.0
251637::129.swc,0.0,0.0,0.0,0.0,0.0,0.0,0.0,0.0,0.0,0.0,0.0,0.0,0.0,0.0,0.0,241.73899999999838,0.0,0.0
251637::130.swc,0.0,0.0,0.0,0.0,0.0,0.0,0.0,0.0,0.0,0.0,0.0,0.0,0.0,0.0,0.0,70.45200000000027,0.0,0.0
251637::131.swc,0.0,0.0,0.0,0.0,0.0,0.0,0.0,249.77399999999906,0.0,0.0,0.0,0.0,0.0,0.0,1.2729999999999997,798.101999999984,0.0,0.0
251637::132.swc,0.0,0.0,0.0,0.0,0.0,0.0,0.0,0.0,0.0,0.0,0.0,0.0,0.0,0.0,0.0,37.658999999999956,0.0,0.0
251637::133.swc,0.0,0.0,0.0,0.0,0.0,0.0,0.0,0.0,0.0,0.0,0.0,0.0,0.0,0.0,0.0,172.00300000000036,0.0,0.0
251637::134.swc,0.0,0.0,0.0,0.0,0.0,0.0,0.0,196.19999999999953,0.0,1.1840000000000004,10.764,0.0,0.0,0.0,0.0,398.7209999999954,0.0,0.0
251637::135.swc,0.0,0.0,0.0,0.0,0.0,0.0,0.0,11.709999999999994,0.0,0.0,0.0,0.0,0.0,17.715999999999987,0.0,715.8739999999896,0.0,0.0
251637::136.swc,0.0,0.0,0.0,0.0,0.0,0.0,0.0,5.099999999999998,0.0,0.0,0.0,0.0,0.0,0.0,0.0,166.18499999999995,0.0,0.0
251637::137.swc,0.0,0.0,0.0,0.0,0.0,0.0,0.0,0.0,0.0,0.0,0.0,0.0,0.0,0.0,0.0,48.22800000000003,0.0,0.0
251637::138.swc,0.0,0.0,0.0,0.0,0.0,0.0,0.0,0.0,0.0,0.0,0.0,0.0,0.0,0.0,0.0,33.554999999999936,0.0,0.0
251637::139.swc,0.0,0.0,0.0,0.0,0.0,0.0,0.0,0.0,0.0,0.0,0.0,0.0,0.0,0.0,0.0,342.00499999999624,0.0,0.0
251637::140.swc,0.0,0.0,0.0,0.0,0.0,0.0,0.0,0.0,0.0,0.0,0.0,0.0,0.0,0.0,0.0,161.45400000000092,0.0,0.0
251637::141.swc,0.0,0.0,0.0,0.0,0.0,0.0,0.0,0.0,0.0,0.0,0.0,0.0,0.0,232.94199999999805,3.0629999999999993,599.8629999999921,0.0,0.0
251637::142.swc,0.0,0.0,0.0,0.0,0.0,0.0,0.0,0.0,0.0,0.0,0.0,0.0,0.0,0.0,0.0,22.426999999999968,0.0,0.0
251637::143.swc,0.0,0.0,0.0,0.0,0.0,0.0,0.0,0.0,0.0,0.0,0.0,0.0,0.0,0.0,0.0,1222.6949999999579,0.0,0.0
251637::144.swc,0.0,0.0,0.0,0.0,0.0,0.0,0.0,0.0,61.6689999999999,0.0,0.0,0.0,0.0,0.0,0.0,233.8729999999985,0.0,0.0
251637::145.swc,0.0,0.0,0.0,0.0,0.0,0.0,0.0,0.0,0.0,0.0,0.0,0.0,0.0,0.0,0.0,63.79500000000004,0.0,0.0
251637::146.swc,0.0,0.0,0.0,0.0,0.0,0.0,0.0,0.0,0.0,0.0,0.0,0.0,0.0,0.0,0.0,60.777,0.0,0.0
251637::147.swc,0.0,0.0,0.0,0.0,0.0,0.0,0.0,0.0,0.0,0.0,0.0,0.0,0.0,0.0,0.0,58.1249999999999,0.0,0.0
251637::148.swc,0.0,0.0,0.0,0.0,0.0,0.0,0.0,0.0,0.0,0.0,0.0,0.0,0.0,0.0,0.0,266.10199999999776,0.0,0.0
251637::149.swc,0.0,0.0,0.0,0.0,0.0,0.0,0.0,38.95699999999987,0.0,0.0,0.0,0.0,0.0,0.0,0.0,132.92300000000188,0.0,0.0
251637::150.swc,0.0,0.0,0.0,0.0,0.0,0.0,0.0,0.0,0.0,0.0,0.0,0.0,0.0,0.0,0.0,87.03000000000064,0.0,0.0
251637::151.swc,0.0,0.0,0.0,0.0,0.0,0.0,0.0,0.0,0.0,0.0,0.0,0.0,0.0,0.0,0.0,381.28899999999356,0.0,0.0
251637::152.swc,0.0,0.0,0.0,0.0,0.0,0.0,0.0,81.4080000000005,0.0,0.0,0.0,0.0,0.0,0.0,0.0,59.21799999999997,0.0,0.0
251637::153.swc,0.0,0.0,0.0,0.0,0.0,0.0,0.0,0.0,0.0,0.0,0.0,0.0,0.0,0.0,0.0,96.53400000000083,0.0,0.0
251637::154.swc,0.0,0.0,0.0,0.0,0.0,0.0,0.0,0.0,0.0,0.0,0.0,0.0,0.0,0.0,28.571999999999985,155.5270000000008,0.0,0.0
251637::155.swc,0.0,0.0,0.0,0.0,0.0,0.0,0.0,0.0,0.0,0.0,0.0,0.0,0.0,0.0,0.0,20.715999999999994,0.0,0.0
251637::156.swc,0.0,0.0,0.0,0.0,0.0,0.0,0.0,0.0,0.0,0.0,0.0,0.0,0.0,0.0,0.0,43.278999999999925,0.0,0.0
251637::157.swc,0.0,0.0,0.0,0.0,0.0,0.0,0.0,0.0,0.9050000000000004,23.611,75.9030000000004,0.0,0.0,0.0,0.6490000000000002,386.743999999994,0.0,0.0
251637::158.swc,0.0,0.0,0.0,0.0,0.0,0.0,0.0,0.0,0.0,0.0,0.0,0.0,0.0,0.0,0.0,31.211999999999964,0.0,0.0
251637::392.swc,0.0,269.7849999999974,0.0,0.0,0.0,0.0,405.3079999999956,0.0,0.0,0.0,0.0,0.0,0.0,0.0,0.0,0.0,0.0,9.837999999999992
251637::393.swc,242.54499999999837,0.0,0.0,0.0,0.0,0.0,327.93599999999554,0.0,0.0,0.0,0.0,0.0,0.0,0.0,0.0,0.0,0.0,0.0
251637::394.swc,0.0,0.0,0.0,0.0,0.0,0.0,78.05500000000058,0.0,0.0,0.0,0.0,0.0,0.0,0.0,0.0,0.0,0.0,0.0
251637::395.swc,0.0,0.0,0.0,0.0,0.0,0.0,131.26200000000196,0.0,0.0,0.0,0.0,0.0,0.0,0.0,0.0,0.0,0.0,0.0
251637::396.swc,0.0,0.0,0.0,0.0,0.0,0.0,490.59299999998956,0.0,0.0,0.0,0.0,0.0,0.0,0.0,0.0,0.0,0.0,0.0
251637::397.swc,0.0,0.0,0.0,0.0,0.0,0.0,54.912999999999876,0.0,0.0,0.0,0.0,0.0,0.0,0.0,0.0,0.0,0.0,0.0
251637::398.swc,0.0,47.65300000000003,121.48100000000193,0.0,0.0,0.0,192.49200000000033,0.0,0.0,0.0,0.0,0.0,0.0,0.0,0.0,0.0,0.0,0.0
251637::399.swc,0.0,1156.1339999999755,0.0,0.0,0.0,0.0,805.7769999999889,0.0,0.0,0.0,0.0,0.0,0.0,0.0,0.0,0.0,0.0,0.0
251637::400.swc,1.7429999999999994,525.757999999995,4.905999999999998,0.0,0.0,0.0,787.1729999999836,0.0,0.0,0.0,0.0,0.0,0.0,0.0,0.0,0.0,0.0,424.60499999999604
251637::401.swc,0.0,64.50299999999994,0.0,0.0,0.0,0.0,115.18600000000141,0.0,0.0,0.0,0.0,0.0,0.0,0.0,0.0,0.0,0.0,130.90800000000135
251637::402.swc,0.0,96.07600000000068,0.0,0.0,0.0,0.0,131.77500000000126,0.0,0.0,0.0,0.0,0.0,0.0,0.0,0.0,0.0,0.0,323.36399999999634
251637::403.swc,1029.2989999999854,34.04899999999997,0.0,0.0,0.0,0.0,382.65999999999667,0.0,0.0,0.0,0.0,0.0,0.0,0.0,0.0,0.0,0.0,175.61300000000065
251637::404.swc,0.0,0.7420000000000002,0.0,0.0,0.0,0.0,70.92600000000049,0.0,0.0,0.0,0.0,0.0,0.0,0.0,0.0,0.0,0.0,0.0
251637::405.swc,252.83499999999808,173.37200000000107,0.0,0.0,0.0,0.0,238.725999999998,0.0,0.0,0.0,0.0,0.0,0.0,0.0,0.0,0.0,0.0,6.3459999999999965
251637::406.swc,0.0,0.0,0.0,0.0,0.0,0.0,267.1859999999973,0.0,0.0,0.0,0.0,0.0,0.0,0.0,0.0,0.0,0.0,0.0
251637::407.swc,0.0,0.0,0.0,0.0,0.0,0.0,131.4350000000016,0.0,0.0,0.0,0.0,0.0,0.0,0.0,0.0,0.0,0.0,0.0
251637::408.swc,0.0,0.0,0.0,0.0,0.0,0.0,23.712999999999987,0.0,0.0,0.0,0.0,0.0,0.0,0.0,0.0,0.0,0.0,0.0
251637::409.swc,0.0,89.65500000000064,0.0,0.0,0.0,0.0,112.6640000000014,0.0,0.0,0.0,0.0,0.0,0.0,0.0,0.0,0.0,0.0,4.232999999999997
251637::410.swc,0.0,0.0,0.0,0.0,0.0,0.0,52.14499999999999,0.0,0.0,0.0,0.0,0.0,0.0,0.0,0.0,0.0,0.0,0.8200000000000002
251637::411.swc,0.0,0.0,0.0,0.0,0.0,0.0,114.49000000000117,0.0,0.0,0.0,0.0,0.0,0.0,0.0,0.0,0.0,0.0,0.0
251637::412.swc,0.0,0.0,0.0,0.0,0.0,0.0,61.54499999999985,0.0,0.0,0.0,0.0,0.0,0.0,0.0,0.0,0.0,0.0,0.0
251637::413.swc,0.0,0.0,0.0,0.0,0.0,0.0,68.20200000000024,0.0,0.0,0.0,0.0,0.0,0.0,0.0,0.0,0.0,0.0,0.0
251637::414.swc,0.0,283.65799999999797,0.0,396.18499999999716,41.00899999999996,7.396999999999997,344.03399999999624,0.0,0.0,0.0,0.0,0.0,0.0,0.0,0.0,0.0,0.0,2.2449999999999997
251637::415.swc,116.56800000000153,111.9210000000018,0.0,0.0,0.0,0.0,740.7019999999881,0.0,0.0,0.0,0.0,0.0,0.0,0.0,0.0,0.0,0.0,1178.0579999999889
251637::416.swc,0.0,0.0,0.0,0.0,0.0,0.0,216.93299999999888,0.0,0.0,0.0,0.0,0.0,0.0,0.0,0.0,0.0,0.0,0.0
251637::417.swc,111.22100000000135,25.998999999999995,0.0,0.0,0.0,0.0,520.0399999999903,0.0,0.0,0.0,0.0,0.0,0.0,0.0,0.0,0.0,0.0,51.98799999999993
251637::418.swc,0.0,0.0,138.89400000000157,0.0,0.0,0.0,156.5420000000006,0.0,0.0,0.0,0.0,0.0,0.0,0.0,0.0,0.0,0.0,0.0
251637::419.swc,0.0,22.240999999999985,0.0,0.0,0.0,0.0,175.86300000000094,0.0,0.0,0.0,0.0,0.0,0.0,0.0,0.0,0.0,0.0,8.812999999999994
251637::420.swc,0.0,38.02999999999995,0.0,0.0,0.0,0.0,70.34800000000017,0.0,0.0,0.0,0.0,0.0,0.0,0.0,0.0,0.0,0.0,0.0
251637::421.swc,0.0,0.0,17.308999999999987,0.0,0.0,0.0,98.63800000000128,0.0,0.0,0.0,0.0,0.0,0.0,0.0,0.0,0.0,0.0,0.0
251637::424.swc,0.0,0.0,115.39000000000136,0.0,0.0,0.0,281.0909999999967,0.0,0.0,0.0,0.0,0.0,0.0,0.0,0.0,0.0,0.0,0.0
251637::425.swc,0.0,13.878999999999985,0.0,0.0,0.0,0.0,169.3410000000006,0.0,0.0,0.0,0.0,0.0,0.0,0.0,0.0,0.0,0.0,0.0
251637::426.swc,0.0,0.0,0.0,0.0,0.0,0.0,83.9410000000006,0.0,0.0,0.0,0.0,0.0,0.0,0.0,0.0,0.0,0.0,0.0
251637::427.swc,0.0,0.0,0.0,0.0,0.0,0.0,45.68799999999999,0.0,0.0,0.0,0.0,0.0,0.0,0.0,0.0,0.0,0.0,0.0
251637::428.swc,0.0,0.0,0.0,0.0,0.0,0.0,284.77599999999677,0.0,0.0,0.0,0.0,0.0,0.0,0.0,0.0,0.0,0.0,0.0
251637::429.swc,0.0,0.0,0.0,0.0,0.0,0.0,40.78499999999992,0.0,0.0,0.0,0.0,0.0,0.0,0.0,0.0,0.0,0.0,0.0
251637::430.swc,0.0,10.422999999999993,0.0,0.0,0.0,0.0,922.1019999999828,0.0,0.0,0.0,0.0,0.0,0.0,0.0,0.0,0.0,0.0,131.4620000000013
251637::431.swc,0.0,342.9449999999954,0.0,0.0,0.0,0.0,460.8769999999914,0.0,0.0,0.0,0.0,0.0,0.0,0.0,0.0,0.0,0.0,0.0
251637::432.swc,0.0,0.0,168.10400000000118,11.653000000000008,0.0,0.0,163.8650000000005,0.0,0.0,0.0,0.0,0.0,0.0,0.0,0.0,0.0,0.0,0.6270000000000001
251637::433.swc,0.0,126.0860000000011,0.0,0.0,0.0,0.0,645.9419999999866,0.0,0.0,0.0,0.0,0.0,0.0,0.0,0.0,0.0,0.0,0.0
251637::434.swc,0.0,0.0,262.8839999999979,0.0,0.0,0.0,37.43899999999994,0.0,0.0,0.0,0.0,0.0,0.0,0.0,0.0,0.0,0.0,0.0
251637::435.swc,0.0,0.0,0.0,0.0,0.0,0.0,32.95099999999999,0.0,0.0,0.0,0.0,0.0,0.0,0.0,0.0,0.0,0.0,0.0
251637::436.swc,653.2209999999918,0.0,0.0,0.0,0.0,0.0,835.5779999999874,0.0,0.0,0.0,0.0,0.0,0.0,0.0,0.0,0.0,0.0,0.0
251637::437.swc,565.1119999999879,1154.9499999999616,0.0,0.0,0.0,0.0,736.7959999999882,0.0,0.0,0.0,0.0,0.0,0.0,0.0,0.0,0.0,0.0,929.0059999999911
251637::441.swc,0.0,0.0,0.0,0.0,0.0,0.0,104.88500000000134,0.0,0.0,0.0,0.0,0.0,0.0,0.0,0.0,0.0,0.0,0.0
251637::442.swc,475.0719999999936,95.10200000000044,0.0,0.0,0.0,0.0,726.4239999999901,0.0,0.0,0.0,0.0,0.0,0.0,0.0,0.0,0.0,0.0,248.76499999999908
251637::443.swc,227.25299999999967,0.0,0.0,0.0,0.0,0.0,534.7039999999917,0.0,0.0,0.0,0.0,0.0,0.0,0.0,0.0,0.0,0.0,0.0
251637::445.swc,0.0,125.82500000000148,0.0,0.0,0.0,0.0,287.5389999999982,0.0,0.0,0.0,0.0,0.0,0.0,0.0,0.0,0.0,0.0,0.0
251637::446.swc,0.0,0.0,0.0,0.0,0.0,0.0,262.47399999999834,0.0,0.0,0.0,0.0,0.0,0.0,0.0,0.0,0.0,0.0,0.0
251637::447.swc,0.0,109.07700000000187,0.0,0.0,0.0,0.0,334.1799999999951,0.0,0.0,0.0,0.0,0.0,0.0,0.0,0.0,0.0,0.0,0.0
251637::448.swc,0.0,0.0,0.0,0.0,0.0,0.0,117.50700000000161,0.0,0.0,0.0,0.0,0.0,0.0,47.817999999999984,0.0,0.0,0.0,0.0
251637::449.swc,0.0,0.0,0.0,0.0,0.0,0.0,27.61199999999994,0.0,0.0,0.0,0.0,0.0,0.0,0.0,0.0,0.0,0.0,0.0
251637::450.swc,0.0,43.19499999999997,0.0,0.0,0.0,0.0,86.43900000000089,0.0,0.0,0.0,0.0,0.0,0.0,0.0,0.0,0.0,0.0,0.0
251637::451.swc,0.0,0.0,0.0,0.0,0.0,0.0,23.52299999999994,0.0,0.0,0.0,0.0,0.0,0.0,0.0,0.0,0.0,0.0,0.0
251637::452.swc,295.7949999999955,26.714999999999986,0.0,0.0,0.0,0.0,442.5669999999901,0.0,0.0,0.0,0.0,0.0,0.0,0.0,0.0,0.0,0.0,0.0
251637::453.swc,0.0,0.0,0.0,0.0,0.0,0.0,101.62700000000109,0.0,0.0,0.0,0.0,0.0,0.0,0.0,0.0,0.0,0.0,0.0
251637::454.swc,0.0,0.0,0.0,0.0,0.0,0.0,125.98000000000174,0.0,0.0,0.0,0.0,0.0,0.0,0.0,0.0,0.0,0.0,130.73100000000156
251637::455.swc,0.0,0.0,0.0,0.0,0.0,0.0,67.04500000000026,0.0,0.0,0.0,0.0,0.0,0.0,0.0,0.0,0.0,0.0,0.0
251637::456.swc,0.0,0.0,0.0,0.0,0.0,0.0,148.38000000000144,0.0,0.0,0.0,0.0,0.0,0.0,0.0,0.0,0.0,0.0,0.0
251637::457.swc,0.0,55.053,0.0,0.0,0.0,0.0,426.0969999999938,0.0,0.0,0.0,0.0,0.0,0.0,0.0,0.0,0.0,0.0,228.74199999999968
251637::462.swc,0.0,0.0,0.0,0.0,0.0,0.0,15.340999999999992,0.0,0.0,0.0,0.0,0.0,0.0,0.0,0.0,0.0,0.0,0.0
251637::463.swc,0.0,0.0,95.873000000001,0.0,0.0,0.0,39.00299999999992,0.0,0.0,0.0,0.0,0.0,0.0,0.0,0.0,0.0,0.0,0.0
251637::464.swc,0.0,0.0,0.0,0.0,0.0,0.0,62.11999999999986,0.0,0.0,0.0,0.0,0.0,0.0,0.0,0.0,0.0,0.0,0.0
251637::465.swc,0.0,51.52399999999994,0.0,0.0,0.0,0.0,106.17300000000166,0.0,0.0,0.0,0.0,0.0,0.0,0.0,0.0,0.0,0.0,0.0
251637::466.swc,0.0,1.623,0.0,0.0,0.0,0.0,61.380999999999894,0.0,0.0,0.0,0.0,0.0,0.0,0.0,0.0,0.0,0.0,0.0
251637::467.swc,0.0,0.0,0.0,0.0,0.0,0.0,90.83500000000089,0.0,0.0,0.0,0.0,0.0,0.0,0.0,0.0,0.0,0.0,0.0
251637::468.swc,0.0,0.0,0.0,0.0,0.0,0.0,43.35899999999997,0.0,0.0,0.0,0.0,0.0,0.0,0.0,0.0,0.0,0.0,0.0
251637::470.swc,0.0,0.0,0.0,0.0,0.0,0.0,29.947999999999983,0.0,0.0,0.0,0.0,0.0,0.0,0.0,0.0,0.0,0.0,0.0
251637::471.swc,0.0,0.0,0.0,0.0,0.0,0.0,106.3390000000014,0.0,0.0,0.0,0.0,0.0,0.0,0.0,0.0,0.0,0.0,0.0
251637::472.swc,907.4849999999819,859.9879999999841,0.0,0.0,0.0,0.0,93.64700000000073,0.0,0.0,0.0,0.0,0.0,0.0,0.0,0.0,0.0,0.0,0.0
251637::473.swc,143.3810000000012,0.0,181.103,0.0,0.0,0.0,0.0,0.0,0.0,0.0,0.0,0.0,0.0,0.0,0.0,0.0,0.0,0.0
251637::474.swc,543.3669999999848,155.26700000000127,0.0,0.0,0.0,0.0,5.389999999999995,0.0,0.0,0.0,0.0,0.0,0.0,0.0,0.0,0.0,0.0,0.0
251637::475.swc,1341.2129999999547,783.48599999998,0.0,0.0,0.0,0.0,325.68799999999754,0.0,0.0,0.0,0.0,0.0,0.0,0.0,0.0,0.0,0.0,0.0
251637::476.swc,1190.5529999999696,198.1569999999992,0.0,0.0,0.0,0.0,278.6419999999965,0.0,0.0,0.0,0.0,0.0,0.0,0.0,0.0,0.0,0.0,0.0
251637::477.swc,558.2539999999883,221.20799999999912,0.0,0.0,0.0,0.0,0.0,0.0,0.0,0.0,0.0,0.0,0.0,0.0,0.0,0.0,0.0,0.0
251637::478.swc,330.9979999999964,1416.2719999999524,0.0,0.0,0.0,0.0,160.16500000000056,0.0,0.0,0.0,0.0,0.0,0.0,0.0,0.0,0.0,0.0,49.150000000000055
251637::479.swc,276.5699999999963,8.081999999999997,0.0,0.0,0.0,0.0,0.0,0.0,0.0,0.0,0.0,0.0,0.0,0.0,0.0,0.0,0.0,0.0
251637::480.swc,153.29700000000142,21.619,0.0,0.0,0.0,0.0,0.0,0.0,0.0,0.0,0.0,0.0,0.0,0.0,0.0,0.0,0.0,0.0
251637::481.swc,922.0149999999821,1.2520000000000002,0.0,0.0,0.0,0.0,0.0,0.0,0.0,0.0,0.0,0.0,0.0,0.0,0.0,0.0,0.0,0.0
251637::482.swc,392.91699999999486,196.59600000000023,0.0,0.0,0.0,0.0,46.728999999999886,0.0,0.0,0.0,0.0,0.0,0.0,0.0,0.0,0.0,0.0,0.0
251637::483.swc,344.2319999999941,88.80100000000006,0.0,0.0,0.0,0.0,94.05000000000068,0.0,0.0,0.0,0.0,0.0,0.0,0.0,0.0,0.0,0.0,0.0
251637::484.swc,85.68800000000056,11.853999999999985,0.0,0.0,0.0,0.0,0.0,0.0,0.0,0.0,0.0,0.0,0.0,0.0,0.0,0.0,0.0,0.0
251637::485.swc,46.71000000000002,0.0,0.0,0.0,0.0,0.0,0.0,0.0,0.0,0.0,0.0,0.0,0.0,0.0,0.0,0.0,0.0,0.0
251637::486.swc,54.87599999999992,0.0,0.0,0.0,0.0,0.0,0.0,0.0,0.0,0.0,0.0,0.0,0.0,0.0,0.0,0.0,0.0,0.0
251637::487.swc,30.39199999999993,0.0,0.0,0.0,0.0,0.0,0.0,0.0,0.0,0.0,0.0,0.0,0.0,0.0,0.0,0.0,0.0,0.0
251637::488.swc,53.82700000000014,0.0,0.0,0.0,0.0,0.0,0.0,0.0,0.0,0.0,0.0,0.0,0.0,0.0,0.0,0.0,0.0,0.0
251637::489.swc,108.47700000000069,97.52300000000075,67.44999999999999,27.08999999999999,0.0,0.0,0.0,0.0,0.0,0.0,0.0,0.0,0.0,0.0,0.0,0.0,0.0,0.0
251637::490.swc,1214.5419999999704,639.1899999999878,0.0,0.0,0.0,0.0,599.673999999996,0.0,0.0,0.0,0.0,0.0,0.0,0.0,0.0,0.0,0.0,0.0
251637::491.swc,248.74299999999823,31.965999999999976,0.0,0.0,0.0,0.0,54.88199999999999,0.0,0.0,0.0,0.0,0.0,0.0,0.0,0.0,0.0,0.0,0.0
251637::492.swc,346.2029999999933,17.191999999999986,0.0,0.0,0.0,0.0,0.0,0.0,0.0,0.0,0.0,0.0,0.0,0.0,0.0,0.0,0.0,0.0
251637::493.swc,347.705999999995,316.396999999996,0.0,0.0,0.0,0.0,8.83399999999999,0.0,0.0,0.0,0.0,0.0,0.0,0.0,0.0,0.0,0.0,0.0
251637::494.swc,87.79800000000094,0.0,0.0,0.0,0.0,0.0,0.0,0.0,0.0,0.0,0.0,0.0,0.0,0.0,0.0,0.0,0.0,0.0
252383::018.swc,0.0,0.0,0.0,0.0,0.0,0.0,0.0,0.0,0.0,0.0,0.0,0.0,0.0,0.0,49.06099999999998,355.15699999999936,0.0,0.0
252383::019.swc,0.0,0.0,0.0,0.0,0.0,0.0,0.0,0.0,0.0,0.0,0.0,0.0,0.0,0.0,1.0730000000000002,168.3960000000009,0.0,0.0
252383::091.swc,0.0,0.0,0.0,0.0,0.0,0.0,129.59300000000152,0.0,0.0,0.0,0.0,0.0,0.0,0.0,0.0,0.0,0.0,155.84600000000106
252383::122.swc,0.0,0.0,0.0,0.0,0.0,0.0,0.0,0.0,0.0,0.0,0.0,0.0,0.0,0.0,49.98399999999989,18.166999999999987,0.0,0.0
252383::125.swc,0.0,0.0,0.0,0.0,0.0,0.0,0.0,0.0,0.0,0.0,0.0,0.0,0.0,176.6700000000004,42.46099999999998,125.85300000000186,0.0,0.0
252383::130.swc,0.0,0.0,0.0,0.0,0.0,0.0,0.0,0.0,0.0,0.0,0.0,0.0,0.0,0.0,32.89400000000001,157.5370000000003,0.0,0.0
252384::048.swc,124.3360000000014,148.16800000000202,0.0,0.0,0.0,0.0,74.25699999999995,0.0,0.0,0.0,0.0,0.0,0.0,0.0,0.0,0.0,0.0,0.0
252384::049.swc,475.30399999998843,90.4400000000007,0.0,0.0,0.0,0.0,92.62600000000093,0.0,0.0,0.0,0.0,0.0,0.0,0.0,0.0,0.0,0.0,0.0
252384::053.swc,40.299000000000056,100.73800000000142,0.0,0.0,0.0,0.0,160.2390000000014,0.0,0.0,0.0,0.0,0.0,0.0,0.0,0.0,0.0,0.0,0.0
252384::077.swc,0.0,0.0,0.0,0.0,0.0,0.0,0.0,0.0,0.0,0.0,0.0,0.0,0.0,97.70900000000093,0.0,0.0,0.0,0.0
252384::079.swc,0.0,0.0,0.0,0.0,0.0,0.0,0.0,0.0,0.0,0.0,0.0,0.0,0.0,106.02500000000131,0.0,0.0,0.0,0.0
252385::025.swc,177.2400000000001,0.0,0.0,0.0,0.0,0.0,157.64100000000096,0.0,0.0,0.0,0.0,0.0,0.0,0.0,0.0,0.0,0.0,0.0
252385::026.swc,1514.8419999999683,33.35800000000003,0.0,0.0,0.0,0.0,647.8829999999851,0.0,0.0,0.0,0.0,0.0,0.0,0.0,0.0,0.0,0.0,78.30000000000041
252385::027.swc,1280.3129999999724,48.684000000000054,0.0,0.0,0.0,0.0,647.1969999999858,0.0,0.0,0.0,0.0,0.0,0.0,0.0,0.0,0.0,0.0,0.0
252385::036.swc,1841.656999999955,0.0,0.0,0.0,0.0,0.0,171.7100000000001,0.0,0.0,0.0,0.0,0.0,0.0,0.0,0.0,0.0,0.0,0.0
252385::037.swc,272.2059999999972,0.0,0.0,0.0,0.0,0.0,0.0,0.0,0.0,0.0,0.0,0.0,0.0,0.0,0.0,0.0,0.0,0.0
252385::038.swc,737.7899999999927,282.14799999999843,0.0,0.0,0.0,0.0,1082.4559999999854,0.0,0.0,0.0,0.0,0.0,0.0,0.0,0.0,0.0,0.0,0.0
252385::039.swc,50.707000000000114,0.8410000000000003,0.0,0.0,0.0,0.0,76.38800000000039,0.0,0.0,0.0,0.0,0.0,0.0,0.0,0.0,0.0,0.0,0.0
252385::040.swc,299.3819999999961,25.12499999999999,0.0,0.0,0.0,0.0,91.07600000000046,0.0,0.0,0.0,0.0,0.0,0.0,0.0,0.0,0.0,0.0,0.0
252385::041.swc,102.14500000000139,8.633999999999993,0.0,0.0,0.0,0.0,0.0,0.0,0.0,0.0,0.0,0.0,0.0,0.0,0.0,0.0,0.0,0.0
252385::042.swc,40.978999999999935,0.0,0.0,0.0,0.0,0.0,0.0,0.0,0.0,0.0,0.0,0.0,0.0,0.0,0.0,0.0,0.0,0.0
252385::043.swc,43.30000000000001,0.0,0.0,0.0,0.0,0.0,0.0,0.0,0.0,0.0,0.0,0.0,0.0,0.0,0.0,0.0,0.0,0.0
252385::044.swc,141.22500000000164,0.0,0.0,0.0,0.0,0.0,0.0,0.0,0.0,0.0,0.0,0.0,0.0,0.0,0.0,0.0,0.0,0.0
252385::045.swc,45.76700000000013,58.52499999999993,0.0,0.0,0.0,0.0,0.0,0.0,0.0,0.0,0.0,0.0,0.0,0.0,0.0,0.0,0.0,0.0
252385::046.swc,1971.5889999999247,150.1610000000013,0.0,0.0,0.0,0.0,313.71299999999593,0.0,0.0,0.0,0.0,0.0,0.0,0.0,0.0,0.0,0.0,0.0
252385::063.swc,0.0,0.0,0.0,0.0,0.0,0.0,0.0,25.293999999999993,0.0,0.0,0.0,0.0,0.0,692.0129999999909,0.0,141.32900000000194,0.0,0.0
252385::066.swc,0.0,0.0,0.0,0.0,0.0,0.0,0.0,0.0,0.0,0.0,0.0,0.0,0.0,218.7839999999987,0.0,0.0,0.0,0.0
252385::073.swc,0.0,0.0,0.0,0.0,0.0,0.0,0.0,0.0,0.0,0.0,0.0,0.0,0.0,0.0,54.50500000000003,145.80500000000106,0.0,0.0
252385::074.swc,0.0,0.0,0.0,0.0,0.0,0.0,0.0,0.0,0.0,0.0,0.0,0.0,0.0,0.0,22.570000000000004,26.88599999999995,0.0,0.0
252527::048.swc,0.0,0.0,0.0,0.0,0.0,0.0,0.0,0.0,0.0,0.0,0.0,0.0,0.0,58.8029999999998,0.0,0.0,0.0,0.0
252527::049.swc,0.0,0.0,0.0,0.0,0.0,0.0,0.0,0.0,0.0,0.0,0.0,0.0,0.0,559.2729999999901,0.0,0.0,0.0,0.0
252527::088.swc,595.6529999999877,0.0,0.0,0.0,0.0,0.0,10.53199999999999,0.0,0.0,0.0,0.0,0.0,0.0,0.0,0.0,0.0,0.0,0.0
252527::089.swc,526.860999999991,41.47899999999995,0.0,0.0,0.0,0.0,613.2009999999923,0.0,0.0,0.0,0.0,0.0,0.0,0.0,0.0,0.0,0.0,0.0
252527::090.swc,536.5469999999891,0.0,0.0,0.0,0.0,0.0,219.4950000000005,0.0,0.0,0.0,0.0,0.0,0.0,0.0,0.0,0.0,0.0,0.0
252527::091.swc,438.04099999999283,182.42200000000085,0.0,0.0,0.0,0.0,3.376999999999998,0.0,0.0,0.0,0.0,0.0,0.0,0.0,0.0,0.0,0.0,0.0
252527::092.swc,162.31200000000024,20.840999999999994,0.0,0.0,0.0,0.0,20.989999999999995,0.0,0.0,0.0,0.0,0.0,0.0,0.0,0.0,0.0,0.0,0.0
252527::093.swc,304.1259999999961,0.0,0.0,0.0,0.0,0.0,118.34900000000162,0.0,0.0,0.0,0.0,0.0,0.0,0.0,0.0,0.0,0.0,17.791000000000007
252527::094.swc,26.02299999999999,0.0,0.0,0.0,0.0,0.0,0.0,0.0,0.0,0.0,0.0,0.0,0.0,0.0,0.0,0.0,0.0,0.0
252527::095.swc,33.716999999999906,0.0,0.0,0.0,0.0,0.0,53.058000000000035,0.0,0.0,0.0,0.0,0.0,0.0,0.0,0.0,0.0,0.0,0.0
252527::096.swc,690.378999999983,0.0,0.0,0.0,0.0,0.0,0.0,0.0,0.0,0.0,0.0,0.0,0.0,0.0,0.0,0.0,0.0,0.0
252527::097.swc,158.15200000000112,0.0,0.0,0.0,0.0,0.0,0.0,0.0,0.0,0.0,0.0,0.0,0.0,0.0,0.0,0.0,0.0,0.0
252527::098.swc,833.9479999999858,0.0,0.0,0.0,0.0,0.0,186.8549999999998,0.0,0.0,0.0,0.0,0.0,0.0,0.0,0.0,0.0,0.0,42.9659999999999
252527::099.swc,299.5479999999956,0.0,0.0,0.0,0.0,0.0,0.0,0.0,0.0,0.0,0.0,0.0,0.0,0.0,0.0,0.0,0.0,0.0
252714::032.swc,0.0,0.0,9.997999999999989,0.0,0.0,0.0,0.0,728.5469999999852,225.20299999999997,0.0,0.0,0.0,0.0,543.7149999999934,277.3379999999986,389.9629999999946,0.0,0.0
252714::090.swc,1686.6229999999598,323.48200000000014,0.0,0.0,0.0,0.0,591.0719999999948,0.0,0.0,0.0,0.0,0.0,0.0,0.0,0.0,0.0,0.0,4.941
252714::091.swc,1035.1229999999898,267.20499999999817,0.0,0.0,0.0,0.0,264.98199999999895,0.0,0.0,0.0,0.0,0.0,0.0,0.0,0.0,0.0,0.0,522.921999999997
252714::099.swc,266.40999999999855,280.8659999999969,0.0,0.0,0.0,0.0,616.0609999999878,0.0,0.0,0.0,0.0,0.0,0.0,0.0,0.0,0.0,0.0,0.0
252718::142.swc,669.9599999999928,0.0,0.0,0.0,0.0,0.0,240.7209999999981,0.0,0.0,0.0,0.0,0.0,0.0,0.0,0.0,0.0,0.0,33.969999999999985
252718::144.swc,0.0,0.0,0.0,0.0,0.0,0.0,0.0,0.0,0.0,0.0,0.0,0.0,0.0,0.0,0.0,0.0,0.0,45.488999999999926
252718::148.swc,0.0,0.0,0.0,0.0,0.0,0.0,24.260000000000026,0.0,0.0,0.0,0.0,0.0,0.0,0.0,0.0,0.0,0.0,0.0
252718::163.swc,0.0,0.0,0.0,0.0,0.0,0.0,4.234,0.0,0.0,0.0,0.0,0.0,0.0,0.0,0.0,0.0,0.0,4.125
252790::014.swc,366.4559999999989,379.54099999999846,415.70599999999763,202.78099999999958,64.88099999999993,0.0,0.0,27.98499999999994,28.10299999999998,66.5399999999999,0.11699999999999999,0.0,0.0,0.0,0.0,0.0,0.0,0.0
252790::015.swc,614.0819999999898,759.1029999999945,0.0,0.0,0.0,0.0,0.0,746.200999999995,0.0,0.0,0.0,0.0,0.0,0.0,0.0,0.0,0.0,0.0
252790::016.swc,314.84999999999826,0.0,0.0,0.0,0.0,0.0,0.0,0.0,0.0,0.0,0.0,0.0,0.0,0.0,0.0,0.0,0.0,0.0
252790::017.swc,300.10899999999657,856.3399999999934,0.0,0.0,0.0,0.0,0.0,0.0,0.0,0.0,0.0,0.0,0.0,0.0,0.0,0.0,0.0,0.0
252790::018.swc,1057.328999999976,0.0,0.0,0.0,0.0,0.0,0.0,0.0,0.0,0.0,0.0,0.0,0.0,0.0,0.0,0.0,0.0,0.0
252790::019.swc,1448.1259999999584,0.0,0.0,0.0,0.0,0.0,117.48200000000183,0.0,0.0,0.0,0.0,0.0,0.0,0.0,0.0,0.0,0.0,0.0
252790::020.swc,76.91000000000035,0.0,203.11300000000003,0.0,0.0,0.0,0.0,0.0,176.40400000000037,0.0,0.0,0.0,0.0,0.0,0.0,0.0,0.0,0.0
252790::021.swc,1378.1949999999722,61.73799999999992,0.0,0.0,0.0,0.0,189.32300000000006,0.0,0.0,0.0,0.0,0.0,0.0,0.0,0.0,0.0,0.0,0.0
252790::022.swc,885.6279999999807,0.0,0.0,0.0,0.0,0.0,0.0,0.0,0.0,0.0,0.0,0.0,0.0,0.0,0.0,0.0,0.0,0.0
252790::023.swc,69.7050000000003,342.0699999999959,432.60099999999215,75.7730000000002,0.0,0.0,0.0,0.0,10.26599999999998,0.0,0.0,0.0,0.0,0.0,0.0,0.0,0.0,0.0
252790::024.swc,437.6279999999913,1113.201999999975,0.0,0.0,0.0,0.0,270.28299999999797,314.1629999999946,0.0,0.0,0.0,0.0,0.0,0.0,0.0,551.3069999999898,0.0,0.0
252790::025.swc,254.41899999999686,0.0,0.0,0.0,0.0,0.0,0.0,0.0,0.0,0.0,0.0,0.0,0.0,0.0,0.0,0.0,0.0,0.0
252790::026.swc,609.9029999999875,1392.4909999999613,0.0,0.0,0.0,0.0,198.2489999999995,0.0,0.0,0.0,0.0,0.0,0.0,0.0,0.0,0.0,0.0,0.0
252790::033.swc,0.0,377.67199999999593,0.0,0.0,0.0,0.0,1063.7189999999898,0.0,0.0,0.0,0.0,0.0,0.0,0.0,0.0,0.0,0.0,388.34199999999703
252790::034.swc,0.0,1156.9809999999834,0.0,0.0,0.0,0.0,909.5589999999844,0.0,0.0,0.0,0.0,0.0,0.0,0.0,0.0,0.0,0.0,508.4929999999954
252790::048.swc,0.0,0.0,0.0,0.0,0.0,0.0,0.0,1234.4479999999724,0.0,0.0,0.0,0.0,0.0,1039.4169999999883,0.0,913.3439999999822,0.0,0.0
252790::049.swc,0.0,0.0,0.0,0.0,0.0,0.0,0.0,0.0,0.0,0.0,0.0,0.0,0.0,800.7549999999866,14.181999999999992,545.0249999999866,0.0,0.0
252790::050.swc,0.0,0.0,472.83699999999254,0.0,0.0,0.0,0.0,0.0,886.2419999999814,0.0,0.0,0.0,0.0,263.77399999999636,0.0,0.0,0.0,0.0
252790::051.swc,0.0,0.0,0.0,0.0,0.0,0.0,0.0,682.8089999999887,0.0,0.0,0.0,0.0,0.0,575.9499999999936,0.0,376.71299999999405,0.0,0.0
252790::052.swc,0.0,0.0,0.0,0.0,0.0,0.0,0.0,0.0,0.0,0.0,0.0,0.0,0.0,1274.001999999971,0.0,1129.1599999999848,0.0,0.0
252790::053.swc,0.0,0.0,0.0,0.0,0.0,0.0,0.0,40.30599999999993,0.0,0.0,0.0,0.0,0.0,128.29400000000157,0.0,0.0,0.0,0.0
252790::054.swc,0.0,0.0,0.0,0.0,0.0,0.0,0.0,185.42599999999993,0.0,0.0,0.0,0.0,0.0,640.4089999999923,0.0,206.10800000000037,0.0,0.0
252790::055.swc,0.0,0.0,0.0,0.0,0.0,0.0,0.0,0.0,0.0,0.0,0.0,0.0,0.0,666.4789999999841,0.0,90.45000000000053,0.0,0.0
252790::056.swc,0.0,0.0,0.0,0.0,0.0,0.0,0.0,277.2849999999979,0.0,0.0,0.0,0.0,0.0,1745.8969999999613,0.0,285.6339999999988,0.0,0.0
252790::057.swc,53.95199999999999,0.0,0.0,0.0,0.0,0.0,274.0409999999986,685.8959999999944,0.0,0.0,0.0,0.0,0.0,370.53599999999597,0.0,0.0,0.0,0.0
252790::058.swc,0.0,0.0,0.0,0.0,0.0,0.0,0.0,0.0,0.0,0.0,0.0,0.0,0.0,256.1449999999989,0.0,0.0,0.0,0.0
252790::059.swc,0.0,0.0,0.0,0.0,0.0,0.0,0.0,0.0,0.0,0.0,0.0,0.0,0.0,493.5639999999915,0.0,0.0,0.0,0.0
252790::060.swc,0.0,179.89600000000024,0.0,0.0,0.0,0.0,0.0,110.63000000000102,0.0,0.0,0.0,0.0,0.0,594.8289999999889,0.0,54.14499999999993,0.0,0.0
252790::061.swc,0.0,0.0,0.0,0.0,0.0,0.0,0.0,392.94999999999726,0.0,0.0,0.0,0.0,0.0,1109.8669999999759,0.0,71.79800000000014,0.0,0.0
252790::062.swc,0.0,0.0,0.0,0.0,0.0,0.0,0.0,230.4899999999989,0.0,0.0,0.0,0.0,0.0,600.327999999993,21.49600000000001,18.70999999999997,0.0,0.0
252790::063.swc,0.0,0.0,0.0,0.0,0.0,0.0,0.0,0.0,0.0,0.0,0.0,0.0,0.0,632.2859999999876,0.0,0.0,0.0,0.0
252790::064.swc,0.0,0.0,0.0,0.0,0.0,0.0,0.0,0.0,0.0,0.0,0.0,0.0,0.0,849.2989999999807,0.0,0.04,0.0,0.0
252790::111.swc,0.0,113.4540000000017,46.394000000000084,0.0,0.0,0.0,148.31200000000098,0.0,0.0,0.0,0.0,0.0,0.0,0.0,0.0,0.0,0.0,0.0
252790::112.swc,302.6109999999992,968.4879999999887,0.0,0.0,0.0,0.0,926.7279999999874,0.0,0.0,0.0,0.0,0.0,0.0,0.0,0.0,0.0,0.0,18.837000000000003
252790::113.swc,0.0,40.04900000000001,0.0,0.0,0.0,0.0,640.0049999999911,0.0,0.0,0.0,0.0,0.0,0.0,0.0,0.0,0.0,0.0,0.0
252790::118.swc,453.49899999999474,0.0,0.0,0.0,0.0,0.0,0.0,0.0,0.0,0.0,0.0,0.0,0.0,0.0,0.0,0.0,0.0,0.0
252790::119.swc,1330.9559999999765,18.24999999999999,0.0,0.0,0.0,0.0,74.55700000000026,0.0,0.0,0.0,0.0,0.0,0.0,0.0,0.0,0.0,0.0,0.0
252790::120.swc,0.0,10.773999999999994,0.0,0.0,0.0,0.0,0.0,0.0,0.0,0.0,0.0,0.0,0.0,0.0,0.0,0.0,0.0,0.0
