NeuronUID,SWCSHA256,NodeCount,EdgeCount,AllCompartmentLengthVoxel,GraphLeafCount,OutsideReferenceLeafCount
251637::001.swc,a29cb3ebc06a8c701fcaaea94a018d84ede1808d31a2b44087ae4049c320b833,32584,32583,1106.1060000000002,204,0
251637::002.swc,a778fafba667f95eaeeb9366a0813a92ff5b784c4a8ed96c73e2deecc024c4ae,868,867,25.749000000000002,24,0
251637::003.swc,2cc7b7869ac74f07188480ffd0f9d312a15ee7299d85e657b7b437bea702485b,2393,2392,65.41300000000001,46,0
251637::004.swc,590cbd3121c9b917a5db860609aec8140deaddfecc9a42074f66c63b98b48fdc,42343,42342,1537.6060000000002,222,0
251637::005.swc,3ade46b3c1eb3c26ed0cfaa321799d8a705c0ba2abfb84c88e0da8f759634848,16385,16384,610.9470000000001,84,0
251637::006.swc,5804644f8e5f7929e576325b86e5b1288bc934e5a6aefde5350c99f36bfaafd8,7715,7714,295.03100000000006,67,0
251637::007.swc,d01f76e05a072f68f0c1025cc3e4c3da712fc92769f5df2c5c56f4bc89f27730,11947,11946,439.48900000000003,89,0
251637::008.swc,19879316aef069d9ed0582e04df89d67a751113566f341e50c71e7984b0421f4,12048,12047,485.1880000000001,72,0
251637::009.swc,3415546386fb699425b307ad3f1b717144ec2a9b258120f52c4cf93105fbf62c,11158,11157,405.9860000000001,84,0
251637::010.swc,b310627bdf28ba605e0b23a03c486e5fe941946a193fc2cf71961dbed788840c,15637,15636,553.3810000000001,81,0
251637::011.swc,6063feb9cb685d09fced3e0d5f45a982b605c41f6ef56ebe3dc6a57a71e37993,1472,1471,43.006,36,0
251637::012.swc,193d28db6a09f66523f5cfc3d06b1ba0406ad5716df9089c154c49c019dd8dd3,24848,24847,888.5010000000002,159,0
251637::013.swc,bbaced23ea931a8dcb037071cbcca28a7286aa4b69bced945c45cc9584aca35c,97607,97606,4040.694000000001,713,0
251637::014.swc,b614f7f2a61de176a910210e0a40ec431c5715de91b5212f156d1f528f94675e,9075,9074,375.254,85,0
251637::015.swc,60c187cdd462d7ff1b6d948168fc48f97cb4756d28d670634dbc62f55e41a320,12720,12719,551.1700000000001,132,0
251637::016.swc,7c9e62124f37a4ba907c02d7e761ae986879eae6a8b124e857790fee985a9932,30478,30477,1122.4610000000002,180,0
251637::017.swc,0a246dd29c7247dbac10858f4bd26029eea308d85c9544ed74817290aabfc939,3094,3093,90.809,38,0
251637::018.swc,be9010efd816943483935e3dbd9522dc36894fdc8376db86308a7b1f3f62be26,6529,6528,195.45,66,0
251637::019.swc,3283a5ab3dd96c1bfa59fabbb81223ddb321d4f31ec4a580083074c0ab10acb4,2590,2589,76.50399999999999,66,0
251637::020.swc,93deae73f72da3a54b321aa95a2af1eb610dc918f07c5c9a32de5df4a5822091,5656,5655,173.537,56,0
251637::021.swc,5ae3c0ba43d9245b2c3cd333575cbe0a18e7bde7c11425b7f672214b653e351c,4695,4694,162.537,59,0
251637::022.swc,d9eefa101c07d524106043c0f9ab78e2cba8a81442cca335f94289859e5cbb52,3471,3470,94.85300000000001,54,0
251637::023.swc,07a0efb2084137d6c04fd0068f26576e4a837a94ae57c063a2a39562cd787679,20741,20740,720.9200000000001,126,0
251637::024.swc,f863e9efa409b95ae3249aa5b84c7e9bbc44dce9f0c78c7ab3394c80d7d9acab,11390,11389,361.7710000000001,85,0
251637::025.swc,8623fe83863e8f61f8706b9b24f5e296ff85500609cc251492ad3be34762a028,15618,15617,519.508,132,0
251637::026.swc,e46db054140cad69d09164ec68c7dc146dcd73339aba52386078af802859b487,44597,44596,1542.8100000000002,311,0
251637::027.swc,61c6cfb81337278a89b09285d0450f31ee7b17f4b5a38a44cfd5a167c6a8e8ed,3126,3125,89.763,64,0
251637::028.swc,baf3302aa626a21e2a865d48aabed7835cd6c93788ebc84b9a9836952a28a1df,20726,20725,717.249,156,0
251637::029.swc,85b77473dc637958f65d7bbf4b20c7f56f5e9d61dfcba2fcd8026d2ccdac9a66,32379,32378,1258.939,247,0
251637::030.swc,4891490014b1a294b9261e1a1feb5dc9a40d20273dbbfe555a56ac39ea34d941,14398,14397,496.031,67,0
251637::031.swc,dd17c46c46d995e80c06dd9131163bf92e36017a10936ea076de87a10c383a99,28738,28737,975.2620000000002,181,0
251637::032.swc,52cb93673d7c23c353916cba9727055dbda1244c23fcddadd9ce6045ba12aa42,6541,6540,210.20000000000002,80,0
251637::033.swc,9f27355e1b3be90c31188439c2cfcf3418b46d21e67d3a40192a40666fbab914,31772,31771,1263.5140000000001,252,0
251637::034.swc,9239ef75554000cf43f508c316f8c2b5c524215d169efa46e8ee69e017097af0,18089,18088,713.44,159,0
251637::035.swc,f007f794e99e8a7c3e65e2f75b59fdc3564d1554c7a1cb168fd36d777439f6a5,1529,1528,46.943,38,0
251637::036.swc,21d4c9948ca2ed04db7ea8cc071f275ada5a7b62893b94b409694422c06dc6c4,15149,15148,527.9350000000002,138,0
251637::037.swc,4eda259b752f1e62fb4d0b70a4055e399cdb73fcfddab60602936b5c8063f14a,8018,8017,303.50100000000003,55,0
251637::038.swc,dd5a347b1141507550abb3e246f1879463825b377547acdbeecb458b10eaec7f,16998,16997,596.654,145,0
251637::039.swc,32c6ef774e9840da33bfa7345e341d06d0f4de62bccdd704100aa34fe82ad7f3,12189,12188,425.64900000000006,126,0
251637::040.swc,7b0b86a0c6dd1297e5ede2fedb509f1abb9e062632b9a610ac3e3e85a19ccd49,18418,18417,681.4340000000001,146,0
251637::041.swc,81a6e4ae20360a9226c8361aa40dbca6d833bacb27b48f40d3363f4911861d8b,3836,3835,117.68600000000002,41,0
251637::042.swc,55ff40d05a18412c47d0e16ef74cf1fcd53e04829168300e1d0c470fe6de0319,7415,7414,283.127,67,0
251637::043.swc,ae0459cee131d599fbce5206c9abfefc421368a62f313bb4f388121368b8df2f,21752,21751,728.6080000000001,105,0
251637::044.swc,864510a2c74e59073301a9a68611a4b19adbe4190b5895bdafe2010faa7013ab,601,600,17.061,15,0
251637::045.swc,2eab27742d0f6607bbb230e95455de5d08688e0de57daea241ef8fc0032129f6,7165,7164,273.096,61,0
251637::046.swc,889366ad58dd8786b7f0905324a29c3ebd657e2e89b0dd75a8b169aca326f50b,5122,5121,166.079,67,0
251637::047.swc,7f9443ef88b1eaf41d0578c38658068abeeb5228de33243b8e1e57340ec501f7,811,810,23.505000000000003,23,0
251637::048.swc,2a6aed3d08572c8d1129ebfc63f7a6de4e94e8b3898413150374a22419fd9b4b,9422,9421,300.04699999999997,88,0
251637::049.swc,f526c51051eb662f8aa2373d748b914aa287b61a61e7ee2186f5f0f0081cd293,3336,3335,123.46300000000001,46,0
251637::050.swc,bdf7d791d4dfb0b034d920a5831f9c59ac55dc85f29592bf3620340c3a9a4210,1187,1186,34.967,23,0
251637::051.swc,770620b599567ebf9a3f658a8aad438736f3d4d37a7afd0bebeca73aeec21937,18895,18894,633.2950000000001,138,0
251637::052.swc,5e44128883def05d4815404a8ab344c1441daabd2a8d8272bbb1d7e3c1aad7d7,47772,47771,2138.675,430,0
251637::053.swc,b10aa1786b10c32a68949d734c15c791d679ec29312dc7fba258e4f24b42fb46,4804,4803,159.043,55,0
251637::054.swc,e6e55c2f0cb77ecf402323dc0b931e077ea7dbb04fb5efc5de6ce83835f49e07,8642,8641,305.19100000000003,60,0
251637::055.swc,36d5d735b78858fbc83b0a1def29864350f8b03969427e903c84754e12dc75f1,5777,5776,177.31,72,0
251637::056.swc,5a003b1005215a27a951708993eb1dbf0e509544b422879515a50225f091a674,7080,7079,269.351,60,0
251637::057.swc,8d855bdaa9346cfed19c21d0c6e35de739f2c553d3da0a1b867de372a83189b9,15275,15274,561.0500000000001,129,0
251637::058.swc,822ee9650a7897c3e46b410666ddc0bd707c934847da90f3dfc8204cce1dc70e,7841,7840,247.65200000000004,84,0
251637::059.swc,327c867610d811267ebdd147de589febdc616fed19430e011881f099976f0286,3012,3011,102.18900000000001,44,0
251637::060.swc,08cbef5bff3d003169fbeb8120238c96dfbab18f4b76ce459824284748aa9771,20220,20219,629.745,138,0
251637::061.swc,256d398bab384de21f4c6b0553e6e634bf91b01fb824acec495f6392388fb12a,48235,48234,1697.4540000000002,264,0
251637::062.swc,ec43e9958eec306f4c9cdf5544bfe96b3b1df482fc5bba8fb421ea4d1ca6dec9,4823,4822,173.89700000000002,35,0
251637::063.swc,6946eed12fff664299e97a3e3801570c36a1d958ecbe30d1d5ffee3cd95380f5,1848,1847,68.13900000000001,32,0
251637::064.swc,36f892b126dce6d5175938345fa06434b961fa6dfacb1536bf862f40828adff9,1474,1473,49.449,41,0
251637::065.swc,644e16aac7ca4b6dcb013e344986ab9f14e7e89d0147e3c495f14d5fb3ce0d67,2104,2103,74.59700000000001,35,0
251637::066.swc,f4888816a34b76f1668aa20f4a861099d6948d2492fecfbcb9ec744b96a40266,13466,13465,507.341,145,0
251637::067.swc,b4cf5127e7e85a00b109c40225da47b6ed790673d603a2586f9eab8ac25eac17,22016,22015,712.6020000000001,168,0
251637::068.swc,b484a5d39eff84ae1a99512448bf9ec355a04c7e39959ffdbacf85555ac9a515,6191,6190,232.79500000000002,66,0
251637::069.swc,386d81cf66f032d294310c5c996c3ea02cf40fc725e404304b19afc066fe0473,1110,1109,40.494,26,0
251637::070.swc,dbdb5109cb5f9b7301576e55bd786c97a9939843ecce2d8fc4af959865d7c712,3266,3265,103.322,43,0
251637::071.swc,fd64181a872798d7ff7cd413a8c900acfa87f8fcdcde6f86748266f2bac24c4a,1787,1786,64.36600000000001,45,0
251637::072.swc,779d8a603e79564ec159fdaf80ce9884cb27d1a27dd8318f392f5240a2246795,71371,71370,2645.221000000001,554,0
251637::073.swc,5610d59b3ff831dcb68aa59721d70c3a19809df3fa54dc575b2caaa3e0e7b5c8,1351,1350,44.82,30,0
251637::074.swc,37f883b7ff1d5f86702f559fcd516c049055f67515c6938ff22da51b8378e92a,5963,5962,200.497,52,0
251637::075.swc,09c601187d0be53b8cbf6539d91cbe1952abb3ff3300478cd5d6cfa3f238844f,3182,3181,93.197,52,0
251637::076.swc,4d445bda0f450d45cdd10dacd3a8467f2e588c13e8afc162475f74ee23e8175d,7513,7512,236.33,45,0
251637::077.swc,12448f623a38b91bd732982d982bb102898ea1daf8124662e3d6eaddb66d414f,3765,3764,121.382,34,0
251637::078.swc,addbdcc594ff664485a8955afd016f3058c7e50244a8ccbb920278914e1d6200,5925,5924,192.53600000000003,70,0
251637::079.swc,f3d136979f2c1933ebc4498d73e822262f5c2e009f85b0f4e2b79dd2fae54024,890,889,26.759,23,0
251637::080.swc,dac06ecbdfb4f6b2fe981579fb7780240e43bbbe00bf92054067054d18498f4f,3125,3124,98.71400000000001,44,0
251637::081.swc,badce1d4db5458377bdc588204318ab60dc832eec5041fad2cb28b3556900ca4,3861,3860,118.84600000000002,56,0
251637::082.swc,21478d75a24f909b9bb5ead3ded5777ea81fdcb09a40acc30b98c3eea820188d,25533,25532,926.1220000000001,161,0
251637::083.swc,3d833878b2248ba20591227056d225013bf596e512874aadf53faa8365530428,12485,12484,489.062,97,0
251637::084.swc,91abb3e9b8585d03308b2aa4af5dc47d897bec70114cc7b82ed08499e4ff0caa,10548,10547,355.896,72,0
251637::085.swc,e95208f3efaac9301ef9638c07990c3d4aecfc77b9dd8f0d58da65c457d7b038,45179,45178,1570.8960000000002,256,0
251637::086.swc,be6492969530f99d611d745d92acf532796b2f15bfa36941bcbcc08f7187191a,944,943,27.583000000000006,25,0
251637::087.swc,2744e70b0455555f710ed8605f0cdfa3f14c6a7a31508df534270a878578bd1e,10640,10639,375.466,72,0
251637::088.swc,1dfcf63aa18b2e7e9c221f9d86551361c392fde734f6c7888d29549eaa006683,1615,1614,50.10600000000001,42,0
251637::089.swc,b5909c64205758c49061f29f105f9b7263177704e74bf4d6ee3c7a1a14eb78a9,1121,1120,32.299,25,0
251637::090.swc,fde99a12c421d42c66f4d71e4fe6791f841531c1f7ff43dd630c6f814b260c55,3007,3006,105.33200000000001,37,0
251637::091.swc,0eb540adc5ef408a7074b13c541f77fc745da62d4c0fb990cefb1356b12b29ba,32683,32682,1244.7440000000001,289,0
251637::092.swc,fd9d18c5cdf37f0e6298505b86c42299beda2ec768d0518e688df14c067bd203,9163,9162,302.762,94,0
251637::093.swc,ecc98657045b3761eeb0ba0cbc78c3ebacaf7774d1be57446e403231ba36e8aa,5994,5993,198.193,67,0
251637::094.swc,2939388288c95122bc66ab4eacc54fccf1c160d6b76542a8f7169c7d9f29b889,6978,6977,209.58500000000004,79,0
251637::095.swc,630e023c255adee8cda0217d9ffb634879c2f6b40f11da6e4cd14bb9eebe23c2,1660,1659,55.251000000000005,32,0
251637::096.swc,86d84337dd1a3b974eff178cf5111f9b3120a1aa26c1227a745e6cc5d3c50059,29734,29733,1083.1920000000002,201,0
251637::097.swc,e8f48348841c9064be6a5a0d6b6dac9d11c004ad8ab34332eae5cd70e79c1c55,59604,59603,2306.1290000000004,460,0
251637::098.swc,a8379915267ded3f9d0390a8cdfbe5f5726cb7a530cfaf73b6562db98bbff27c,66192,66191,2799.445,455,0
251637::099.swc,52fb0466759d5f62b3cacd2fb7ee9d03e1eb187395097da34ad67b251cef5291,4337,4336,172.574,48,0
251637::100.swc,cacf622df2503442b1d07c7e74d55815d72aeac3348cef42bf1903a6675d9bab,6668,6667,211.18700000000004,85,0
251637::101.swc,b2bab6e8071ef5ae23f078b9829a885047db119fb23ee9abe5e0edd84e3c949d,1096,1095,34.512,29,0
251637::102.swc,eb39e0555c0faa65580b513af80383da945096d81b969894ccc31739361af9e4,1200,1199,37.997,44,0
251637::103.swc,bfb98fa71736dd578b95c10d7a4b20d52899191f1b31cfac8bee24b1eac7fef7,33861,33860,1153.1110000000003,312,0
251637::104.swc,bfa50029a62330ed9dcebb191f51ef77ff3c9fe2947173c1d59239e14fcd419f,96247,96246,3539.3490000000006,922,0
251637::105.swc,6f73df0ea2c81fd251352a5b54d43c137921dac62c1639911f5c52d1cf15257f,19791,19790,780.2950000000001,276,0
251637::106.swc,1c2290894fcda7990a7b3b6a9ff2fb463d2588a4340cd680ee703e99237dbf42,15709,15708,567.304,250,0
251637::107.swc,feee3bd9df08a09ec3578afa87b35ccc567b656d16e01abc12d70c6090d9f93f,4126,4125,158.16000000000003,87,0
251637::108.swc,898b5aa25393bbd43eccf29c21d4f3d741d0f6a2f09d88c5b533a836af731e94,10207,10206,411.16800000000006,176,0
251637::109.swc,e03f574f121d7c2e028ba36a7a9372f18806e89b7181e33cb1bfd65ca4bad6a0,27728,27727,990.0230000000001,320,0
251637::110.swc,fd9c61f1e1358a98e821be71366be042a8701ed966d6ea8a60a330de7d59284f,1884,1883,60.617000000000004,54,0
251637::111.swc,e01f9ae09fade469708a9ed5f113cd21f4d9c17f392799f1353f5f0b5952c5d3,15489,15488,540.043,199,0
251637::112.swc,418ff7b32448e71023321672218339b5a6dc37dfc1442f559ecf611362fc9bac,7474,7473,237.662,92,0
251637::113.swc,8b4b725e5888a9125eeb72c3e4f8bdc1fa9f0d739590ed1e9762428f4be2a969,453,452,16.482,9,0
251637::114.swc,7beb8f314de649c6d310d7ec042b039ceeca197f456fe6f6384cac16856e2213,11744,11743,446.9520000000001,198,0
251637::115.swc,3861a0a0381a10d8059a46362798aff0798eccac1cce11d82f728604911503f2,8580,8579,378.8560000000001,105,0
251637::116.swc,db24737ab012e72740218a00e298acbd571609e8612eba7c100ab7060abf330a,11420,11419,441.78800000000007,76,0
251637::117.swc,11951c5c43e94c99aaf019b173bacf138e89e79d203c896500ad9f9d7959d5ba,32239,32238,1319.9280000000003,461,0
251637::118.swc,0714094fe6f8a4b8c57a2bce2fe6460fd85c609b521a38876b43892f5b912841,13137,13136,524.7570000000001,128,0
251637::119.swc,9f3bba8be6575444f5e818007e034701906e2c9cfaab791cb5c71b04c314a2af,7447,7446,257.206,90,0
251637::120.swc,338bcc5f1641798455353744093e3cd728ee33253a556b006225f9510f418382,1888,1887,67.155,64,0
251637::121.swc,58a3061f984aa51166fe18a99b764cefac770726f02b4ae5b2fe44d4522ec10b,2732,2731,100.19800000000001,79,0
251637::122.swc,b4a9f6b6a719afa7c6bda172db4418a561eaa63056099c281e3cf9d4d29a6ec8,30933,30932,1446.4210000000003,453,0
251637::123.swc,c1db3425c99333c54aabdb23c696e6a0b92d05a44fa355979daeb7a96da99fe5,31426,31425,1052.9070000000002,389,0
251637::124.swc,096c74325222baaffb18b55857eb04a58a67df028e203420947aa895ed5a90bb,42008,42007,1555.6220000000003,376,0
251637::125.swc,5a22786af62aa31397d89728ffc7ea05967eb6c7e064134c28bd609ec6c7eb99,26721,26720,933.6300000000001,348,0
251637::126.swc,e0a051609257126e0fd9c2881351722b43f80f4acbd545bfdb0d59aabb1c2d42,26327,26326,967.2330000000001,332,0
251637::127.swc,0448728ee7bf360093267c62515bc93be30fc45a4ff2aca189d97b03036e2e3b,8850,8849,326.205,140,0
251637::128.swc,fde855b4b559df80539493872e48b5f3820813aca20f93f49ef0bc44a3c8cebd,28243,28242,990.892,323,0
251637::129.swc,b27ace13139665b1a6f4b661fab414d51ffca6052144ab94760b0294b156ad84,7670,7669,287.44100000000003,110,0
251637::130.swc,59988b8ddaaa01e015173df4c22b0be7db2114d6c397eb0f46a30cb903cb8791,2339,2338,83.991,82,0
251637::131.swc,dc6ec2616515e2e9412f51fe262f15bd0e9080296634df44f3c6d057170bf959,38621,38620,1385.624,344,0
251637::132.swc,af71ed87984208758139ef399d323fa6d07847149a9af47fa507a33b1136db96,1235,1234,37.659000000000006,21,0
251637::133.swc,e2f781fbd44f351bc830d5b76d9d4d69ea79e7681c74d3575bd223bd22213077,8935,8934,287.308,78,0
251637::134.swc,227b1a31939cac36a0b76ece999a36d894a3b464968660509e031ec99be518cc,17755,17754,700.9870000000002,205,0
251637::135.swc,5e4dfd6d6c1a39d87fc4d70b5ae82cc880d77dfa6439b1a8b44015f5f9c350a1,23873,23872,836.1700000000002,247,0
251637::136.swc,da754ec485003e395b90e237c33d99131936212113282d01ab3cf52a6d595f36,6149,6148,235.47200000000004,64,0
251637::137.swc,a2f67d16535dc64c92b1ab45e8acc6ca3636d4d6cbb6441396f61dc0d0221c9f,1505,1504,48.228,49,0
251637::138.swc,971032e70ca559259cb36690e2f1a185abba776a74ace7cb5c7c4ff32069beb4,1513,1512,47.98700000000001,32,0
251637::139.swc,9b762e548665343da7eca7c0a2ef92393b422326975aa6a3e17557afdbac86d2,11820,11819,387.63700000000006,177,0
251637::140.swc,6c2053d4e750ffe536bcfd83475ff64b686b43b6bec3ce724fd6c1dc149fe2db,5073,5072,163.574,66,0
251637::141.swc,56d6210ddc8dbc8b27661cc68f9308a9007f1726573ea47eaf36908a89963f01,26126,26125,1035.8760000000002,310,0
251637::142.swc,ba04fb50c4e5cf6cf50757a45b864058f59c1d31c3202c172aa67238e8b5144d,695,694,22.427,28,0
251637::143.swc,6bc52fb367190965f4dde07b71fed358ed64f8c6f4485b68ac42f8eb7d606274,38673,38672,1444.0990000000002,454,0
251637::144.swc,d16318da9c7314a22b72c0d084acd908ef294be424c8b83c869ea127de64028f,10153,10152,416.8690000000001,180,0
251637::145.swc,3c490dbbfd11550fc792c87de1b8ea6d74874638617f4a5a88a8ad2ec8d5545c,1979,1978,63.795,55,0
251637::146.swc,8da00b36990a15cbaebf42b2af7e3b4943a20b2481d66a148313b56f84965433,4234,4233,140.22600000000003,88,0
251637::147.swc,a3e87472d79e3a5c97cc08d6093b87e45059ff708c4a48c4456286646a17cd41,2221,2220,81.61600000000001,66,0
251637::148.swc,84c6aa0716c1f0d803d1572aa69b6dcd1a13e59acbbfa97efbd501248567b0b6,10045,10044,317.90000000000003,178,0
251637::149.swc,374519e645e620cab8f33d3b5d43a52cbf36bb65d1717e4e3c604b442352dbbf,6722,6721,246.985,66,0
251637::150.swc,c0910a7eafc5f7c23cee93a99f447feb9d01114aa984610612e96c16969d1833,2750,2749,94.14000000000001,56,0
251637::151.swc,f12aab6b3bf4afe4ec6561678c89b33a9840de2705ac62593b049899663f2aa1,11856,11855,381.28900000000004,548,0
251637::152.swc,9e4c8cc057190510aad0262b924d26d8c4a48928eaf0fb481941d9b30baf57b0,3824,3823,144.79500000000002,49,0
251637::153.swc,feb56c3c73babe5e5d45747ab0382cf39547671f49e31789fda113b40a9714e9,2809,2808,96.53399999999999,56,0
251637::154.swc,1a5ecca713e6cae6f983a6b7fb579a940cac874f09dc50ad2cb1a7019099973f,7858,7857,290.61400000000003,86,0
251637::155.swc,1fc4b17c1b6cd87e179e3cdbff50c67d01f8d7d64e22df1d290e00f8d8316dea,674,673,20.716,27,0
251637::156.swc,db39be1c61da74e22797c2cc2ddeafee9d62b37e8e4b2c49a6238acf3cc30873,1396,1395,44.742999999999995,47,0
251637::157.swc,d22e9775235212a771a49a755f075a0ea43c629c355d512a3c71ab43665d27ca,18827,18826,764.7940000000001,223,1
251637::158.swc,4b6d551e93f13684bf11aedc607eeb9ef1e9076762bdfb0d65c06098a6922c86,1049,1048,31.212000000000003,33,0
251637::392.swc,58126582e9ff21fac2143e9538bb375d64d0a5af723d3c5c3b46913c01f0f0bf,19377,19376,746.5260000000001,271,0
251637::393.swc,b6ea6ab377bb3c377c0a60e731c5635eb7335ad52733c379c2c6e74192149aa1,20837,20836,796.868,259,0
251637::394.swc,74bcbf554d45d22b18959e7e9782648164094ab85cebad84504eee5af3b4c8ad,2609,2608,87.381,72,0
251637::395.swc,ce2fdf1d86b85ff90f8ff7d304f4ad2b3c883ed24fd172adf8d6f8bd2994e76d,4828,4827,159.69799999999998,70,0
251637::396.swc,e22ff29e2d3087b1baeed54aa7529e965658f487b2cabe4961b106290fbb5c6c,15254,15253,598.8810000000001,267,0
251637::397.swc,92f2f5717a513775a6fffcc10459b5e537cdeb43bb38a378b8fd11ae64864e46,1693,1692,61.20100000000001,67,0
251637::398.swc,d0d64bae6bafe34e90181b8331cc707554487d401c0666457a011ff91c4db16e,12122,12121,441.07400000000007,190,0
251637::399.swc,5aa4a3265e4b9fb2157fa99472886a96af9067ceac6f8cb48448e117596431fb,57478,57477,2289.8010000000004,471,0
251637::400.swc,12cd2dafecd52e062083665c3f36c562b02f37b529fad468644e7e9484002d50,58357,58356,2354.3880000000004,585,0
251637::401.swc,252b66573ab3176820e314c26110018975a686f023c9ec949e428b340db2b3ea,11428,11427,487.8750000000001,111,0
251637::402.swc,cf63ef8973223947cac7fcec4eae4ced7a2d04369d3c6e92e4e7fa25488c86a8,17527,17526,714.288,140,0
251637::403.swc,ba0cc1025db428f184992d5ded0a3c27f726dbbdf15a21527b7287d7cee27f38,49702,49701,2136.7470000000003,566,0
251637::404.swc,28822f98a0a4252634853032bbf0005ac2e547dae120994680f2f3a987e97f7b,2415,2414,78.22,47,0
251637::405.swc,04754bd38e4f7365c30272506f2d3bf3ebba0571e4149f1cffa94f7d3a66a2b3,25642,25641,931.7270000000001,279,0
251637::406.swc,62b88ef08546d54afa1be34a273e1f44f5bf4907a1084dd44e39bbc4e1b0b328,8234,8233,267.18600000000004,279,0
251637::407.swc,9722af737c73716c87bdfe45b04fb76adcb868ac49194c94576073bd1d7dca46,4805,4804,188.54399999999998,105,0
251637::408.swc,82c9864c9b29b6a5a5bf9b276c0b59ea8f3ed4c88ad865efc00f55d171cad614,691,690,23.874000000000002,16,0
251637::409.swc,5cfe03f9b1e5ea6ee033e96cb6468de508d2ae32eec248a93a9d7dde505ed057,6667,6666,264.41100000000006,80,0
251637::410.swc,9e5c2baf43dcf4f4c9d6f816b330d7ed4862042f8fcb25f554de54b7e0492a84,1620,1619,52.965,58,0
251637::411.swc,8e5ab5ab920302fd8994f210c3b2d8a597dc87b1044ba1f298725e921104ec91,3350,3349,124.65700000000001,65,0
251637::412.swc,b4a155eea79da2c22d3b7963379ccab7d6edf8f88fa0651dbf7d8db17b14af84,1656,1655,61.721000000000004,39,0
251637::413.swc,6e4f290c219fe63b5cf53650beb61dc246bb3c151a5e69631ce7da0dd75ba18d,2221,2220,68.202,59,0
251637::414.swc,5f02015055ced714dd7fffe0c00abea4acded7cd269eccb983f787542affa18f,32637,32636,1299.6820000000002,395,0
251637::415.swc,9d5a1ab90a9478372e038ae2fa680e48ef580f5903237f025aa4d9d34f0d7e47,69599,69598,2693.1740000000004,475,0
251637::416.swc,60e197bbe188b8535f87cc1c906d866c2570cf0f5998511f474957c52c8b9090,8839,8838,288.42400000000004,243,0
251637::417.swc,4c7c5d403bc96747ccbf4b6575edfeb2219d22e4cb8b826244afc677747b7798,27791,27790,1018.5640000000002,259,0
251637::418.swc,cbed072cd555dcecec573315cf1e811b13892d9ed381ebc3a76691f3d12117b6,11068,11067,445.716,105,0
251637::419.swc,e37d175277d724ae2fa38ac1f0a994d052f20c7bd75b092e59fe04bdc6f6308f,9966,9965,354.01400000000007,77,0
251637::420.swc,7897f046fda72877ccfa7d3ceb1ba3c1dc09a78d1fee1f1b96de304cc18de156,4961,4960,164.03900000000002,51,0
251637::421.swc,dbac7416cc8e39ea2b6341833777a0123dd2a3b3072a0bab7ab5006b00f45d25,5358,5357,203.58700000000002,57,0
251637::422.swc,c84dfae7549b6b27947938e5fb2b9b1060f611ef58159994826970697ba2d4db,29921,29920,1085.804,247,0
251637::423.swc,48cd2c99b43618cfa8443f5a5b990e1997dff78083f932e767f7783ebb1e09af,13690,13689,543.9960000000001,145,0
251637::424.swc,de7b0e969ee952a8c8aa19c5cab1102ae28403029a50fdfb0cfcb73e583c2d4f,13321,13320,479.271,140,0
251637::425.swc,e16159d6039300aca480790278a17f3209ae482269ea701f49168ad83070a03e,6829,6828,242.48200000000003,95,0
251637::426.swc,09e6dfb9c57b25132e5b015f779501c62c5f106bb5a75b1c6d0c539e11647ddd,2490,2489,84.453,60,0
251637::427.swc,afa2a70ca86cb2a943d61ba60563a3a47c1ff2f783a80f05527532cfa8694f33,1488,1487,48.049,58,0
251637::428.swc,1f2fb6df61e3037af77c509b72d4c494c935d5186e668cbba7122ff7e03fec78,8936,8935,285.78700000000003,327,0
251637::429.swc,919984501717a30a3fcc3d0f67df980ead60e11238a85cc6dfe1ce10f86d0c09,1248,1247,40.785000000000004,39,0
251637::430.swc,19e9429dda2957ce49ab0baeef0430c37fa1fd48169df66b203f992eace832d6,31634,31633,1305.674,399,0
251637::431.swc,cf6a2ebc3b128d0ba1da81d284072dcca74fd5b14da81ef7869f0eb57cd01916,25302,25301,897.2320000000001,207,0
251637::432.swc,777bfbb8c3eccdfeaa1dcb2e9bb0b4efee13f2673335b49266cac07ae2bfd7f4,12887,12886,446.84000000000003,140,0
251637::433.swc,3244359265788721003304c531ae34b99b30b874e2ba869cdd0a779c16ef4095,31789,31788,1116.507,343,0
251637::434.swc,bebcc6cd4c6758aad96c2fd03dbdb2ab17d5052ad1f3e1f4171120e39dfe4754,10686,10685,406.30100000000004,105,0
251637::435.swc,f0287723835c174a918896231707ba34203a4bb83015ff3c0c25cd3bd1304a2b,1065,1064,32.951,27,0
251637::436.swc,91199b2a3af3f8f52db15c698b9d0a0a66d689101705c857a2c0b462877dfd4f,53824,53823,2140.9790000000003,442,0
251637::437.swc,d4e769c848b6241b49fb9d574a0c2ff26602475b47f1e7b953b9da20301331ac,109526,109525,4104.928000000001,917,0
251637::438.swc,79d48ef516eaddc67099a57df4b1ed4bf983bb935e3cd0ddedee14e6716390e0,7024,7023,279.582,70,0
251637::439.swc,c78e86ebee9255e92633b032f093cb5268d505d27acb6673de605e77b61e6587,12762,12761,535.8870000000001,127,0
251637::440.swc,8b1199450f2ba9924f24249f190bb7dce7bab5328a852e5b430992f06ef203bb,20477,20476,825.014,231,0
251637::441.swc,ee3756ad8e1b5e2b982933879819c5e5585205760b056fd9e5bcdd99afde6e41,5965,5964,218.45900000000003,51,0
251637::442.swc,75f9e84ee2327ed67982b82d4ecb6652e0474c5d39e87c83e5a234928fff4c9a,56112,56111,2243.727,581,0
251637::443.swc,8db26cd1f6a08e511454df02f82c70208bc2dc8f989c4744753e08a811ddb1a5,24116,24115,928.3170000000001,203,0
251637::444.swc,2cbdd74c64db01b71b12c3b1446facaa227986818d4b85a5cc487c1140d0b577,6490,6489,224.21800000000002,191,0
251637::445.swc,c346b3046ef0a33b16a239892683eed780057137d3857e993af75e8e312113f2,12528,12527,476.9230000000001,138,0
251637::446.swc,f2baa0921f5a3f1743c72ce2721631c2b8be7a63abaa8a23f0439490091acdf9,12602,12601,461.99,127,0
251637::447.swc,b736e1922d6729fc8254b97946bb87817b9c7a14c6efd5dbb65476c162674cba,12777,12776,460.595,123,0
251637::448.swc,0e85f1ed4a0b6aeeb7a69d9d087f9244d14a1a3183960d056ee07be483b872d1,7654,7653,317.797,75,0
251637::449.swc,0f79e93063e530ce1863d6d91add19c0e7f3e54aebf5caf6564e7525fc33eba2,850,849,27.612000000000002,26,0
251637::450.swc,d6e978b349fcf722e4dd00bb8626285d03522af0c0523dc5d743acf1ee9745b9,4896,4895,157.615,56,0
251637::451.swc,714aa681f9e3d2220b7e0ffc8effde5e19f03ec046888b9503d5b2d282611925,870,869,25.556000000000004,28,0
251637::452.swc,d8536de29f30ec2ab6ffcd08fbcf51368024bd0ee1f643a518a4bc6806acc74e,28191,28190,960.8360000000001,262,0
251637::453.swc,7ee2c4f0cfd7833e0eee9c50496be557bd7d2bdb7ee66c58de78a3a14a76557a,3624,3623,120.87700000000001,61,0
251637::454.swc,5aa0f34f79b710dc8fcef9f0e5d4b9b44d956a65ab60bd6b7eabf87c14a491cf,12190,12189,481.1250000000001,86,0
251637::455.swc,d4aa2afb918c0aeb685b2a14e2f332f76417b357893c6f640e0752a4a477830b,2144,2143,67.462,64,0
251637::456.swc,9aec270b6ef8639a814d665d625191eb3e8a66ad16abb1acb7d4e58729acf96f,4570,4569,148.38,113,0
251637::457.swc,0ce544555d1439b1857fe23099a1767787e69144b372ef345200ccb65a4d5d04,23790,23789,892.1700000000001,227,0
251637::458.swc,7cb10580fc2520638ef615a0dcb35ae1c58aa398052abd7226f5d09ecbb832ba,719,718,25.565000000000005,25,0
251637::459.swc,25d32a1384a4efa006e5724a8c7b5f62cd96b107e9a14a3a04a0638f85cbf7a3,6702,6701,220.573,111,0
251637::460.swc,b741339ff2306ea9ef6b6d19ac45d48668ad8e127fdb800a4405d7dda1ac46e4,2612,2611,102.353,31,0
251637::461.swc,c684851a8bf902f703a537f06bdf9a6c154c8bdc049204f7c18ea005487ff3b9,7051,7050,239.669,67,0
251637::462.swc,5db7b471e72e07b67262c35dbb36dced80aab49e1f8b4f2c3c2b3292e1bd0ecc,1003,1002,30.068000000000005,24,0
251637::463.swc,33daf41ece424f714cb89d002eba4a70e575e4ded80e6eeeab58e3b2046e0ab9,6171,6170,219.95100000000002,64,0
251637::464.swc,0b8f09f656aff3f0a9bf6fbf1dbd2532c0b1cc19872da8630015a8ad13766123,2012,2011,75.72400000000002,39,0
251637::465.swc,c68bfd0d5040154d32b4c5f321d72cf623fde8ad4171064fefa7c066108ae778,9675,9674,342.20799999999997,73,0
251637::466.swc,1813d6ccc069aef8c44786218e57e2c532377972f6d2b6fbba8ae292166ca6db,2319,2318,83.394,63,0
251637::467.swc,b7af56f683bb155882f12360e7b56ea85228195a1e5547956afcc76703254b7a,3809,3808,135.47400000000002,71,0
251637::468.swc,50c00abb9e05a50fdf4e76b02dcf2f7c37498da5e908fef39153d7c252433f9b,2513,2512,83.022,51,0
251637::469.swc,dba435e8b33ef6349c00e8dcb47f37135e3c8fb250324f457d5bd2810def5b0c,6406,6405,218.394,86,0
251637::470.swc,9e79e17b71024d918f8fd7aa257f1c33b41549653da18ace24d858028d6ac6fa,1081,1080,36.087,41,0
251637::471.swc,02550c4a49a94ebc07879a1cdc9d2214bf629e74726d1355499f880fa8e43988,3257,3256,106.83800000000001,63,0
251637::472.swc,b254567906171b36b943f9180a046c6bb6093cf04f54bfa69f8d627fdf10a8dd,55646,55645,1977.397,258,0
251637::473.swc,6b9cb114260adbd1e8540f3e8e74ac36b5ff37ae4dfd92bd757767d6009f25f3,11836,11835,524.964,219,0
251637::474.swc,b518cbe406025405a24d681332ca7c8fa1fb4673b0a80e358e7b3a3a1ce5e8b6,33842,33841,1112.9270000000004,391,0
251637::475.swc,8aac653a07f20dfa57a2a0e3ce6b078fd7ed3bf7347dd24b24f2f9d655cdcbbc,85598,85597,3140.3650000000007,491,0
251637::476.swc,731a17f54d16a108acf3794cfad5c7ea595c28f9c9c95ef6cdd228d703d11fd7,55286,55285,1969.5660000000003,357,0
251637::477.swc,e89495f420bd301a01e567716fa11d48defc773bb2ab6ced6bede3205f346f45,28069,28068,921.814,141,0
251637::478.swc,9d7a75b0eace6f0c6eb1965c4a86168f98b735b281d1e4a319b9e4d44461ac51,64904,64903,2295.7920000000004,432,0
251637::479.swc,90c378e26fb754b5b5515917fadf70797a81971d1c920b55a8d14b210870024a,10153,10152,340.74100000000004,106,0
251637::480.swc,15a38b9578ffe527d729a717a64354fee9c723a32a6bfc6bfd4ae7cbba1a8aab,4981,4980,178.65300000000002,56,0
251637::481.swc,8ca2f553f66ec0d3b558e5a79015e9666666984b9dfce636a3f190073245a8b8,28494,28493,1088.8880000000001,230,0
251637::482.swc,73ea5ffae5ff22fc26d20014b24bc03f176866cab29dbe7354c4609bbc9b85c5,17383,17382,662.6320000000002,184,0
251637::483.swc,9a95051f165a7d4c686452e091208087be35cc2642376419afb673269841404e,15421,15420,622.0210000000001,92,0
251637::484.swc,8a06c2961645be4060bc8b2ad04bd34fdf2d57c4eb9f8bf840e1e36ed947cae4,3077,3076,104.745,30,0
251637::485.swc,0208aed84855f40bbb65270a40c304fadbfa50df426e4c13974ca95cd47760b5,1445,1444,46.71,40,0
251637::486.swc,babc1937e1df0c13e31d136adc925fb593593b53a35b0077f650294fc89d5458,1659,1658,57.44200000000001,35,0
251637::487.swc,7a44bda442ada09cdbd95e33dcc9b5b902a96f1b1162958f9c9b46995e5aefed,953,952,30.392000000000003,28,0
251637::488.swc,d1897e8175ce9ba13bb982a5d1b1784082d64d591ebb88b174eaf61b5aab3e13,1771,1770,53.827000000000005,35,0
251637::489.swc,6a41bcf23f156734c437312cab33949da674fa242f9d1e11094ba4f4ca91f640,8544,8543,346.29400000000004,89,0
251637::490.swc,fac757f7341fd2fb0083005bfe85d2228a09d886d202b6ea20d3aefc95450e2d,73416,73415,2619.3370000000004,560,0
251637::491.swc,af170b02ef239bbc1f2bdb7449a8feee2c669ed1c127124545ac62b1c6b446da,11338,11337,437.19800000000004,76,0
251637::492.swc,1a84e275988e936889f32f3f0a2b0f402ec268ba69ca3d2745f628ec9c5f2ec7,12914,12913,413.6740000000001,87,0
251637::493.swc,165a075ca55af8bbc75d1e3bcf84679c1aa2bf96ba26025d35be84e48d6d8c02,23388,23387,793.376,129,0
251637::494.swc,9313ccbd186229866b6b1b061f6e1b3185447a76ad3b04b51e54a14cc78945e8,2597,2596,87.99600000000001,51,0
252383::018.swc,79d9c3c4785619f8e002ced5a85c71b97e5178aba5205d865072b3a34a6a4dc5,8960,8959,437.124,105,0
252383::019.swc,3d4c1155f49f440fec978b77d6c10a88c4e69916beb6ec9b062b7641e8cec55e,4874,4873,169.46900000000002,231,0
252383::091.swc,1a196d79545b76c9ef57fc9aff52c2d96bf44afd9016d1457eb420c0eff2519d,9839,9838,385.15600000000006,180,0
252383::122.swc,eb3f84a6c3df6b154b349442b8159da27e5d182a709821efc52e6a6e4a82b21f,4073,4072,174.27700000000004,53,0
252383::125.swc,935f8c1399fc1e04efeab5b9f1d620b8721daa9d7a963a5107af555e2959869b,10659,10658,430.3020000000001,223,0
252383::130.swc,45b60b0c54e8061be721aa95da5a32cdcc3333985b5997202e21b6ee9b501eeb,5026,5025,251.303,75,0
252384::047.swc,9d83804fb337e16eedf1761e4506fadc3491ad78b72d0b0b4bb6172dd46a0739,41818,41817,1425.1000000000001,176,0
252384::048.swc,0951283c158a57f20a2ca4b5c2c15d2493ed4e23cd365e005f00c8e091f064d8,13542,13541,467.9170000000001,63,0
252384::049.swc,998e170068cf2df20d96b60653cf0ee7d2adab85b5735d4d079349575836a0f5,22686,22685,757.3080000000001,102,0
252384::050.swc,8228daf717b19186422134271e30b82051c1aa68fb92546766cc662d07925522,7256,7255,269.365,32,0
252384::051.swc,1e0ad58346eb5d7b576493adb9c47ac8e6457e39080f7aacff8030570f570ff5,13897,13896,516.428,75,0
252384::052.swc,491c31d167f433345d200da2f3f1ddf08d5bb8822d5890a08c8fd7880fdf1949,3362,3361,121.14699999999999,37,0
252384::053.swc,7bdcbb51e723cd878e00eb6c0ac58bb9da79235a508ddfcb5a3bc12b8ec1ae5a,9452,9451,335.815,53,0
252384::055.swc,a150e1fbd7d5c447e9755f3c866891ee57e3751a9d34c630a941b0e46590410f,47155,47154,1410.9460000000004,851,0
252384::071.swc,054ac750f24965d87b095b76b58fc37da72cea26fd0828235d558ba9ab0d7d03,31337,31336,1141.8010000000002,285,0
252384::072.swc,7f1bcf14fe3aa62e5457ac58a8ebcc6c90b00fbf2cb4bf2965ea6f24be6d9e56,8907,8906,301.43800000000005,247,0
252384::073.swc,2ea28392dd892f83ad943bb49cb32a61854ab6431e0f2794feb646155cc48ea5,3652,3651,131.17000000000002,52,0
252384::074.swc,2146a16a06a9b64b526a03a87ff1c0ecc0ad38378bf206d8015c8c5ef712d088,71205,71204,2557.5510000000004,567,0
252384::076.swc,73dc1b86b1693f7721ed939ccf3c11c7c6bee551c39bf37593cd96e0d4a4add0,86213,86212,2852.3400000000006,579,0
252384::077.swc,c26310ab0e3c2d690dffcd1d4e93c1da6df85206695ed35cfc179576d2f8918b,4726,4725,165.837,66,0
252384::078.swc,cf07c0c4fd9ed560780c795e7bc0f566d6ecb564661fd18b0279c2bfecc8a16f,88259,88258,3001.254,349,0
252384::079.swc,566cd6a830caf00d5c2b9da4bf83d94d112810d119164df97b935ed4ae5216b0,3279,3278,107.84200000000001,61,0
252384::081.swc,92cc8f3a2e9adf61a73dda370fa0620092ed837bca3672c24b0c57f10c696597,5604,5603,181.08100000000002,147,0
252385::020.swc,b0e6ef48e64c491ac82aa6137f919df6936cf1f9978b724392cf6fd183cfa960,43134,43133,1610.003,474,0
252385::023.swc,7977f8b018b7ad35caad66e29a8dcd946794c4c1054670c663fb97b82039c9a7,5122,5121,187.666,167,0
252385::024.swc,99a37c9b864bf2db26026ceffd3cda2c7be1d92394b7891231159497acc2de28,15764,15763,593.692,317,0
252385::025.swc,cdc76c8b01e62cf83d22a3a3a3f96ad616ade91f0a63084e2c994c8cc9404eb3,11157,11156,361.996,160,0
252385::026.swc,24f61650c2d5fbc5cb76033cc8884fea3c643b0216f9cae56ee9448d14d3eca2,65814,65813,2644.411,1052,0
252385::027.swc,dbdc57b98889d50d1afeee0edf82b8e822aa8fb5cb821a9a79ce3e982be0304f,62767,62766,2385.2580000000003,778,0
252385::028.swc,72acd4840f1de2da986c6aa8b39e9e50b550f625fc14d84e70737b581431b9d7,21231,21230,784.5900000000001,352,0
252385::029.swc,7f9b4b1373b4adffff35a1e3bfac3dda70e59780def561df39ded2a62e414bb0,2228,2227,83.994,68,0
252385::030.swc,e346f05105987c9bc70ae5b249fc93c145c00c7e6dda1bb7e6b89b85e01a14aa,903,902,32.644000000000005,40,0
252385::031.swc,ee01b679dd3e70270da6193203406ed9cf09bb967e94ce4ac4021fa3f9f43ae1,19942,19941,686.8120000000001,284,0
252385::032.swc,b5eade36758118da2bfd2f843c6c6c94ecaad2a669963cdc3353e0cb2be9996a,2623,2622,82.197,148,0
252385::033.swc,116910dd537ebd4aca2b710740c2cc37152e2271c8fb81cde5dfe610debf6ba5,2121,2120,59.244,191,0
252385::034.swc,76818d0c42fe4a8ccbf1f110e330bc7d9f1412faa2814deadccb77132a03959a,3670,3669,125.16000000000001,170,0
252385::035.swc,1c8f4e37715bc45b176a32f8d4e5391c9387efc0635b3e420f6cfdfea908fb47,958,957,34.279,58,0
252385::036.swc,1f9cc7d031dee881ed9b43bbd02136c8e552191f7915926843d66c1636f6ca32,57706,57705,2149.428,541,0
252385::037.swc,6b5b8a1f42f0d9bdee0af2a949768ade5a641021f11352abdcc2213cf34d9d1c,7888,7887,281.15500000000003,104,0
252385::038.swc,85fe6feaa295f7357833c3fac5d1163cb3fe40a2f113dc570d311c9f12f2c9b0,66560,66559,2539.2100000000005,436,0
252385::039.swc,6d4775fcf3fa98593b5f9f6294829126a26492c198d60e9a8afcd53e19bd4b6f,4297,4296,149.25400000000002,35,0
252385::040.swc,173f001d416805a196ecea108f1c3dd62ffdc5bec0c29b78b9231e031f638917,15960,15959,591.057,141,0
252385::041.swc,43adcbd75bb97de8e88c4b576afd1da814d08c026dd74b23038829299dd7f2d6,3632,3631,127.269,49,0
252385::042.swc,cdfaf53d54f8006c85ef69d4b0c75b7bc27b55d14210048c3dda8e6597102cfd,1169,1168,40.979,38,0
252385::043.swc,a0ebec99de8c09a7dc401ecaa18ab39ea1b8b84ba07823205e37cc4b18f7e976,2584,2583,96.487,33,0
252385::044.swc,773d6ea3ac83a3a21a8ae3b3b120e7bd547b706e10369dc780fd114e8dbe5f18,4462,4461,143.73899999999998,93,0
252385::045.swc,a9735ab07d8d23324f201eb18d2ba1b561625e3f8163c043395cfd578a0bc894,3236,3235,112.424,36,0
252385::046.swc,c294e172e807809a91185968e48ebda5a55d19bbbba84595f395d2efdc1de0d5,74060,74059,2680.0430000000006,598,0
252385::047.swc,8750924f31300495c7580b7093c1bb60f27432d193ab49752fd69910734412c6,30114,30113,992.846,137,0
252385::048.swc,593bdef3c6ec54fb30eda8c6ff89ad1f9fec1268afdfd5be20c2f418b92628e5,18359,18358,632.028,153,0
252385::049.swc,1d67a5edb678922a952886462dda9210f71d4d669b08c79b0fe901cae2cecf97,17623,17622,626.464,114,0
252385::050.swc,f535d95edb6b06bc49543c8e168f0fd6e32623d33bd5625352ada830c5c84a76,56340,56339,2177.1270000000004,759,0
252385::051.swc,5212b93d2a47f38673b44963c5f148e44ffb315f842766664b4bdeecfc2560c3,13559,13558,481.277,149,0
252385::052.swc,2f3a73aff1170f69547d17595b047463b95298b213618a95383fde92c1e3a2f8,4602,4601,145.51999999999998,87,0
252385::053.swc,c87641eb6693e1db5c67191a1a61562a04f0fcb472c460297b5a38f944db261e,10734,10733,378.11800000000005,91,0
252385::054.swc,689849a6a6d003e57ae4db78c93a4f546f75fd539817861dbe77b5219279adc1,1156,1155,40.32,35,0
252385::055.swc,a0f88fe2e39fdb91dee862747fbbfe4d2732cb28d3b771435f88ca37e24983eb,11819,11818,408.882,93,0
252385::056.swc,f55e604d8b0ac38e81297782ae7a5163711fc01f1e13821155612bb5924caa9b,4103,4102,140.90200000000002,233,0
252385::057.swc,2cf25e29012cf83de7797d18d80e50bbaa238d7953829fa1f3b9175dcc32dda8,1366,1365,45.346000000000004,56,0
252385::058.swc,89772cbe5a651263bf6cc208f6ba3d59dee1cf15eb86d025b1faa0b080179f21,1278,1277,47.662000000000006,52,0
252385::059.swc,eb4b4dc58d938d9740f9b3d96ae155ac0c1581e7650f79cfa855005a713807e9,302,301,12.383,16,0
252385::060.swc,ecdb53e0c05c3aec28712ea438ff4bffc994548319db9b16a5018296cc141b01,5726,5725,182.925,167,0
252385::061.swc,b3ed24891964b3adc92cb526dc29b527eaaa18a5f13d88b70983fd767d6792f5,4234,4233,122.991,175,0
252385::062.swc,c1328a48b9ce4444e73aacbddd0c0db90c65f12e89c42f3a9172867923327b7c,4401,4400,144.238,88,0
252385::063.swc,07a35033d7559fcfc3792206ce51d952b6b300be8ca9d6d4ebea4003d1a2d4e5,25372,25371,943.2570000000002,323,0
252385::064.swc,5b9bb007f06c10ae6ef30ce53598c2f33a05a9037939a6218763ebf4fed3dea2,3774,3773,108.76200000000003,170,0
252385::065.swc,bbbf74ac9196ff6c91370445c427fcc5fdc3ec7709b97c57b21eb5a2cc52a8f7,4704,4703,139.484,182,0
252385::066.swc,d9e396c289df08a3bf3a3172eaf4d632eb3c3f33479364f6a1788cefed37227a,6808,6807,218.784,182,0
252385::067.swc,58c779b50b791955aada96c1918f46db33e305b8c820567a68e5313e19ba1880,7847,7846,286.596,93,0
252385::068.swc,4723be891e872773193a67dda05c81fb058a36adfc39efb70bb3a7c45ca6a8f8,15839,15838,582.6640000000001,192,0
252385::069.swc,c07637434680b89fff96ed281bf75b3b68cab8ecfee891e4d1bc41e90030eab1,2220,2219,79.903,39,0
252385::070.swc,4a70bd1bedbb0f7b2f4db7613b19f2aed90ce3f6b0564b95ff519ce1deecfb39,2973,2972,107.45400000000001,54,0
252385::071.swc,e18043a4829893b7f41ec317507132318a1b4a2f24b8a29ee19133fe7a97b704,4993,4992,173.639,57,0
252385::072.swc,34701fa2935da73c6bda336ca1f3a9b9ba04145724e9d746eb1e62a61b00b535,1062,1061,34.137,28,0
252385::073.swc,32d2589c3f37ebdfb8c8a0ab4ecc0454cc07b1d1db2df1a36ef17e5945fe2338,5804,5803,201.11599999999999,215,0
252385::074.swc,ea5962e465f7574ac9b580b3416af78af7484226952afb38588cd47dabc74f56,1474,1473,49.456,52,0
252527::048.swc,11e92d5f93fe6d498e3368633df9912078c7ce3da57be348c762eb54c5177023,1689,1688,58.803,49,0
252527::049.swc,061b6e7bbfcadd466ce7a4af50693ac5bf1a0e1f44538cb2969ba3fe813f2d2e,16505,16504,625.0700000000002,121,0
252527::050.swc,8028118b3113809e8228c8268d5e4429ebc56baa2ef7d05a40ece3d39eee1705,32693,32692,1234.5140000000001,294,0
252527::051.swc,f8cb83b5cda9596cf72d3150344e2b4e5e20ecc7689c08eb7e0dec40264d42e5,16925,16924,638.4490000000001,134,0
252527::052.swc,45b6cfe6cad7df54fd0adacf59a9dd6ae33dd3b08d8be79170234e55720831b8,13951,13950,543.2990000000001,139,0
252527::053.swc,10c22b7809192f7eb4c1c76d5f7490db0743cce987222f53cc223ebe9175ea1b,22481,22480,706.6870000000001,504,0
252527::054.swc,a31a1844412e3b92cc1d9672c5de7afb79c7d6a2751a52d6e33d7ca5f87fc615,33507,33506,1263.9060000000004,394,0
252527::055.swc,ce9ddee96f5511942f3df921ea650b6f956be6a772056b39b62c448988d019c6,19184,19183,711.5770000000001,247,0
252527::056.swc,4e987ae43dae37934df9f1d020c94f2565916d049e71d76181a78ff90122cdb0,12219,12218,462.5880000000001,251,0
252527::057.swc,594ef4476f2fbc7302c5a16d13f0bd60d6c73df94c5ce823786c1cfcfd503ea9,17292,17291,647.8990000000001,150,0
252527::058.swc,3f0caad5fd1d6a7e6d814796f17dfc1182c8dc7979fd1e9cab0eae577335b657,17095,17094,596.1800000000001,176,0
252527::059.swc,fd1cb54fc2a8d760f64869deff11a0cffccdacb679b25b0f2667a7a2d95a50a7,39716,39715,1610.0900000000001,337,0
252527::060.swc,8ff93dcf3789a13c3a80dc755efe9c0e1bce9de044b6e3f98e295923ee951c10,8712,8711,322.9650000000001,86,0
252527::088.swc,e8d08b51721a3ba813b18177df08a3fc315cba62013a20c6d97716879ff3d478,18399,18398,610.926,363,0
252527::089.swc,d203dbafc7e72cd554787f6f6cac01e2996d9cd314fb8cec51a1aa997a7b17e5,34151,34150,1362.9540000000002,327,0
252527::090.swc,127fd48c88ffc41c70f4d7e6e3548fc803935333f5656b76de96c4296451382e,23323,23322,874.3240000000002,227,0
252527::091.swc,f7aa9acde1e2b801b91768b6407942c145507272a1ef2f13c9307f736f2f4473,17720,17719,635.4440000000001,157,0
252527::092.swc,5e0d89745fdf8591e26070a30ef0847655f95af6b90cefc3b4357e5c49379007,6271,6270,253.44400000000002,64,0
252527::093.swc,c27420ea32d211bdcb205c8de5f402837132d7ca4d5bb76a4909a68a71fac80b,17851,17850,708.7540000000001,103,0
252527::094.swc,441049c0cad8647fb0fca3dbc8678926770c51b36a99a048afe154af6bd56769,1090,1089,34.437,34,0
252527::095.swc,ea8e3c376e79ac3763bcbca2339ecbc9a4dacd70ccf47ed1ba6cfc48d92ef038,3308,3307,126.37800000000001,39,0
252527::096.swc,198c569c48a3053260b02c9837704ebba73cf1e3092299a518918cc804c33c67,19357,19356,726.867,217,0
252527::097.swc,5e644863a18f40c14f7e1e22f9fa965fdd356ce5ec3004eca2c66e084cb27a2d,5152,5151,175.361,73,0
252527::098.swc,ad3111549cd048c9f5dae8141cf1a9d717ec11ac0b50b279d74a888373eabbe3,28728,28727,1162.5640000000003,246,0
252527::099.swc,0912b4a861c6fb6f3421d18a9fa5bf4f2cd842c951700f766ca12bf184370b06,9466,9465,299.548,165,0
252714::029.swc,39374bdd892a88b963a32f6b88677072a7340243ffd27f049cfc23e40d5cf8bd,44679,44678,1872.8630000000003,823,0
252714::030.swc,3458d904e051a49ddf5d9c807f42a9cdd9ac0f33572b80d53310b52202234800,15190,15189,660.539,227,0
252714::031.swc,7a8fbd0de87b420fec2e1044feabbf53e920c73b078cc9a8f7d1987d587bfc9f,12028,12027,510.8060000000001,261,0
252714::032.swc,d13119eab0a0b8202ab93411cd6bca2842f3a241fb3bfc795d056030b4a0f6ec,70025,70024,2771.626,846,0
252714::033.swc,c5df9464a95ab9fbe2407f7b4cf1b435963f8de796473050a0d4a15dfe337ffd,18487,18486,699.162,392,0
252714::034.swc,5e9e790d452eed268a4c94279dbfc6610edca17a118d15f8746f068b4782ec2c,45520,45519,1962.9510000000005,584,0
252714::085.swc,4f217ab67fe1a5b16cced5945b74de2389bbafc08a7a1736723b58e71b32c6f5,77568,77567,3593.897000000001,1530,0
252714::086.swc,fbddf7852020b61af61eff4ca438a4c2ffd20b3daf29dc62c76cc64bf37946fe,75814,75813,3237.3220000000006,1457,0
252714::087.swc,ab9f32eb1d3773e55d987e90396f8f420de4055bb6d5246cfbb95cf72851f4dc,61865,61864,2713.777,1059,0
252714::088.swc,a57434adc6fc75128b039bc2d6934e4770716eac2244cee220c543fa3ea0fed4,55636,55635,2318.427,1287,0
252714::089.swc,e8023165fde3c66e4332255e1c53db10de2096e17ac81f755847737d25210dc4,60259,60258,2576.3580000000006,609,0
252714::090.swc,25946f77c96b07fcdffb4bcd20809238797035517774b952b39cd84099f71e0a,62252,62251,3027.786,1399,0
252714::091.swc,46ffb0dd41c2c8d28c43a9782bb7b33316432c5762c81f7448b291db6865274c,48686,48685,2345.0570000000002,570,0
252714::092.swc,d1419f16cbcb32fcea5c69ce66d7b8d4f667c1b07e1ecb443c32a7833f3854f7,54367,54366,2275.3610000000003,529,0
252714::099.swc,b78c16d78c5bfbe039c1847a068d54ee1602ff3f9ec74a9b474d31028229eb17,32906,32905,1380.7330000000002,507,0
252714::136.swc,0a1635618a4de03e9c7ea5189bfe1ad964eb2b2c04735521fd65b8b558f1e227,6800,6799,224.43000000000004,376,0
252718::076.swc,de9f05a4e06f70ae460cdda80335351797b05ecb9bdd64ee8c821ce411d70497,2034,2033,71.88000000000001,75,0
252718::077.swc,fdf56d5cf9d1ae631ecd62ea45704f9c47eb1de9e352855698ade2c3d0bc152c,5762,5761,211.803,114,0
252718::089.swc,e7e20c8066929867d8939aeb3bb32b9e16ea5e233502333b2c5e160959151320,12812,12811,534.336,174,0
252718::090.swc,8bf5ccadf66645438788d05548a9042b6d2473e8056b00b1f029f9597d8b7ae7,8796,8795,364.89400000000006,167,0
252718::120.swc,bc439a0ff516948d55a9705579c275c9bcecb90717d699a5b20e754561386c2d,2489,2488,97.407,79,0
252718::138.swc,3600735b926ea28e347bd3c9f539d04f477fc1e11a60900cf519be1fc603e53f,6061,6060,261.069,163,0
252718::139.swc,946d3cac0dbaa7dc3fbfb792c332330832319d63b0d5edf91a21bb8baf2ddd61,1198,1197,53.364000000000004,9,0
252718::140.swc,c604a5b34dd6916aa73650cc1666d11ae4066155e4999cb0aa1e8ee164ddd6df,7478,7477,363.838,91,0
252718::141.swc,68c18b924268bf26672bd8105cd095f0998ed62c4139d1af7b4cd141eee43504,1892,1891,82.85000000000001,8,0
252718::142.swc,d7f37133444ef7759f426fe5368e28d09f29c89fb70e6a41729d1791b7dfbea3,37329,37328,1660.8270000000002,1021,0
252718::144.swc,1e6089c1a4989f502468b36cb2fce3fa0f5db08c7e2dae0033f6d22576bdc712,911,910,46.083,2,0
252718::148.swc,965045d18e507580698b488426e328791f465387fe7a950437f7247d73096df7,534,533,24.26,3,0
252718::163.swc,68bcdccd9866478a646a3c7e71b46ec6b2d63c1be9649b6f3053d1c3e10c9dfb,139,138,8.359,2,0
252790::014.swc,560810caabe46f95b0c07edec686439de6b86e7ad7445dd17ccaa42dba55f51a,38732,38731,1590.979,276,0
252790::015.swc,0ecd7988a106a8ddbe6398e8f8f771c0637a1bb9a7d0033b89a38b80dd43cafe,51571,51570,2210.4860000000003,455,0
252790::016.swc,d79f63ba0f2a09d09c5fe71dd83c3cf4e9156b1e9f9fc692026c5f48511d241a,10606,10605,377.67800000000005,138,0
252790::017.swc,68dbd4b98c7b54426251c2f6aed5da051509c862a303bbd85295cf2cbc10948b,30326,30325,1209.8780000000002,292,0
252790::018.swc,2978e6743644aee4a4816a1eba3ccc355094381c98a4acba6b643d8277d9c916,29083,29082,1102.777,290,0
252790::019.swc,408c3a6c49a09779ad12511cd7573a4761060ae46fa439d7955b5f52f972c3a0,43000,42999,1628.2760000000003,463,0
252790::020.swc,85eee1d62f5c3080249baef8d0f71effeb8914ca250b47e85f23b3b2a927ad0e,12768,12767,532.144,130,0
252790::021.swc,cc660aa93db063ecbe99b9642c96eac78436cce487726789079663432ada0251,45414,45413,1795.5430000000001,452,0
252790::022.swc,e884de2bebf6ac6b4a3dc4047bba6813b640e931b3248edb765a853463a51dd6,25610,25609,943.1000000000001,261,0
252790::023.swc,97656aa16f02cb8e9128f59fd13d9c0fb7f1cb001b6bd29f8c4ea70d01425db8,24142,24141,943.8450000000001,185,0
252790::024.swc,8d69b260d38ccea61ce494ce80835681d0a59432cb263d99cbf1d6b1895ee637,77622,77621,2996.5340000000006,770,0
252790::025.swc,e8969a60c9feef222881063bc19b88fc79b91a4d79f2b5849bb4a1fcbfa11f87,8065,8064,261.293,112,0
252790::026.swc,d87053e2386629ad00b300cdd77aafb32936aee380b091e3dced7f8f30627272,59469,59468,2240.59,579,0
252790::027.swc,1e2222c316bc7dac08d419706a780bd0973026bec33e97841809bb4555042b35,54260,54259,2305.6780000000003,390,0
252790::033.swc,33ef04078db19c0e5d833bccbf34e122b9912bb726b1299b0f5c8f6b626eec1f,46626,46625,2234.036,835,0
252790::034.swc,797ed9b7c9861a239b6f3e88ba4d19beda55ce4476e13c2646a961eaa267f70f,68596,68595,3056.964000000001,1103,0
252790::048.swc,fc5b7d0bf679b30dee5cf299556e03d9f17af81e8c6d2443c877d1707d425cff,91020,91019,3706.2370000000005,898,0
252790::049.swc,3a5b7dcaa35e9f2828c4b971eb58e1b57a0af83fc68cb85c6d9567350bab54a2,41824,41823,1528.1730000000002,414,0
252790::050.swc,b8352ede21e89b841439ab21d09bc1220ca42636731f0ca1c4011cade3ffc004,43930,43929,1716.5610000000001,403,0
252790::051.swc,a558e1e65577dfd10aefdca30f1c855c749e643deddf82f76ff095e9ecac1351,47951,47950,1747.136,470,0
252790::052.swc,4a6ff0d015cd5e85bf072e3e571e77f079cabab8ba03cc9607d443d50f17a22e,60392,60391,2520.9440000000004,689,0
252790::053.swc,8282122e7f5919612a813148eaa2a2e3341c126ddff5c73fc23516b81a1833ec,5372,5371,197.631,55,0
252790::054.swc,3971af04207d52b976940cd440c0f65b753f981e723668cec372545a840e333d,27823,27822,1094.1820000000002,291,0
252790::055.swc,14bf3862b188b9fa7591469d3fa2abcbf4d11651b0ce1454c272941e3b94e242,19480,19479,805.3540000000002,152,0
252790::056.swc,dfd1320f3024c37233b94a31e3a853d8b718aefaae009f0154bea42ae1bae963,64311,64310,2616.031,645,0
252790::057.swc,f6cb9532c3d1bcb217e3716d68df9dc710adc1ee8d82f1c53bfc13818d167bf8,44200,44199,1666.0190000000002,304,0
252790::058.swc,72bcfa908c6ac90a3477dc0289525c8398ccbefae9fc3d3c311be8d09cb3e3be,7776,7775,256.14500000000004,343,0
252790::059.swc,f9b6054dd114f94291e27260d1a9e95f6f39bab8da1343f1c7e9423a0e260b7c,14060,14059,497.07800000000003,301,0
252790::060.swc,758e29e481aaf77a9dbbbd1c2951ae36298be2ea6f4182651119085d9562bcac,25739,25738,985.1980000000001,232,0
252790::061.swc,726dcda92040486089515cd59086f9fdc218d00e9e67172d6817ed769b8e5c21,46825,46824,1874.7090000000003,427,0
252790::062.swc,362bf9078ed81427cae6ef75cd1af52ed1dba95ad029304d52a4f7e3b80e238b,29385,29384,1145.5770000000002,211,0
252790::063.swc,84003299088853aea719f04c9e025f1153129546fe7f8ee9234e42f6d1a364fe,20741,20740,677.004,200,0
252790::064.swc,e858e2a4427c34271538a49cb9aa78d766ffde9de77ccfadf50dc1ac74c76af5,28058,28057,977.6270000000001,588,0
252790::074.swc,c3d33d4ee6b756610d3e8ba45f4c640bd31c79d9b85e9fa15bc77f0dd974a5a8,97728,97727,4094.2680000000014,1187,0
252790::099.swc,89cffbfb73e9d05a7623825244f2552aca4ab3293dbfcb4e426b3d54b4ca5911,97499,97498,4470.721000000001,970,0
252790::102.swc,1f4b7033487ba0f6ef597dee6dda95a817675175792a5c522740a81337ea1c5a,54968,54967,2526.128,434,0
252790::103.swc,98f45ac26aaa1bd465a995ee967c6e5e2974a30eb048c969770af6b3c38ca178,1799,1798,108.63400000000001,5,0
252790::111.swc,b7a95c3bf581249f2c5932afbcb85ebeb07c5eb4787713f9912f672a18496aac,10201,10200,456.427,276,0
252790::112.swc,ffcd28e0ab796c6d7396af4d536a206558b44badc7fed1dee30a0f5cd80e181a,52282,52281,2514.2890000000007,859,0
252790::113.swc,645e744d5c69c1250018025bddd29123d3a2ab6009c28c12c015e88f01e52923,24992,24991,1073.777,385,0
252790::117.swc,0e3690bce1d562b8824188bd32ffc2321fa985562dc8c1656952a4e7b5e9b0be,5829,5828,245.58300000000003,62,0
252790::118.swc,f59750fd38228e534ca935df6db8f881e069cd4607e10db0cea15b4c09b86725,11924,11923,494.4440000000001,105,0
252790::119.swc,a57decd660ddb6302f7d37f3360784e9516e62092b37a0ae09ef3aeb265253ef,35044,35043,1452.902,320,0
252790::120.swc,a3080b4a022b570a8aa575ec636bd85ddda6af261985c0d9dd78b2033127c575,458,457,21.665,1,0
252790::121.swc,44632a973783dd56e38adda88b10daa108d6d28ade7b647303f701f780159865,1218,1217,75.011,1,0
252790::032.swc,163a1c84c95339a1bf091ab7ce1aefe496dcf030b92e690f946af26770ce5ae6,23587,23586,1034.355,295,0
252718::162.swc,429a726f5346febd1fa7ad2613b3e2893b0ad517a20691516b083143ff04b775,343,342,16.509,4,0
252383::121.swc,32b7bb7b3a369ee34f550c9dfa094c2e0cb21b54c1acc5bb26a6ceefb0c9d7e0,1776,1775,67.052,42,0
252790::035.swc,a2e29f5bad8c5ea8f33029b034d8c18195c470b2bc5cbb1a98b5c4cfac1a93ce,34521,34520,1542.228,340,0
252383::120.swc,ade14ef69664f86aa79ef92a3d3247cfb944a69ba90bc9d6122e35f1d7a14eb3,3287,3286,134.856,49,0
252790::031.swc,62858fd5fb4cccad1f527538fe899622e69701bb6dd23d0735d0b8cccd9771dd,5208,5207,196.70600000000002,117,0
252790::036.swc,2de49b3514d5cf3689a8e5ccf42959ee177c810c2a2ee21a0c34c2c09272a7fb,54584,54583,2491.6790000000005,802,0
252383::126.swc,00b5a1f6ec86217aaa2560818ce024522f42a0baa73c7a4b9722af4ac417ed1c,8366,8365,320.51500000000004,128,0
252383::127.swc,f7738bc36803607a3603eb9c88d1344ac6d6b5d78a56105330d67e9a177aa18e,13645,13644,632.3880000000001,214,0
252383::090.swc,51c75044a725e7c24467e7bdbc681ae1cebbdb25cac9b2be7118673931aa540d,1858,1857,62.18300000000001,51,0
252790::037.swc,cc0c284f722f366ee2613c894c76b75e598b979178f6616bf10132ed2fdbf48d,39649,39648,1755.4540000000002,591,0
252383::118.swc,e8aa8f1aa46785af0a778aa1ab3536008e4ac47a5b16e532f7f9a904d4661e4e,7694,7693,268.525,165,0
252383::119.swc,207cec24602ecbba1e94f39d4ff7990a24a76f843327dd42691c19a39b53296d,6429,6428,225.23000000000002,129,0
252383::094.swc,e6e8569fc589b50f6aa3f33943d39234886a3829fd16f37437a0db8e32547c7a,2179,2178,75.44399999999999,82,0
252383::097.swc,ccb8a6e85fe616606226d0ecd24708be385c2545b8933f6301fe00debc8c21dc,4730,4729,157.92000000000002,154,0
252383::123.swc,069a335dbb7fb8c75c4dfd3912e89f80941f066779ed580c9ac4cbc8435e02f5,869,868,28.334000000000003,39,0
252790::116.swc,20dd01ec087fa9f49019ad3a15bf90b6c9b874ca790fcdc4b24b8406d72b15dc,1983,1982,96.637,9,0
252790::115.swc,edb6398d9f70feedeab0ef6da2be6679347dd8e85c9a330cbd3776b903250d43,20039,20038,888.3690000000001,305,0
252383::124.swc,7d473f7fb784501c6b8b3c7342a68cabe09a992c1361d581246a3e4b26d209f5,7176,7175,245.318,311,0
252384::080.swc,c3fbab8f63803e5284a2d347056616ceb8c6474675fbbc869faeee4bf62fd6ee,44464,44463,1569.9440000000004,235,0
252383::117.swc,f2ab40d8850201d3e54a85f2931fcf13f08c5d681a5bbb695192c32b3e683652,16599,16598,704.0730000000001,270,0
252385::021.swc,aff241b868d65fea3ad1c11a31f35a976f5966ac9ba887e6a34b2fd3cc6bb7a2,47341,47340,1780.2750000000003,464,0
252383::095.swc,fef97953b470145a16b4baf0638c73a2bb8e0dd7ffc624bad04cb720ab425dad,518,517,18.678000000000004,30,0
252383::036.swc,e938558942e660308d9f514abb1ea057c693e0eebb9e1a14948c632e92770843,2936,2935,122.21100000000001,38,0
252385::022.swc,e6b7ce31ec2d2c583f659b907ac383196c67595c394d87796f0d73f8d9f0fa98,7964,7963,305.808,77,0
252383::096.swc,c138aeae79915b97cf401ca468e43b3589c47252587d96fc19e0607f12529610,3325,3324,137.216,40,0
