id,type,x,y,z,x_nii,y_nii,z_nii,radius,parent,is_terminal,order
1,1,47483.1,53278.4,19943.5,189.9324,213.1136,79.774,0.5,-1,0,0
2,3,47480.3,53282.7,19940.0,189.9212,213.1308,79.76,0.5,1,0,1
3,3,47477.5,53286.6,19936.5,189.91,213.1464,79.746,0.5,2,0,1
4,3,47474.7,53290.6,19933.2,189.8988,213.1624,79.7328,0.5,3,0,1
5,3,47472.6,53293.3,19934.2,189.8904,213.1732,79.7368,0.0078,4,0,1
6,3,47480.8,53279.4,19945.0,189.9232,213.1176,79.78,2.8711,1,0,1
7,3,47476.1,53286.9,19947.5,189.9044,213.1476,79.79,0.5977,6,0,1
8,3,47470.0,53288.0,19952.0,189.88,213.152,79.808,1.5156,7,0,1
9,3,47463.5,53284.6,19957.5,189.854,213.1384,79.83,1.4609,8,0,1
10,3,47488.7,53281.4,19940.0,189.9548,213.1256,79.76,0.5,1,0,1
11,3,47494.2,53284.2,19936.5,189.9768,213.1368,79.746,0.5,10,0,1
12,3,47499.8,53287.0,19933.2,189.9992,213.148,79.7328,0.5,11,0,1
13,3,47502.8,53284.8,19931.2,190.0112,213.1392,79.7248,0.5,12,0,1
14,3,47505.7,53282.2,19929.2,190.0228,213.1288,79.7168,0.5,13,0,1
15,3,47483.9,53285.0,19947.8,189.9356,213.14,79.7912,0.0586,1,0,1
16,3,47485.2,53286.3,19952.8,189.9408,213.1452,79.8112,0.9766,15,0,1
17,3,47482.3,53282.7,19937.8,189.9292,213.1308,79.7512,0.5,1,0,1
18,3,47481.6,53286.9,19932.2,189.9264,213.1476,79.7288,0.5,17,0,1
19,3,47480.8,53291.2,19926.8,189.9232,213.1648,79.7072,0.5,18,0,1
20,3,47485.0,53280.4,19939.0,189.94,213.1216,79.756,0.5,1,0,1
21,3,47486.9,53282.4,19934.0,189.9476,213.1296,79.736,0.5,20,0,1
22,3,47488.8,53284.4,19929.5,189.9552,213.1376,79.718,0.5,21,0,1
23,3,47490.6,53286.2,19924.8,189.9624,213.1448,79.6992,0.5,22,0,1
24,3,47493.9,53295.4,19925.8,189.9756,213.1816,79.7032,0.0039,23,0,1
25,3,47472.4,53296.2,19935.5,189.8896,213.1848,79.742,1.5703,5,0,2
26,3,47473.8,53298.9,19932.2,189.8952,213.1956,79.7288,0.9219,5,0,2
27,3,47474.8,53301.4,19927.2,189.8992,213.2056,79.7088,0.0078,26,0,2
28,3,47474.8,53300.0,19923.5,189.8992,213.2,79.694,0.9766,27,0,2
29,3,47474.9,53303.7,19917.5,189.8996,213.2148,79.67,0.5977,28,0,2
30,3,47475.1,53308.1,19914.8,189.9004,213.2324,79.6592,1.1914,29,0,2
31,3,47475.4,53313.9,19906.0,189.9016,213.2556,79.624,0.0039,30,0,2
32,3,47476.3,53318.3,19904.0,189.9052,213.2732,79.616,0.7031,31,0,2
33,3,47479.5,53322.8,19901.0,189.918,213.2912,79.604,1.0273,32,0,2
34,3,47481.4,53331.0,19900.0,189.9256,213.324,79.6,0.3242,33,0,2
35,3,47481.7,53337.0,19894.2,189.9268,213.348,79.5768,0.4883,34,0,2
36,3,47484.4,53341.0,19892.0,189.9376,213.364,79.568,0.6484,35,0,2
37,3,47489.4,53344.9,19886.8,189.9576,213.3796,79.5472,1.1367,36,0,2
38,3,47490.1,53341.6,19884.8,189.9604,213.3664,79.5392,1.3008,37,0,2
39,3,47492.1,53345.2,19880.8,189.9684,213.3808,79.5232,0.0117,38,0,2
40,3,47492.7,53343.5,19877.0,189.9708,213.374,79.508,0.5977,39,0,2
41,3,47493.1,53338.7,19875.5,189.9724,213.3548,79.502,1.082,40,0,2
42,3,47493.3,53338.1,19872.2,189.9732,213.3524,79.4888,0.7031,41,0,2
43,3,47494.8,53341.1,19862.0,189.9792,213.3644,79.448,0.543,42,0,2
44,3,47496.3,53340.6,19854.8,189.9852,213.3624,79.4192,0.3242,43,0,2
45,3,47498.4,53338.7,19850.5,189.9936,213.3548,79.402,0.5977,44,0,2
46,3,47499.2,53333.4,19848.8,189.9968,213.3336,79.3952,0.3242,45,1,2
47,3,47457.7,53289.4,19955.2,189.8308,213.1576,79.8208,0.0039,9,0,2
48,3,47451.8,53292.8,19954.2,189.8072,213.1712,79.8168,1.3008,47,0,2
49,3,47448.8,53300.1,19954.5,189.7952,213.2004,79.818,0.3242,48,0,2
50,3,47446.1,53297.7,19952.8,189.7844,213.1908,79.8112,0.0234,49,0,2
51,3,47438.4,53301.8,19951.2,189.7536,213.2072,79.8048,0.9219,50,0,2
52,3,47435.2,53304.1,19952.2,189.7408,213.2164,79.8088,0.3242,51,0,2
53,3,47434.8,53309.4,19954.2,189.7392,213.2376,79.8168,0.6484,52,0,2
54,3,47432.3,53321.2,19957.5,189.7292,213.2848,79.83,0.4883,53,0,2
55,3,47427.9,53322.4,19956.2,189.7116,213.2896,79.8248,0.9219,54,0,2
56,3,47421.8,53319.9,19956.0,189.6872,213.2796,79.824,0.4883,55,0,2
57,3,47416.3,53315.1,19955.5,189.6652,213.2604,79.822,2.168,56,0,2
58,3,47414.1,53318.0,19957.2,189.6564,213.272,79.8288,0.543,57,0,2
59,3,47408.8,53324.3,19958.2,189.6352,213.2972,79.8328,0.543,58,0,2
60,3,47404.8,53321.7,19958.5,189.6192,213.2868,79.834,0.5977,59,0,2
61,3,47396.1,53321.6,19958.2,189.5844,213.2864,79.8328,0.6484,60,0,2
62,3,47395.5,53327.8,19959.8,189.582,213.3112,79.8392,0.6484,61,0,2
63,3,47391.9,53316.9,19956.8,189.5676,213.2676,79.8272,0.0117,62,0,2
64,3,47387.9,53315.6,19956.2,189.5516,213.2624,79.8248,0.5977,63,0,2
65,3,47386.9,53323.9,19958.2,189.5476,213.2956,79.8328,0.8672,64,0,2
66,3,47383.0,53323.4,19958.0,189.532,213.2936,79.832,0.0117,65,0,2
67,3,47381.9,53328.6,19958.2,189.5276,213.3144,79.8328,0.8672,66,0,2
68,3,47379.6,53327.6,19956.8,189.5184,213.3104,79.8272,0.8672,67,0,2
69,3,47376.3,53323.1,19958.2,189.5052,213.2924,79.8328,1.5156,68,0,2
70,3,47374.2,53315.7,19958.0,189.4968,213.2628,79.832,0.5977,69,0,2
71,3,47370.7,53312.5,19958.0,189.4828,213.25,79.832,0.9766,70,0,2
72,3,47368.8,53314.8,19956.0,189.4752,213.2592,79.824,0.6484,71,0,2
73,3,47367.8,53322.9,19957.2,189.4712,213.2916,79.8288,0.6484,72,0,2
74,3,47364.0,53321.6,19957.2,189.456,213.2864,79.8288,0.5,73,0,2
75,3,47360.2,53320.4,19957.2,189.4408,213.2816,79.8288,0.5,74,0,2
76,3,47356.2,53322.1,19958.8,189.4248,213.2884,79.8352,0.5,75,0,2
77,3,47352.3,53323.9,19959.8,189.4092,213.2956,79.8392,0.5,76,0,2
78,3,47347.7,53324.5,19962.5,189.3908,213.298,79.85,0.5,77,0,2
79,3,47343.2,53325.2,19965.2,189.3728,213.3008,79.8608,0.5,78,0,2
80,3,47338.6,53325.8,19967.8,189.3544,213.3032,79.8712,0.5,79,0,2
81,3,47334.8,53324.1,19970.0,189.3392,213.2964,79.88,0.5,80,0,2
82,3,47331.1,53322.4,19972.2,189.3244,213.2896,79.8888,0.5,81,0,2
83,3,47327.3,53321.1,19975.5,189.3092,213.2844,79.902,0.5,82,0,2
84,3,47323.6,53320.0,19979.0,189.2944,213.28,79.916,0.5,83,0,2
85,3,47319.8,53318.7,19982.5,189.2792,213.2748,79.93,0.5,84,1,2
86,3,47459.7,53283.5,19963.5,189.8388,213.134,79.854,1.3008,9,0,2
87,3,47509.2,53283.3,19926.0,190.0368,213.1332,79.704,0.0039,14,0,2
88,3,47512.1,53280.4,19922.5,190.0484,213.1216,79.69,0.9219,87,0,2
89,3,47515.6,53281.4,19919.0,190.0624,213.1256,79.676,0.6484,88,0,2
90,3,47520.4,53282.1,19916.8,190.0816,213.1284,79.6672,1.0273,89,0,2
91,3,47520.8,53279.8,19913.0,190.0832,213.1192,79.652,0.4336,90,0,2
92,3,47505.1,53281.9,19933.2,190.0204,213.1276,79.7328,0.0039,14,0,2
93,3,47508.9,53290.2,19939.2,190.0356,213.1608,79.7568,0.7578,92,0,2
94,3,47513.4,53295.3,19943.2,190.0536,213.1812,79.7728,0.6484,93,0,2
95,3,47524.7,53298.6,19953.5,190.0988,213.1944,79.814,0.9219,94,0,2
96,3,47531.5,53301.7,19960.8,190.126,213.2068,79.8432,0.5977,95,0,2
97,3,47532.7,53307.2,19963.0,190.1308,213.2288,79.852,0.3242,96,0,2
98,3,47536.5,53308.9,19966.0,190.146,213.2356,79.864,0.9219,97,0,2
99,3,47539.0,53314.3,19969.2,190.156,213.2572,79.8768,0.7031,98,0,2
100,3,47543.5,53317.8,19972.8,190.174,213.2712,79.8912,0.7578,99,0,2
101,3,47550.0,53318.8,19978.8,190.2,213.2752,79.9152,0.3242,100,0,2
102,3,47554.5,53323.9,19982.8,190.218,213.2956,79.9312,0.4883,101,0,2
103,3,47561.4,53327.8,19987.8,190.2456,213.3112,79.9512,0.3789,102,0,2
104,3,47564.7,53333.8,19990.2,190.2588,213.3352,79.9608,0.5977,103,0,2
105,3,47569.4,53340.9,19993.2,190.2776,213.3636,79.9728,0.0039,104,0,2
106,3,47573.7,53342.7,19995.2,190.2948,213.3708,79.9808,0.9219,105,0,2
107,3,47579.6,53350.0,19997.0,190.3184,213.4,79.988,1.3555,106,0,2
108,3,47584.3,53359.4,19999.8,190.3372,213.4376,79.9992,0.8125,107,0,2
109,3,47589.2,53362.9,20001.5,190.3568,213.4516,80.006,0.9219,108,0,2
110,3,47592.4,53368.4,20003.5,190.3696,213.4736,80.014,0.8125,109,0,2
111,3,47596.8,53371.7,20006.0,190.3872,213.4868,80.024,0.8125,110,0,2
112,3,47600.6,53377.7,20009.0,190.4024,213.5108,80.036,0.7031,111,0,2
113,3,47605.0,53377.9,20012.8,190.42,213.5116,80.0512,0.9766,112,0,2
114,3,47612.5,53381.6,20022.0,190.45,213.5264,80.088,0.4336,113,0,2
115,3,47617.3,53388.8,20028.5,190.4692,213.5552,80.114,0.8125,114,0,2
116,3,47620.9,53395.5,20031.5,190.4836,213.582,80.126,0.3789,115,0,2
117,3,47626.2,53394.5,20030.8,190.5048,213.578,80.1232,0.8125,116,0,2
118,3,47631.2,53401.4,20032.0,190.5248,213.6056,80.128,0.6484,117,0,2
119,3,47635.2,53413.2,20034.5,190.5408,213.6528,80.138,0.5977,118,0,2
120,3,47639.2,53418.2,20037.0,190.5568,213.6728,80.148,1.1367,119,0,2
121,3,47642.4,53427.9,20041.5,190.5696,213.7116,80.166,0.7031,120,0,2
122,3,47645.1,53429.9,20044.2,190.5804,213.7196,80.1768,0.6484,121,0,2
123,3,47653.5,53443.8,20050.8,190.614,213.7752,80.2032,0.4883,122,0,2
124,3,47661.9,53455.0,20059.0,190.6476,213.82,80.236,0.4883,123,0,2
125,3,47668.6,53457.5,20065.5,190.6744,213.83,80.262,0.8672,124,0,2
126,3,47674.3,53460.6,20069.0,190.6972,213.8424,80.276,0.4336,125,0,2
127,3,47676.9,53464.7,20070.8,190.7076,213.8588,80.2832,0.7031,126,0,2
128,3,47684.6,53467.1,20072.5,190.7384,213.8684,80.29,0.0039,127,0,2
129,3,47689.9,53472.5,20073.8,190.7596,213.89,80.2952,0.4336,128,0,2
130,3,47694.4,53483.9,20077.2,190.7776,213.9356,80.3088,0.4883,129,0,2
131,3,47696.4,53498.1,20081.0,190.7856,213.9924,80.324,0.7578,130,0,2
132,3,47695.9,53510.4,20084.0,190.7836,214.0416,80.336,0.9219,131,0,2
133,3,47695.8,53522.4,20089.5,190.7832,214.0896,80.358,0.0039,132,1,2
134,3,47486.3,53282.3,19952.2,189.9452,213.1292,79.8088,0.0273,16,0,2
135,3,47490.8,53277.4,19956.2,189.9632,213.1096,79.8248,0.9219,134,0,2
136,3,47500.1,53274.8,19964.0,190.0004,213.0992,79.856,1.1367,135,0,2
137,3,47508.0,53271.6,19970.2,190.032,213.0864,79.8808,0.9766,136,0,2
138,3,47513.8,53262.7,19973.2,190.0552,213.0508,79.8928,0.3789,137,0,2
139,3,47523.5,53255.1,19981.0,190.094,213.0204,79.924,0.7578,138,0,2
140,3,47533.3,53250.6,19988.0,190.1332,213.0024,79.952,0.543,139,0,2
141,3,47540.3,53251.1,19991.0,190.1612,213.0044,79.964,0.9219,140,0,2
142,3,47546.8,53247.4,19994.5,190.1872,212.9896,79.978,0.6484,141,0,2
143,3,47558.9,53243.4,20003.5,190.2356,212.9736,80.014,0.5977,142,0,2
144,3,47571.1,53237.6,20012.0,190.2844,212.9504,80.048,0.3242,143,0,2
145,3,47581.3,53234.5,20020.5,190.3252,212.938,80.082,1.082,144,0,2
146,3,47593.9,53231.1,20037.2,190.3756,212.9244,80.1488,0.4883,145,0,2
147,3,47606.9,53229.3,20056.2,190.4276,212.9172,80.2248,0.5977,146,0,2
148,3,47615.8,53226.7,20071.2,190.4632,212.9068,80.2848,0.6484,147,0,2
149,3,47622.3,53225.9,20079.8,190.4892,212.9036,80.3192,0.9766,148,0,2
150,3,47625.1,53228.7,20083.0,190.5004,212.9148,80.332,1.082,149,0,2
151,3,47629.7,53226.6,20088.0,190.5188,212.9064,80.352,0.0039,150,0,2
152,3,47632.1,53222.3,20090.5,190.5284,212.8892,80.362,1.2461,151,0,2
153,3,47636.5,53218.8,20097.5,190.546,212.8752,80.39,1.1367,152,0,2
154,3,47645.7,53214.6,20106.2,190.5828,212.8584,80.4248,0.8672,153,0,2
155,3,47652.1,53211.3,20108.5,190.6084,212.8452,80.434,0.5977,154,0,2
156,3,47660.0,53204.4,20111.2,190.64,212.8176,80.4448,0.5977,155,0,2
157,3,47665.8,53197.1,20110.8,190.6632,212.7884,80.4432,0.6484,156,0,2
158,3,47671.6,53190.3,20108.8,190.6864,212.7612,80.4352,0.3789,157,0,2
159,3,47678.8,53186.6,20107.0,190.7152,212.7464,80.428,0.4336,158,0,2
160,3,47682.2,53182.8,20106.0,190.7288,212.7312,80.424,0.4883,159,0,2
161,3,47691.4,53181.6,20107.0,190.7656,212.7264,80.428,0.9219,160,0,2
162,3,47698.1,53178.3,20107.0,190.7924,212.7132,80.428,0.3789,161,0,2
163,3,47704.1,53177.9,20107.8,190.8164,212.7116,80.4312,0.4883,162,0,2
164,3,47709.5,53177.6,20110.5,190.838,212.7104,80.442,0.4883,163,0,2
165,3,47716.3,53173.2,20112.8,190.8652,212.6928,80.4512,0.6484,164,0,2
166,3,47723.6,53171.0,20115.8,190.8944,212.684,80.4632,0.6484,165,0,2
167,3,47728.0,53168.3,20116.2,190.912,212.6732,80.4648,0.8672,166,0,2
168,3,47730.7,53170.9,20117.2,190.9228,212.6836,80.4688,0.6484,167,1,2
169,3,47482.8,53281.7,19960.8,189.9312,213.1268,79.8432,0.5977,16,0,2
170,3,47480.6,53282.1,19965.8,189.9224,213.1284,79.8632,1.3555,169,0,2
171,3,47478.9,53284.6,19967.8,189.9156,213.1384,79.8712,0.6484,170,0,2
172,3,47475.3,53282.8,19971.2,189.9012,213.1312,79.8848,0.3242,171,0,2
173,3,47473.6,53285.8,19974.5,189.8944,213.1432,79.898,0.4883,172,0,2
174,3,47473.7,53291.0,19976.8,189.8948,213.164,79.9072,0.7031,173,0,2
175,3,47470.3,53290.2,19980.8,189.8812,213.1608,79.9232,0.0039,174,0,2
176,3,47469.3,53294.2,19983.2,189.8772,213.1768,79.9328,0.8672,175,0,2
177,3,47466.6,53295.3,19988.0,189.8664,213.1812,79.952,0.5977,176,0,2
178,3,47463.9,53299.7,19994.0,189.8556,213.1988,79.976,0.7031,177,0,2
179,3,47459.6,53301.3,19999.5,189.8384,213.2052,79.998,1.3555,178,0,2
180,3,47456.5,53299.6,20002.5,189.826,213.1984,80.01,1.2461,179,0,2
181,3,47455.6,53301.4,20003.8,189.8224,213.2056,80.0152,1.1914,180,0,2
182,3,47450.1,53303.7,20010.0,189.8004,213.2148,80.04,1.082,181,0,2
183,3,47447.9,53307.2,20013.5,189.7916,213.2288,80.054,1.082,182,0,2
184,3,47444.5,53308.0,20017.0,189.778,213.232,80.068,0.7578,183,0,2
185,3,47439.7,53312.9,20024.8,189.7588,213.2516,80.0992,0.9766,184,0,2
186,3,47434.1,53316.2,20032.8,189.7364,213.2648,80.1312,0.8125,185,0,2
187,3,47431.6,53319.9,20037.0,189.7264,213.2796,80.148,0.8672,186,0,2
188,3,47429.7,53320.4,20041.2,189.7188,213.2816,80.1648,0.6484,187,0,2
189,3,47426.8,53319.0,20046.5,189.7072,213.276,80.186,0.8125,188,0,2
190,3,47425.0,53316.5,20050.5,189.7,213.266,80.202,1.0273,189,0,2
191,3,47424.4,53313.8,20050.8,189.6976,213.2552,80.2032,0.3242,190,0,2
192,3,47424.7,53325.5,20053.5,189.6988,213.302,80.214,0.0039,191,0,2
193,3,47422.3,53329.7,20058.0,189.6892,213.3188,80.232,0.5977,192,0,2
194,3,47418.2,53331.1,20063.0,189.6728,213.3244,80.252,1.5156,193,0,2
195,3,47416.4,53330.8,20068.2,189.6656,213.3232,80.2728,1.082,194,0,2
196,3,47415.2,53334.2,20071.5,189.6608,213.3368,80.286,0.4336,195,0,2
197,3,47411.2,53333.7,20074.8,189.6448,213.3348,80.2992,0.9766,196,0,2
198,3,47408.9,53335.5,20077.2,189.6356,213.342,80.3088,1.082,197,0,2
199,3,47409.0,53341.4,20079.0,189.636,213.3656,80.316,1.082,198,0,2
200,3,47403.1,53342.9,20089.5,189.6124,213.3716,80.358,0.0039,199,0,2
201,3,47398.1,53345.8,20095.2,189.5924,213.3832,80.3808,0.8672,200,0,2
202,3,47389.8,53346.8,20101.2,189.5592,213.3872,80.4048,0.3242,201,0,2
203,3,47380.7,53346.4,20107.8,189.5228,213.3856,80.4312,0.4883,202,0,2
204,3,47374.8,53348.9,20113.0,189.4992,213.3956,80.452,0.3789,203,0,2
205,3,47371.4,53352.6,20116.5,189.4856,213.4104,80.466,0.6484,204,0,2
206,3,47367.5,53350.6,20120.8,189.47,213.4024,80.4832,0.7031,205,0,2
207,3,47365.4,53348.7,20125.2,189.4616,213.3948,80.5008,0.6484,206,0,2
208,3,47363.4,53350.2,20128.0,189.4536,213.4008,80.512,1.0273,207,0,2
209,3,47360.0,53348.0,20131.8,189.44,213.392,80.5272,0.8672,208,0,2
210,3,47356.7,53347.7,20138.0,189.4268,213.3908,80.552,0.0039,209,0,2
211,3,47354.0,53344.2,20145.8,189.416,213.3768,80.5832,1.082,210,0,2
212,3,47349.4,53339.8,20153.2,189.3976,213.3592,80.6128,1.082,211,0,2
213,3,47344.0,53337.4,20157.2,189.376,213.3496,80.6288,1.082,212,0,2
214,3,47339.3,53337.4,20161.5,189.3572,213.3496,80.646,1.1914,213,0,2
215,3,47333.2,53334.7,20168.8,189.3328,213.3388,80.6752,0.9766,214,0,2
216,3,47330.7,53335.1,20172.8,189.3228,213.3404,80.6912,0.3789,215,0,2
217,3,47327.5,53332.8,20177.0,189.31,213.3312,80.708,1.0273,216,0,2
218,3,47325.2,53333.8,20180.5,189.3008,213.3352,80.722,0.8672,217,0,2
219,3,47323.4,53339.0,20183.5,189.2936,213.356,80.734,0.7031,218,0,2
220,3,47321.9,53341.6,20186.8,189.2876,213.3664,80.7472,0.7578,219,0,2
221,3,47309.5,53345.4,20196.2,189.238,213.3816,80.7848,0.7578,220,0,2
222,3,47303.5,53351.0,20202.5,189.214,213.404,80.81,0.8672,221,0,2
223,3,47296.9,53354.2,20207.8,189.1876,213.4168,80.8312,0.7031,222,1,2
224,3,47477.4,53288.8,19923.0,189.9096,213.1552,79.692,0.0039,19,0,2
225,3,47486.7,53289.3,19921.2,189.9468,213.1572,79.6848,0.543,19,0,2
226,3,47490.7,53287.8,19915.0,189.9628,213.1512,79.66,1.082,225,0,2
227,3,47495.0,53290.6,19909.5,189.98,213.1624,79.638,0.0039,226,0,2
228,3,47496.8,53288.7,19907.0,189.9872,213.1548,79.628,0.9219,227,0,2
229,3,47496.9,53277.3,19902.0,189.9876,213.1092,79.608,0.9219,228,0,2
230,3,47498.9,53269.9,19898.0,189.9956,213.0796,79.592,0.7031,229,0,2
231,3,47501.1,53260.4,19894.5,190.0044,213.0416,79.578,0.0039,230,0,2
232,3,47503.0,53244.7,19889.5,190.012,212.9788,79.558,0.7578,231,0,2
233,3,47505.1,53230.1,19883.2,190.0204,212.9204,79.5328,1.0273,232,0,2
234,3,47507.2,53222.7,19879.0,190.0288,212.8908,79.516,0.9219,233,0,2
235,3,47508.9,53214.0,19875.2,190.0356,212.856,79.5008,0.8672,234,0,2
236,3,47512.1,53200.1,19870.5,190.0484,212.8004,79.482,0.4883,235,0,2
237,3,47515.6,53184.6,19867.0,190.0624,212.7384,79.468,0.543,236,0,2
238,3,47518.4,53172.3,19863.5,190.0736,212.6892,79.454,0.4883,237,0,2
239,3,47523.1,53159.3,19858.8,190.0924,212.6372,79.4352,0.4336,238,0,2
240,3,47524.6,53146.9,19854.2,190.0984,212.5876,79.4168,0.8672,239,0,2
241,3,47524.6,53139.3,19849.5,190.0984,212.5572,79.398,1.1914,240,0,2
242,3,47526.1,53123.8,19842.2,190.1044,212.4952,79.3688,0.6484,241,0,2
243,3,47531.5,53103.0,19835.8,190.126,212.412,79.3432,0.6484,242,0,2
244,3,47538.1,53082.4,19829.5,190.1524,212.3296,79.318,0.8125,243,0,2
245,3,47540.7,53068.8,19824.5,190.1628,212.2752,79.298,0.543,244,0,2
246,3,47544.1,53065.0,19825.0,190.1764,212.26,79.3,0.7578,245,0,2
247,3,47548.9,53064.6,19826.8,190.1956,212.2584,79.3072,1.8398,246,0,2
248,3,47552.0,53062.4,19825.2,190.208,212.2496,79.3008,0.3242,247,0,2
249,3,47553.0,53056.4,19823.2,190.212,212.2256,79.2928,0.6484,248,0,2
250,3,47553.3,53050.4,19821.5,190.2132,212.2016,79.286,0.0352,249,0,2
251,3,47557.7,53049.2,19821.0,190.2308,212.1968,79.284,1.1367,250,0,2
252,3,47563.0,53051.6,19823.2,190.252,212.2064,79.2928,1.1914,251,0,2
253,3,47567.7,53047.3,19824.0,190.2708,212.1892,79.296,0.8672,252,0,2
254,3,47568.4,53033.5,19822.5,190.2736,212.134,79.29,0.9766,253,0,2
255,3,47570.1,53017.4,19822.5,190.2804,212.0696,79.29,1.4102,254,0,2
256,3,47571.3,53008.3,19821.2,190.2852,212.0332,79.2848,0.543,255,0,2
257,3,47573.9,53001.4,19821.8,190.2956,212.0056,79.2872,0.3242,256,0,2
258,3,47575.8,52990.8,19819.8,190.3032,211.9632,79.2792,0.7578,257,0,2
259,3,47581.7,52980.5,19819.5,190.3268,211.922,79.278,0.0039,258,0,2
260,3,47585.5,52975.5,19821.5,190.342,211.902,79.286,0.8125,259,1,2
261,3,47496.6,53299.3,19924.5,189.9864,213.1972,79.698,0.7031,24,0,2
262,3,47499.3,53298.2,19924.5,189.9972,213.1928,79.698,0.5977,261,0,2
263,3,47502.0,53293.7,19922.2,190.008,213.1748,79.6888,0.8125,262,0,2
264,3,47507.1,53292.4,19918.8,190.0284,213.1696,79.6752,0.7031,263,0,2
265,3,47509.7,53287.4,19915.8,190.0388,213.1496,79.6632,0.8672,264,0,2
266,3,47517.0,53289.8,19915.5,190.068,213.1592,79.662,0.5,265,0,2
267,3,47524.4,53292.0,19915.2,190.0976,213.168,79.6608,0.5,266,0,2
268,3,47531.7,53294.4,19915.0,190.1268,213.1776,79.66,0.5,267,0,2
269,3,47539.9,53294.0,19915.8,190.1596,213.176,79.6632,0.5,268,0,2
270,3,47548.1,53293.7,19916.2,190.1924,213.1748,79.6648,0.5,269,0,2
271,3,47556.3,53293.5,19917.2,190.2252,213.174,79.6688,0.5,270,0,2
272,3,47557.6,53289.9,19917.5,190.2304,213.1596,79.67,0.0273,271,0,2
273,3,47564.4,53287.4,19918.5,190.2576,213.1496,79.674,0.7031,272,0,2
274,3,47569.0,53283.1,19915.8,190.276,213.1324,79.6632,1.4609,273,0,2
275,3,47574.6,53277.5,19915.2,190.2984,213.11,79.6608,0.0039,274,0,2
276,3,47579.7,53277.9,19912.5,190.3188,213.1116,79.65,0.3242,275,0,2
277,3,47586.4,53280.7,19913.0,190.3456,213.1228,79.652,1.0273,276,0,2
278,3,47593.6,53282.3,19915.2,190.3744,213.1292,79.6608,0.9219,277,0,2
279,3,47594.3,53287.9,19917.2,190.3772,213.1516,79.6688,0.7578,278,0,2
280,3,47599.4,53290.5,19920.2,190.3976,213.162,79.6808,0.0039,279,0,2
281,3,47603.4,53297.0,19922.8,190.4136,213.188,79.6912,0.3242,280,0,2
282,3,47606.5,53294.0,19922.0,190.426,213.176,79.688,0.543,281,0,2
283,3,47607.5,53284.3,19919.8,190.43,213.1372,79.6792,0.543,282,0,2
284,3,47613.8,53281.1,19918.8,190.4552,213.1244,79.6752,0.5,283,0,2
285,3,47620.2,53277.9,19917.8,190.4808,213.1116,79.6712,0.5,284,0,2
286,3,47626.4,53274.6,19916.5,190.5056,213.0984,79.666,0.5,285,0,2
287,3,47632.3,53273.2,19915.5,190.5292,213.0928,79.662,0.5,286,0,2
288,3,47638.2,53271.9,19914.8,190.5528,213.0876,79.6592,0.5,287,0,2
289,3,47644.2,53270.6,19913.8,190.5768,213.0824,79.6552,0.5,288,0,2
290,3,47647.7,53273.8,19914.2,190.5908,213.0952,79.6568,0.0117,289,0,2
291,3,47652.4,53273.8,19912.8,190.6096,213.0952,79.6512,0.4883,290,0,2
292,3,47655.8,53276.9,19912.8,190.6232,213.1076,79.6512,0.6484,291,0,2
293,3,47660.0,53274.9,19911.5,190.64,213.0996,79.646,0.5,292,0,2
294,3,47664.2,53273.0,19910.0,190.6568,213.092,79.64,0.5,293,0,2
295,3,47670.6,53270.7,19909.2,190.6824,213.0828,79.6368,0.5,294,0,2
296,3,47677.1,53268.6,19908.2,190.7084,213.0744,79.6328,0.5,295,0,2
297,3,47683.5,53266.3,19907.5,190.734,213.0652,79.63,0.5,296,0,2
298,3,47688.5,53265.4,19905.8,190.754,213.0616,79.6232,0.5,297,0,2
299,3,47693.5,53264.4,19904.0,190.774,213.0576,79.616,0.5,298,0,2
300,3,47698.5,53263.4,19902.0,190.794,213.0536,79.608,0.5,299,0,2
301,3,47705.1,53261.6,19902.2,190.8204,213.0464,79.6088,0.5,300,0,2
302,3,47711.7,53260.1,19902.5,190.8468,213.0404,79.61,0.5,301,0,2
303,3,47718.2,53258.3,19902.8,190.8728,213.0332,79.6112,0.5,302,1,2
304,3,47493.2,53286.1,19922.8,189.9728,213.1444,79.6912,1.1914,24,0,2
305,3,47493.5,53286.1,19917.8,189.974,213.1444,79.6712,1.2461,304,0,2
306,3,47493.6,53289.8,19911.0,189.9744,213.1592,79.644,0.7578,305,0,2
307,3,47495.5,53290.7,19905.8,189.982,213.1628,79.6232,0.7578,306,0,2
308,3,47495.9,53286.2,19902.0,189.9836,213.1448,79.608,0.7031,307,0,2
309,3,47497.2,53283.3,19896.8,189.9888,213.1332,79.5872,0.9766,308,0,2
310,3,47498.8,53276.4,19892.0,189.9952,213.1056,79.568,0.0039,309,0,2
311,3,47501.3,53271.8,19885.0,190.0052,213.0872,79.54,0.6484,310,0,2
312,3,47505.2,53269.2,19877.0,190.0208,213.0768,79.508,1.1367,311,0,2
313,3,47506.7,53265.4,19872.8,190.0268,213.0616,79.4912,1.082,312,0,2
314,3,47508.3,53262.6,19866.0,190.0332,213.0504,79.464,0.543,313,0,2
315,3,47509.4,53261.8,19859.5,190.0376,213.0472,79.438,1.4609,314,0,2
316,3,47510.2,53256.2,19857.0,190.0408,213.0248,79.428,0.9219,315,0,2
317,3,47510.4,53255.4,19852.5,190.0416,213.0216,79.41,0.0117,316,0,2
318,3,47511.0,53258.8,19843.8,190.044,213.0352,79.3752,0.9766,317,0,2
319,3,47511.7,53258.8,19839.0,190.0468,213.0352,79.356,0.9766,318,0,2
320,3,47512.6,53262.4,19831.2,190.0504,213.0496,79.3248,1.3555,319,0,2
321,3,47515.1,53263.9,19824.2,190.0604,213.0556,79.2968,0.9219,320,0,2
322,3,47517.0,53260.1,19816.8,190.068,213.0404,79.2672,0.543,321,0,2
323,3,47518.7,53261.1,19810.2,190.0748,213.0444,79.2408,0.0039,322,0,2
324,3,47520.6,53255.5,19806.2,190.0824,213.022,79.2248,1.082,323,0,2
325,3,47522.7,53252.8,19798.8,190.0908,213.0112,79.1952,1.8945,324,0,2
326,3,47523.4,53254.3,19789.0,190.0936,213.0172,79.156,1.3008,325,0,2
327,3,47523.2,53254.1,19782.0,190.0928,213.0164,79.128,0.5977,326,0,2
328,3,47523.2,53249.6,19777.2,190.0928,212.9984,79.1088,0.0117,327,0,2
329,3,47525.5,53250.6,19768.5,190.102,213.0024,79.074,0.7031,328,0,2
330,3,47529.1,53250.4,19761.5,190.1164,213.0016,79.046,0.8672,329,0,2
331,3,47532.0,53253.4,19757.2,190.128,213.0136,79.0288,0.9219,330,0,2
332,3,47533.4,53251.8,19751.0,190.1336,213.0072,79.004,0.5977,331,0,2
333,3,47534.6,53246.9,19746.8,190.1384,212.9876,78.9872,0.7031,332,0,2
334,3,47534.6,53247.0,19744.8,190.1384,212.988,78.9792,0.7578,333,1,2
335,3,47464.8,53295.6,19941.8,189.8592,213.1824,79.7672,0.0117,25,0,3
336,3,47462.2,53301.4,19944.2,189.8488,213.2056,79.7768,1.5156,335,0,3
337,3,47461.4,53303.6,19947.2,189.8456,213.2144,79.7888,1.0273,336,0,3
338,3,47468.1,53302.4,19934.8,189.8724,213.2096,79.7392,0.0195,25,0,3
339,3,47465.9,53307.3,19935.5,189.8636,213.2292,79.742,0.9766,338,0,3
340,3,47461.6,53310.2,19933.0,189.8464,213.2408,79.732,0.7578,339,0,3
341,3,47460.7,53316.5,19933.5,189.8428,213.266,79.734,1.1367,340,0,3
342,3,47460.7,53319.4,19933.8,189.8428,213.2776,79.7352,0.1914,341,0,3
343,3,47459.0,53322.8,19927.8,189.836,213.2912,79.7112,0.3242,342,0,3
344,3,47454.6,53326.4,19919.8,189.8184,213.3056,79.6792,0.9766,343,0,3
345,3,47451.5,53332.5,19913.0,189.806,213.33,79.652,1.082,344,0,3
346,3,47451.4,53336.6,19911.5,189.8056,213.3464,79.646,1.2461,345,0,3
347,3,47451.6,53341.4,19904.0,189.8064,213.3656,79.616,0.0156,346,0,3
348,3,47452.2,53340.5,19900.5,189.8088,213.362,79.602,1.1914,347,0,3
349,3,47452.4,53342.1,19895.5,189.8096,213.3684,79.582,0.9219,348,0,3
350,3,47454.6,53353.2,19893.2,189.8184,213.4128,79.5728,1.4102,349,0,3
351,3,47455.9,53360.1,19884.2,189.8236,213.4404,79.5368,0.6484,350,0,3
352,3,47457.4,53362.2,19878.5,189.8296,213.4488,79.514,1.6797,351,0,3
353,3,47457.2,53362.2,19874.5,189.8288,213.4488,79.498,0.9219,352,0,3
354,3,47457.7,53365.9,19873.8,189.8308,213.4636,79.4952,0.6484,353,0,3
355,3,47459.8,53366.9,19867.2,189.8392,213.4676,79.4688,0.9219,354,0,3
356,3,47461.6,53371.5,19859.8,189.8464,213.486,79.4392,0.7031,355,0,3
357,3,47461.8,53377.9,19854.2,189.8472,213.5116,79.4168,0.7578,356,0,3
358,3,47462.8,53384.8,19846.5,189.8512,213.5392,79.386,0.8672,357,0,3
359,3,47463.5,53388.3,19845.5,189.854,213.5532,79.382,1.082,358,0,3
360,3,47462.2,53392.8,19844.2,189.8488,213.5712,79.3768,0.0586,359,0,3
361,3,47457.9,53393.7,19841.0,189.8316,213.5748,79.364,1.0273,360,0,3
362,3,47454.4,53391.2,19838.0,189.8176,213.5648,79.352,0.3242,361,0,3
363,3,47449.8,53393.2,19833.8,189.7992,213.5728,79.3352,0.9766,362,0,3
364,3,47447.6,53398.4,19831.8,189.7904,213.5936,79.3272,0.543,363,0,3
365,3,47442.5,53403.8,19825.8,189.77,213.6152,79.3032,1.1367,364,0,3
366,3,47440.1,53409.1,19821.8,189.7604,213.6364,79.2872,1.1914,365,0,3
367,3,47439.9,53419.3,19818.5,189.7596,213.6772,79.274,0.8672,366,0,3
368,3,47441.3,53428.2,19818.5,189.7652,213.7128,79.274,0.6484,367,0,3
369,3,47444.6,53439.4,19820.5,189.7784,213.7576,79.282,1.3008,368,0,3
370,3,47448.1,53444.6,19821.5,189.7924,213.7784,79.286,0.9219,369,0,3
371,3,47452.6,53446.7,19822.8,189.8104,213.7868,79.2912,2.6016,370,0,3
372,3,47456.7,53446.8,19821.8,189.8268,213.7872,79.2872,0.9219,371,0,3
373,3,47458.4,53454.1,19820.8,189.8336,213.8164,79.2832,0.5977,372,0,3
374,3,47458.9,53461.6,19820.5,189.8356,213.8464,79.282,0.9766,373,1,3
375,3,47456.1,53281.4,19967.8,189.8244,213.1256,79.8712,0.0156,86,0,3
376,3,47451.9,53284.9,19971.5,189.8076,213.1396,79.886,0.7031,375,0,3
377,3,47459.2,53279.9,19964.2,189.8368,213.1196,79.8568,0.0469,86,0,3
378,3,47457.6,53279.2,19969.8,189.8304,213.1168,79.8792,0.5,377,0,3
379,3,47456.1,53278.6,19975.0,189.8244,213.1144,79.9,0.5,378,0,3
380,3,47454.4,53277.9,19980.2,189.8176,213.1116,79.9208,0.5,379,0,3
381,3,47453.8,53272.3,19978.8,189.8152,213.0892,79.9152,0.0078,380,0,3
382,3,47453.5,53269.6,19981.8,189.814,213.0784,79.9272,1.4102,381,0,3
383,3,47450.8,53266.2,19987.5,189.8032,213.0648,79.95,0.543,382,0,3
384,3,47445.8,53261.9,19994.0,189.7832,213.0476,79.976,0.5977,383,0,3
385,3,47442.7,53257.0,19999.2,189.7708,213.028,79.9968,0.6484,384,0,3
386,3,47440.2,53251.3,20002.2,189.7608,213.0052,80.0088,1.1914,385,0,3
387,3,47434.1,53243.6,20007.8,189.7364,212.9744,80.0312,0.9219,386,0,3
388,3,47429.2,53238.6,20009.5,189.7168,212.9544,80.038,0.4336,387,0,3
389,3,47426.4,53232.2,20009.5,189.7056,212.9288,80.038,0.9766,388,0,3
390,3,47420.2,53228.8,20011.8,189.6808,212.9152,80.0472,1.082,389,0,3
391,3,47412.5,53224.6,20016.8,189.65,212.8984,80.0672,0.7578,390,0,3
392,3,47410.9,53220.5,20017.5,189.6436,212.882,80.07,0.6484,391,0,3
393,3,47403.0,53215.8,20024.5,189.612,212.8632,80.098,0.0039,392,0,3
394,3,47392.7,53208.2,20036.2,189.5708,212.8328,80.1448,1.1914,393,0,3
395,3,47385.3,53201.6,20045.5,189.5412,212.8064,80.182,1.0273,394,0,3
396,3,47383.9,53197.9,20047.5,189.5356,212.7916,80.19,0.4336,395,0,3
397,3,47381.1,53196.4,20054.0,189.5244,212.7856,80.216,1.2461,396,0,3
398,3,47378.8,53196.7,20060.2,189.5152,212.7868,80.2408,0.9219,397,0,3
399,3,47375.4,53192.4,20064.2,189.5016,212.7696,80.2568,0.9766,398,0,3
400,3,47370.2,53188.1,20071.2,189.4808,212.7524,80.2848,1.3555,399,0,3
401,3,47368.6,53188.9,20073.8,189.4744,212.7556,80.2952,0.8672,400,0,3
402,3,47365.0,53187.5,20079.0,189.46,212.75,80.316,0.6484,401,0,3
403,3,47363.6,53188.0,20082.2,189.4544,212.752,80.3288,0.9766,402,0,3
404,3,47358.8,53184.9,20089.5,189.4352,212.7396,80.358,0.0039,403,0,3
405,3,47354.7,53185.0,20093.8,189.4188,212.74,80.3752,1.0273,404,0,3
406,3,47347.3,53181.9,20099.8,189.3892,212.7276,80.3992,0.3242,405,0,3
407,3,47342.2,53181.3,20104.8,189.3688,212.7252,80.4192,0.4336,406,0,3
408,3,47336.9,53178.4,20109.0,189.3476,212.7136,80.436,0.6484,407,0,3
409,3,47329.4,53179.5,20116.5,189.3176,212.718,80.466,0.543,408,0,3
410,3,47321.3,53175.2,20121.5,189.2852,212.7008,80.486,0.4336,409,0,3
411,3,47311.9,53169.5,20130.5,189.2476,212.678,80.522,0.8125,410,0,3
412,3,47306.4,53166.8,20138.8,189.2256,212.6672,80.5552,0.7578,411,0,3
413,3,47300.6,53166.0,20147.2,189.2024,212.664,80.5888,0.3242,412,0,3
414,3,47294.6,53162.5,20155.5,189.1784,212.65,80.622,0.9766,413,0,3
415,3,47292.6,53164.7,20158.8,189.1704,212.6588,80.6352,0.4883,414,0,3
416,3,47292.2,53169.8,20160.5,189.1688,212.6792,80.642,0.8672,415,0,3
417,3,47291.0,53161.6,20158.8,189.164,212.6464,80.6352,0.0156,416,0,3
418,3,47288.6,53159.2,20162.0,189.1544,212.6368,80.648,0.9766,417,0,3
419,3,47286.7,53162.3,20166.2,189.1468,212.6492,80.6648,0.3242,418,0,3
420,3,47282.7,53163.8,20170.5,189.1308,212.6552,80.682,0.4336,419,0,3
421,3,47280.4,53163.8,20175.5,189.1216,212.6552,80.702,0.7578,420,0,3
422,3,47277.9,53167.0,20179.2,189.1116,212.668,80.7168,0.3242,421,0,3
423,3,47273.6,53166.2,20184.5,189.0944,212.6648,80.738,0.7578,422,0,3
424,3,47267.3,53168.1,20190.5,189.0692,212.6724,80.762,0.8672,423,0,3
425,3,47262.3,53167.0,20195.2,189.0492,212.668,80.7808,1.1914,424,0,3
426,3,47260.8,53170.6,20198.0,189.0432,212.6824,80.792,0.543,425,0,3
427,3,47256.9,53169.7,20202.8,189.0276,212.6788,80.8112,1.1914,426,0,3
428,3,47251.3,53165.2,20211.2,189.0052,212.6608,80.8448,1.082,427,0,3
429,3,47248.6,53166.9,20217.0,188.9944,212.6676,80.868,0.9766,428,0,3
430,3,47245.4,53166.1,20224.2,188.9816,212.6644,80.8968,1.1914,429,0,3
431,3,47238.6,53164.8,20231.5,188.9544,212.6592,80.926,0.4883,430,0,3
432,3,47230.6,53160.5,20237.5,188.9224,212.642,80.95,0.9766,431,0,3
433,3,47227.0,53156.1,20239.8,188.908,212.6244,80.9592,0.5977,432,0,3
434,3,47221.0,53152.8,20243.8,188.884,212.6112,80.9752,0.543,433,0,3
435,3,47218.2,53149.1,20244.8,188.8728,212.5964,80.9792,1.3555,434,1,3
436,3,47519.7,53274.9,19910.8,190.0788,213.0996,79.6432,0.0156,91,0,3
437,3,47521.1,53271.9,19908.5,190.0844,213.0876,79.634,0.4883,436,0,3
438,3,47523.7,53272.3,19906.2,190.0948,213.0892,79.6248,0.7031,437,0,3
439,3,47526.3,53268.9,19903.5,190.1052,213.0756,79.614,0.543,438,0,3
440,3,47530.3,53269.7,19900.8,190.1212,213.0788,79.6032,1.0273,439,0,3
441,3,47538.6,53264.0,19893.8,190.1544,213.056,79.5752,0.0039,440,0,3
442,3,47548.2,53260.5,19888.8,190.1928,213.042,79.5552,0.7578,441,0,3
443,3,47556.2,53262.7,19884.0,190.2248,213.0508,79.536,0.7031,442,0,3
444,3,47558.5,53260.7,19881.5,190.234,213.0428,79.526,0.8125,443,0,3
445,3,47564.1,53262.4,19877.8,190.2564,213.0496,79.5112,0.9766,444,0,3
446,3,47565.5,53256.6,19875.5,190.262,213.0264,79.502,0.5977,445,0,3
447,3,47569.6,53255.5,19872.0,190.2784,213.022,79.488,0.3242,446,0,3
448,3,47577.8,53259.1,19866.5,190.3112,213.0364,79.466,0.4883,447,0,3
449,3,47585.0,53256.9,19859.2,190.34,213.0276,79.4368,0.6484,448,0,3
450,3,47589.5,53253.5,19853.0,190.358,213.014,79.412,0.8672,449,0,3
451,3,47591.0,53250.9,19850.5,190.364,213.0036,79.402,1.2461,450,0,3
452,3,47598.2,53254.6,19846.0,190.3928,213.0184,79.384,0.6484,451,0,3
453,3,47602.1,53259.7,19841.8,190.4084,213.0388,79.3672,0.4336,452,0,3
454,3,47607.2,53256.3,19840.2,190.4288,213.0252,79.3608,1.3555,453,0,3
455,3,47608.1,53249.9,19837.5,190.4324,212.9996,79.35,0.3242,454,0,3
456,3,47608.3,53237.3,19833.8,190.4332,212.9492,79.3352,0.3789,455,0,3
457,3,47610.6,53233.9,19830.2,190.4424,212.9356,79.3208,0.543,456,0,3
458,3,47612.8,53239.9,19829.5,190.4512,212.9596,79.318,0.6484,457,0,3
459,3,47620.2,53243.8,19823.0,190.4808,212.9752,79.292,0.3242,458,0,3
460,3,47625.2,53243.9,19818.8,190.5008,212.9756,79.2752,0.543,459,0,3
461,3,47629.8,53239.0,19814.5,190.5192,212.956,79.258,0.4336,460,0,3
462,3,47632.3,53238.2,19811.0,190.5292,212.9528,79.244,0.9219,461,0,3
463,3,47635.0,53237.9,19808.2,190.54,212.9516,79.2328,0.3242,462,0,3
464,3,47635.3,53230.0,19805.0,190.5412,212.92,79.22,0.8125,463,0,3
465,3,47635.8,53227.8,19802.0,190.5432,212.9112,79.208,0.9219,464,0,3
466,3,47637.7,53229.8,19799.8,190.5508,212.9192,79.1992,1.0273,465,0,3
467,3,47640.6,53234.6,19800.0,190.5624,212.9384,79.2,0.8672,466,0,3
468,3,47649.0,53236.5,19799.0,190.596,212.946,79.196,0.7578,467,0,3
469,3,47654.1,53235.5,19795.2,190.6164,212.942,79.1808,0.7578,468,0,3
470,3,47656.8,53233.2,19792.8,190.6272,212.9328,79.1712,0.5977,469,0,3
471,3,47658.2,53227.4,19789.2,190.6328,212.9096,79.1568,0.7578,470,0,3
472,3,47663.1,53227.7,19784.8,190.6524,212.9108,79.1392,0.4883,471,0,3
473,3,47666.7,53225.2,19780.8,190.6668,212.9008,79.1232,0.4883,472,0,3
474,3,47671.3,53226.5,19779.2,190.6852,212.906,79.1168,0.3789,473,1,3
475,3,47525.9,53287.2,19910.2,190.1036,213.1488,79.6408,0.3789,91,0,3
476,3,47531.3,53290.5,19906.5,190.1252,213.162,79.626,1.1367,475,0,3
477,3,47532.7,53289.3,19904.5,190.1308,213.1572,79.618,1.4609,476,0,3
478,3,47533.9,53291.2,19905.0,190.1356,213.1648,79.62,0.082,477,0,3
479,3,47543.9,53295.7,19901.8,190.1756,213.1828,79.6072,0.7031,478,0,3
480,3,47557.2,53299.9,19898.8,190.2288,213.1996,79.5952,0.4336,479,0,3
481,3,47561.2,53304.3,19899.2,190.2448,213.2172,79.5968,0.6484,480,0,3
482,3,47566.6,53305.8,19896.0,190.2664,213.2232,79.584,0.8125,481,0,3
483,3,47566.9,53302.0,19894.2,190.2676,213.208,79.5768,0.6484,482,0,3
484,3,47569.5,53307.4,19894.8,190.278,213.2296,79.5792,0.0039,483,0,3
485,3,47571.8,53306.7,19893.5,190.2872,213.2268,79.574,0.8125,484,0,3
486,3,47576.6,53307.5,19890.8,190.3064,213.23,79.5632,0.0312,485,0,3
487,3,47580.6,53308.0,19889.0,190.3224,213.232,79.556,0.5,486,0,3
488,3,47584.7,53308.4,19887.2,190.3388,213.2336,79.5488,0.5,487,0,3
489,3,47588.7,53309.0,19885.2,190.3548,213.236,79.5408,0.5,488,0,3
490,3,47592.8,53310.6,19883.5,190.3712,213.2424,79.534,0.5,489,0,3
491,3,47596.9,53311.9,19882.0,190.3876,213.2476,79.528,0.5,490,0,3
492,3,47600.9,53313.3,19880.2,190.4036,213.2532,79.5208,0.5,491,0,3
493,3,47603.8,53312.9,19877.0,190.4152,213.2516,79.508,0.5,492,0,3
494,3,47606.7,53312.4,19873.8,190.4268,213.2496,79.4952,0.5,493,0,3
495,3,47609.6,53311.9,19870.8,190.4384,213.2476,79.4832,0.5,494,1,3
496,3,47471.8,53289.5,19919.8,189.8872,213.158,79.6792,1.082,224,0,3
497,3,47476.5,53282.8,19919.5,189.906,213.1312,79.678,0.6484,224,0,3
498,3,47476.6,53280.3,19916.0,189.9064,213.1212,79.664,0.6484,497,0,3
499,3,47476.5,53282.3,19912.2,189.906,213.1292,79.6488,0.4883,498,0,3
500,3,47480.8,53286.7,19905.2,189.9232,213.1468,79.6208,0.543,499,0,3
501,3,47485.4,53289.6,19901.5,189.9416,213.1584,79.606,0.9766,500,0,3
502,3,47486.1,53287.8,19899.5,189.9444,213.1512,79.598,0.0547,501,0,3
503,3,47490.8,53289.3,19893.8,189.9632,213.1572,79.5752,0.9219,502,0,3
504,3,47494.5,53288.4,19887.5,189.978,213.1536,79.55,0.9766,503,0,3
505,3,47495.9,53289.0,19883.2,189.9836,213.156,79.5328,1.0273,504,0,3
506,3,47497.9,53283.7,19877.0,189.9916,213.1348,79.508,1.3555,505,0,3
507,3,47498.8,53276.9,19871.8,189.9952,213.1076,79.4872,0.3242,506,0,3
508,3,47500.6,53277.1,19868.8,190.0024,213.1084,79.4752,1.0273,507,0,3
509,3,47502.9,53276.6,19863.2,190.0116,213.1064,79.4528,0.5,508,0,3
510,3,47505.2,53275.8,19857.8,190.0208,213.1032,79.4312,0.5,509,0,3
511,3,47507.5,53275.1,19852.2,190.03,213.1004,79.4088,0.5,510,0,3
512,3,47509.2,53274.4,19846.2,190.0368,213.0976,79.3848,0.5,511,0,3
513,3,47510.9,53273.9,19840.2,190.0436,213.0956,79.3608,0.5,512,0,3
514,3,47512.6,53273.2,19834.2,190.0504,213.0928,79.3368,0.5,513,0,3
515,3,47514.2,53272.5,19828.2,190.0568,213.09,79.3128,0.5,514,0,3
516,3,47515.7,53271.8,19822.2,190.0628,213.0872,79.2888,0.5,515,0,3
517,3,47517.1,53271.1,19816.2,190.0684,213.0844,79.2648,0.5,516,0,3
518,3,47518.4,53270.4,19810.0,190.0736,213.0816,79.24,0.5,517,0,3
519,3,47519.9,53269.9,19804.0,190.0796,213.0796,79.216,0.5,518,0,3
520,3,47519.7,53267.2,19802.2,190.0788,213.0688,79.2088,0.0547,519,0,3
521,3,47521.6,53269.3,19797.0,190.0864,213.0772,79.188,0.8125,520,0,3
522,3,47524.2,53269.6,19792.2,190.0968,213.0784,79.1688,0.6484,521,0,3
523,3,47526.1,53270.9,19786.0,190.1044,213.0836,79.144,0.4336,522,0,3
524,3,47526.9,53266.9,19781.2,190.1076,213.0676,79.1248,0.9766,523,0,3
525,3,47527.2,53266.0,19776.5,190.1088,213.064,79.106,0.8125,524,1,3
526,3,47458.8,53308.8,19953.0,189.8352,213.2352,79.812,0.0039,337,0,4
527,3,47461.3,53312.1,19948.5,189.8452,213.2484,79.794,0.0391,337,0,4
528,3,47461.1,53317.7,19947.2,189.8444,213.2708,79.7888,0.8672,527,0,4
529,3,47460.7,53323.2,19948.0,189.8428,213.2928,79.792,0.4883,528,0,4
530,3,47458.6,53323.3,19949.5,189.8344,213.2932,79.798,0.3242,529,0,4
531,3,47455.4,53315.8,19948.5,189.8216,213.2632,79.794,0.6484,530,0,4
532,3,47453.6,53301.8,19945.8,189.8144,213.2072,79.7832,0.9766,531,0,4
533,3,47449.2,53278.2,19973.5,189.7968,213.1128,79.894,0.5,376,0,4
534,3,47446.5,53271.4,19975.2,189.786,213.0856,79.9008,0.5,533,0,4
535,3,47443.9,53264.5,19977.0,189.7756,213.058,79.908,0.5,534,0,4
536,3,47441.2,53257.6,19978.8,189.7648,213.0304,79.9152,0.5,535,0,4
537,3,47439.8,53250.8,19983.5,189.7592,213.0032,79.934,0.5977,536,0,4
538,3,47439.6,53245.8,19991.5,189.7584,212.9832,79.966,0.4883,537,0,4
539,3,47438.1,53237.4,19995.2,189.7524,212.9496,79.9808,1.4102,538,0,4
540,3,47437.0,53230.9,20002.8,189.748,212.9236,80.0112,0.4883,539,0,4
541,3,47436.4,53223.6,20007.2,189.7456,212.8944,80.0288,0.4336,540,0,4
542,3,47435.0,53214.2,20007.8,189.74,212.8568,80.0312,0.8125,541,0,4
543,3,47435.3,53207.0,20007.0,189.7412,212.828,80.028,0.9766,542,0,4
544,3,47441.3,53202.4,20015.5,189.7652,212.8096,80.062,0.9219,543,0,4
545,3,47449.1,53199.3,20023.8,189.7964,212.7972,80.0952,1.3008,544,0,4
546,3,47455.6,53195.8,20032.8,189.8224,212.7832,80.1312,0.3242,545,0,4
547,3,47458.3,53190.0,20038.5,189.8332,212.76,80.154,0.7031,546,0,4
548,3,47458.7,53186.2,20038.5,189.8348,212.7448,80.154,0.9219,547,0,4
549,3,47459.4,53183.9,20041.8,189.8376,212.7356,80.1672,0.8672,548,0,4
550,3,47458.2,53180.2,20042.0,189.8328,212.7208,80.168,0.0234,549,0,4
551,3,47455.8,53175.6,20049.0,189.8232,212.7024,80.196,0.4336,550,0,4
552,3,47454.8,53169.6,20060.5,189.8192,212.6784,80.242,0.9219,551,0,4
553,3,47452.1,53163.8,20071.0,189.8084,212.6552,80.284,1.2461,552,0,4
554,3,47450.9,53159.3,20075.8,189.8036,212.6372,80.3032,0.8125,553,0,4
555,3,47450.9,53155.8,20075.8,189.8036,212.6232,80.3032,0.7031,554,0,4
556,3,47451.8,53151.1,20080.5,189.8072,212.6044,80.322,0.6484,555,0,4
557,3,47453.8,53148.7,20088.0,189.8152,212.5948,80.352,0.9766,556,0,4
558,3,47453.2,53151.9,20096.0,189.8128,212.6076,80.384,1.2461,557,0,4
559,3,47449.9,53154.2,20103.5,189.7996,212.6168,80.414,0.7578,558,0,4
560,3,47445.7,53154.5,20110.5,189.7828,212.618,80.442,0.4336,559,0,4
561,3,47439.3,53149.8,20118.0,189.7572,212.5992,80.472,1.082,560,0,4
562,3,47431.2,53142.8,20129.5,189.7248,212.5712,80.518,0.5977,561,0,4
563,3,47429.4,53138.6,20133.8,189.7176,212.5544,80.5352,0.7031,562,0,4
564,3,47428.5,53133.3,20134.0,189.714,212.5332,80.536,1.082,563,0,4
565,3,47429.5,53129.6,20139.8,189.718,212.5184,80.5592,0.9219,564,0,4
566,3,47433.0,53128.8,20145.2,189.732,212.5152,80.5808,0.5977,565,0,4
567,3,47436.8,53132.7,20150.0,189.7472,212.5308,80.6,1.082,566,0,4
568,3,47443.9,53133.7,20157.5,189.7756,212.5348,80.63,1.0273,567,0,4
569,3,47452.6,53141.1,20165.5,189.8104,212.5644,80.662,0.4336,568,0,4
570,3,47462.5,53145.3,20172.5,189.85,212.5812,80.69,1.0273,569,0,4
571,3,47467.7,53152.3,20178.5,189.8708,212.6092,80.714,1.1914,570,0,4
572,3,47469.1,53155.7,20182.0,189.8764,212.6228,80.728,0.9219,571,1,4
573,3,47450.9,53291.8,19973.8,189.8036,213.1672,79.8952,0.7031,376,0,4
574,3,47447.6,53291.5,19975.5,189.7904,213.166,79.902,0.6484,573,0,4
575,3,47446.4,53287.7,19975.5,189.7856,213.1508,79.902,0.7578,574,0,4
576,3,47446.8,53294.0,19977.8,189.7872,213.176,79.9112,0.0273,575,0,4
577,3,47443.6,53296.7,19980.2,189.7744,213.1868,79.9208,0.7031,576,0,4
578,3,47436.8,53296.4,19986.0,189.7472,213.1856,79.944,0.9766,577,0,4
579,3,47431.3,53299.1,19992.8,189.7252,213.1964,79.9712,0.9219,578,0,4
580,3,47429.9,53304.4,19996.5,189.7196,213.2176,79.986,0.6484,579,0,4
581,3,47467.0,53296.2,19918.0,189.868,213.1848,79.672,0.8672,496,0,4
582,3,47461.8,53296.6,19916.0,189.8472,213.1864,79.664,0.9766,581,0,4
583,3,47460.4,53292.1,19914.5,189.8416,213.1684,79.658,0.8672,582,0,4
584,3,47469.9,53299.6,19918.5,189.8796,213.1984,79.674,0.543,496,0,4
585,3,47470.8,53309.3,19917.8,189.8832,213.2372,79.6712,1.4102,584,0,4
586,3,47471.4,53319.8,19919.5,189.8856,213.2792,79.678,1.3008,585,0,4
587,3,47473.1,53335.2,19920.8,189.8924,213.3408,79.6832,0.0039,586,0,4
588,3,47475.9,53349.4,19923.5,189.9036,213.3976,79.694,1.5156,587,0,4
589,3,47477.7,53366.3,19927.0,189.9108,213.4652,79.708,0.6484,588,1,4
590,3,47455.1,53308.8,19957.8,189.8204,213.2352,79.8312,1.082,526,0,5
591,3,47460.7,53312.8,19958.2,189.8428,213.2512,79.8328,0.5,526,0,5
592,3,47462.6,53316.9,19963.5,189.8504,213.2676,79.854,0.5,591,0,5
593,3,47461.2,53314.3,19967.8,189.8448,213.2572,79.8712,0.5,592,0,5
594,3,47459.7,53311.6,19972.0,189.8388,213.2464,79.888,0.5,593,0,5
595,3,47456.2,53309.1,19975.8,189.8248,213.2364,79.9032,0.5,594,0,5
596,3,47452.8,53306.4,19979.5,189.8112,213.2256,79.918,0.5,595,0,5
597,3,47450.9,53309.6,19982.0,189.8036,213.2384,79.928,0.0352,596,0,5
598,3,47446.4,53310.0,19986.2,189.7856,213.24,79.9448,0.4883,597,0,5
599,3,47444.6,53311.4,19989.5,189.7784,213.2456,79.958,1.2461,598,0,5
600,3,47437.5,53305.7,19993.0,189.75,213.2228,79.972,0.0039,599,0,5
601,3,47436.0,53307.0,19996.0,189.744,213.228,79.984,0.6484,600,0,5
602,3,47432.7,53306.6,19999.8,189.7308,213.2264,79.9992,0.5,601,0,5
603,3,47429.3,53306.2,20003.8,189.7172,213.2248,80.0152,0.5,602,1,5
604,3,47451.2,53303.9,19945.2,189.8048,213.2156,79.7808,0.1055,532,0,5
605,3,47443.0,53304.1,19941.8,189.772,213.2164,79.7672,0.4336,604,0,5
606,3,47436.6,53307.5,19939.5,189.7464,213.23,79.758,0.3242,605,0,5
607,3,47428.1,53309.3,19935.8,189.7124,213.2372,79.7432,0.0039,606,0,5
608,3,47423.9,53314.8,19935.8,189.6956,213.2592,79.7432,0.5977,607,0,5
609,3,47424.2,53323.3,19937.5,189.6968,213.2932,79.75,0.4883,608,0,5
610,3,47421.1,53327.0,19937.2,189.6844,213.308,79.7488,0.9219,609,0,5
611,3,47417.5,53325.3,19935.8,189.67,213.3012,79.7432,0.6484,610,0,5
612,3,47415.1,53318.8,19933.0,189.6604,213.2752,79.732,0.7031,611,0,5
613,3,47408.7,53311.2,19927.8,189.6348,213.2448,79.7112,1.8398,612,0,5
614,3,47404.7,53311.8,19928.5,189.6188,213.2472,79.714,0.3789,613,0,5
615,3,47401.0,53318.9,19931.0,189.604,213.2756,79.724,0.9219,614,0,5
616,3,47394.0,53324.6,19932.5,189.576,213.2984,79.73,0.3242,615,0,5
617,3,47390.7,53329.6,19933.0,189.5628,213.3184,79.732,0.6484,616,0,5
618,3,47385.7,53331.7,19932.0,189.5428,213.3268,79.728,0.5977,617,0,5
619,3,47379.1,53331.9,19929.5,189.5164,213.3276,79.718,0.7578,618,0,5
620,3,47373.9,53333.7,19928.8,189.4956,213.3348,79.7152,0.3242,619,0,5
621,3,47371.0,53338.7,19930.0,189.484,213.3548,79.72,0.9219,620,0,5
622,3,47368.8,53346.4,19930.8,189.4752,213.3856,79.7232,0.7578,621,0,5
623,3,47365.3,53352.6,19931.5,189.4612,213.4104,79.726,0.0078,622,0,5
624,3,47359.5,53356.0,19929.2,189.438,213.424,79.7168,0.5977,623,0,5
625,3,47351.9,53357.2,19926.0,189.4076,213.4288,79.704,0.8672,624,0,5
626,3,47349.6,53361.0,19925.5,189.3984,213.444,79.702,0.4883,625,0,5
627,3,47344.4,53364.5,19923.0,189.3776,213.458,79.692,0.4883,626,0,5
628,3,47337.0,53365.6,19918.5,189.348,213.4624,79.674,0.7578,627,0,5
629,3,47331.1,53367.8,19916.8,189.3244,213.4712,79.6672,0.7578,628,0,5
630,3,47327.5,53372.1,19917.2,189.31,213.4884,79.6688,0.9766,629,0,5
631,3,47325.0,53379.0,19918.5,189.3,213.516,79.674,0.3242,630,0,5
632,3,47325.6,53387.6,19920.5,189.3024,213.5504,79.682,0.7578,631,0,5
633,3,47325.2,53391.2,19921.5,189.3008,213.5648,79.686,0.043,632,0,5
634,3,47320.3,53394.0,19920.8,189.2812,213.576,79.6832,0.5977,633,0,5
635,3,47314.0,53387.7,19920.2,189.256,213.5508,79.6808,0.6484,634,0,5
636,3,47307.9,53378.2,19917.8,189.2316,213.5128,79.6712,0.8672,635,0,5
637,3,47303.7,53375.9,19915.2,189.2148,213.5036,79.6608,1.0273,636,0,5
638,3,47302.7,53382.4,19916.2,189.2108,213.5296,79.6648,0.6484,637,0,5
639,3,47299.8,53381.2,19914.5,189.1992,213.5248,79.658,0.0234,638,0,5
640,3,47290.8,53382.1,19914.2,189.1632,213.5284,79.6568,0.4883,639,0,5
641,3,47285.0,53384.2,19914.5,189.14,213.5368,79.658,0.3789,640,0,5
642,3,47283.5,53390.4,19915.2,189.134,213.5616,79.6608,0.3789,641,0,5
643,3,47278.2,53388.9,19913.8,189.1128,213.5556,79.6552,1.0273,642,0,5
644,3,47276.0,53384.1,19912.5,189.104,213.5364,79.65,0.3242,643,0,5
645,3,47272.6,53385.4,19911.8,189.0904,213.5416,79.6472,0.6484,644,0,5
646,3,47269.4,53391.8,19912.0,189.0776,213.5672,79.648,0.4883,645,0,5
647,3,47264.6,53394.8,19908.8,189.0584,213.5792,79.6352,1.3008,646,0,5
648,3,47260.3,53399.4,19907.0,189.0412,213.5976,79.628,0.9766,647,0,5
649,3,47255.6,53409.7,19908.0,189.0224,213.6388,79.632,0.0078,648,0,5
650,3,47255.9,53420.6,19908.5,189.0236,213.6824,79.634,1.082,649,0,5
651,3,47258.2,53428.9,19908.0,189.0328,213.7156,79.632,1.1914,650,0,5
652,3,47260.1,53435.7,19905.8,189.0404,213.7428,79.6232,0.4336,651,0,5
653,3,47261.7,53439.8,19906.0,189.0468,213.7592,79.624,0.6484,652,0,5
654,3,47264.8,53442.8,19904.8,189.0592,213.7712,79.6192,0.6484,653,0,5
655,3,47267.8,53449.5,19905.8,189.0712,213.798,79.6232,0.3242,654,0,5
656,3,47269.1,53457.7,19908.5,189.0764,213.8308,79.634,1.1367,655,0,5
657,3,47269.5,53469.5,19913.8,189.078,213.878,79.6552,0.0078,656,0,5
658,3,47271.7,53479.8,19918.0,189.0868,213.9192,79.672,0.5977,657,0,5
659,3,47273.3,53488.6,19920.0,189.0932,213.9544,79.68,0.9766,658,0,5
660,3,47273.9,53494.6,19919.8,189.0956,213.9784,79.6792,0.6484,659,0,5
661,3,47274.6,53505.4,19921.0,189.0984,214.0216,79.684,0.6484,660,1,5
662,3,47449.9,53299.2,19946.8,189.7996,213.1968,79.7872,0.0156,532,0,5
663,3,47444.2,53300.6,19954.5,189.7768,213.2024,79.818,0.8672,662,0,5
664,3,47438.8,53298.2,19960.5,189.7552,213.1928,79.842,0.6484,663,0,5
665,3,47434.9,53297.7,19965.0,189.7396,213.1908,79.86,0.5977,664,0,5
666,3,47431.7,53301.2,19968.5,189.7268,213.2048,79.874,0.3789,665,0,5
667,3,47427.6,53300.9,19972.8,189.7104,213.2036,79.8912,0.543,666,0,5
668,3,47426.0,53297.4,19973.2,189.704,213.1896,79.8928,0.7031,667,0,5
669,3,47425.7,53303.9,19974.8,189.7028,213.2156,79.8992,0.0273,668,0,5
670,3,47423.6,53306.4,19978.0,189.6944,213.2256,79.912,0.4336,669,0,5
671,3,47418.3,53302.8,19983.0,189.6732,213.2112,79.932,1.0273,670,0,5
672,3,47415.8,53302.8,19986.2,189.6632,213.2112,79.9448,0.4336,671,0,5
673,3,47415.9,53306.3,19987.0,189.6636,213.2252,79.948,0.6484,672,0,5
674,3,47412.7,53305.7,19991.2,189.6508,213.2228,79.9648,0.3242,673,0,5
675,3,47404.4,53301.1,19998.2,189.6176,213.2044,79.9928,1.1367,674,0,5
676,3,47399.1,53300.9,20003.5,189.5964,213.2036,80.014,1.3555,675,0,5
677,3,47390.9,53298.0,20013.0,189.5636,213.192,80.052,0.3242,676,0,5
678,3,47385.4,53298.9,20019.8,189.5416,213.1956,80.0792,0.9219,677,0,5
679,3,47383.4,53300.7,20022.2,189.5336,213.2028,80.0888,0.7031,678,0,5
680,3,47375.3,53298.3,20029.2,189.5012,213.1932,80.1168,0.8672,679,0,5
681,3,47372.6,53300.4,20032.8,189.4904,213.2016,80.1312,0.543,680,0,5
682,3,47369.3,53298.6,20036.2,189.4772,213.1944,80.1448,0.3242,681,0,5
683,3,47364.9,53294.2,20039.8,189.4596,213.1768,80.1592,1.082,682,0,5
684,3,47360.1,53292.5,20047.5,189.4404,213.17,80.19,0.9766,683,0,5
685,3,47357.4,53295.4,20052.8,189.4296,213.1816,80.2112,0.7578,684,0,5
686,3,47354.8,53295.4,20056.5,189.4192,213.1816,80.226,0.543,685,0,5
687,3,47346.8,53290.9,20063.0,189.3872,213.1636,80.252,0.8125,686,0,5
688,3,47340.1,53288.1,20067.8,189.3604,213.1524,80.2712,1.082,687,0,5
689,3,47338.7,53290.1,20069.5,189.3548,213.1604,80.278,0.3242,688,0,5
690,3,47336.0,53288.3,20071.8,189.344,213.1532,80.2872,0.9219,689,0,5
691,3,47335.3,53285.0,20071.5,189.3412,213.14,80.286,0.6484,690,0,5
692,3,47335.4,53290.2,20073.0,189.3416,213.1608,80.292,0.0547,691,0,5
693,3,47333.3,53290.9,20074.8,189.3332,213.1636,80.2992,1.1914,692,0,5
694,3,47326.8,53288.0,20078.8,189.3072,213.152,80.3152,0.9766,693,0,5
695,3,47322.8,53289.3,20081.5,189.2912,213.1572,80.326,0.6484,694,0,5
696,3,47322.3,53292.6,20083.0,189.2892,213.1704,80.332,1.1367,695,0,5
697,3,47320.2,53290.8,20084.8,189.2808,213.1632,80.3392,0.7031,696,0,5
698,3,47318.4,53285.8,20084.2,189.2736,213.1432,80.3368,0.8672,697,0,5
699,3,47316.3,53283.1,20086.2,189.2652,213.1324,80.3448,0.4336,698,0,5
700,3,47313.6,53283.6,20090.5,189.2544,213.1344,80.362,1.1367,699,0,5
701,3,47309.6,53281.9,20096.2,189.2384,213.1276,80.3848,0.9766,700,0,5
702,3,47308.8,53285.3,20098.5,189.2352,213.1412,80.394,0.6484,701,0,5
703,3,47305.6,53284.8,20102.5,189.2224,213.1392,80.41,0.9766,702,0,5
704,3,47300.3,53281.1,20108.5,189.2012,213.1244,80.434,0.7031,703,0,5
705,3,47296.6,53282.2,20114.2,189.1864,213.1288,80.4568,0.9219,704,0,5
706,3,47294.0,53285.7,20119.2,189.176,213.1428,80.4768,0.543,705,0,5
707,3,47292.3,53287.1,20124.0,189.1692,213.1484,80.496,0.6484,706,0,5
708,3,47292.1,53293.4,20127.8,189.1684,213.1736,80.5112,0.7031,707,0,5
709,3,47293.2,53301.9,20138.0,189.1728,213.2076,80.552,0.0039,708,0,5
710,3,47291.8,53308.6,20145.8,189.1672,213.2344,80.5832,0.9766,709,0,5
711,3,47289.2,53318.8,20152.0,189.1568,213.2752,80.608,0.4883,710,0,5
712,3,47289.8,53330.3,20158.5,189.1592,213.3212,80.634,0.5977,711,0,5
713,3,47289.7,53340.4,20163.8,189.1588,213.3616,80.6552,0.0039,712,1,5
714,3,47425.6,53303.1,20000.0,189.7024,213.2124,80.0,0.0078,580,0,5
715,3,47419.6,53301.3,20001.5,189.6784,213.2052,80.006,0.9219,714,0,5
716,3,47414.3,53300.1,20005.8,189.6572,213.2004,80.0232,0.7031,715,0,5
717,3,47410.6,53301.4,20010.2,189.6424,213.2056,80.0408,0.4336,716,0,5
718,3,47408.1,53304.4,20014.8,189.6324,213.2176,80.0592,0.4336,717,0,5
719,3,47402.6,53302.4,20022.2,189.6104,213.2096,80.0888,0.0039,718,0,5
720,3,47399.4,53304.9,20028.0,189.5976,213.2196,80.112,0.8125,719,0,5
721,3,47397.6,53309.4,20031.8,189.5904,213.2376,80.1272,0.4883,720,0,5
722,3,47392.2,53307.3,20038.2,189.5688,213.2292,80.1528,0.9766,721,0,5
723,3,47388.0,53307.4,20043.0,189.552,213.2296,80.172,0.8672,722,0,5
724,3,47385.9,53309.1,20045.2,189.5436,213.2364,80.1808,0.8672,723,0,5
725,3,47378.5,53308.7,20054.0,189.514,213.2348,80.216,1.1914,724,0,5
726,3,47372.1,53309.7,20062.2,189.4884,213.2388,80.2488,1.1914,725,0,5
727,3,47369.1,53311.9,20066.2,189.4764,213.2476,80.2648,0.0039,726,0,5
728,3,47364.1,53308.9,20071.5,189.4564,213.2356,80.286,0.9766,727,0,5
729,3,47362.4,53309.7,20075.0,189.4496,213.2388,80.3,0.6484,728,0,5
730,3,47362.7,53314.2,20076.8,189.4508,213.2568,80.3072,0.7031,729,0,5
731,3,47359.3,53314.2,20083.0,189.4372,213.2568,80.332,0.7031,730,0,5
732,3,47355.5,53310.1,20090.5,189.422,213.2404,80.362,0.3789,731,0,5
733,3,47354.9,53312.1,20093.5,189.4196,213.2484,80.374,0.7578,732,0,5
734,3,47349.2,53312.9,20096.2,189.3968,213.2516,80.3848,0.5,733,0,5
735,3,47343.6,53313.8,20099.0,189.3744,213.2552,80.396,0.5,734,0,5
736,3,47337.9,53314.4,20101.5,189.3516,213.2576,80.406,0.5,735,0,5
737,3,47332.2,53315.4,20104.0,189.3288,213.2616,80.416,0.5,736,0,5
738,3,47330.9,53308.8,20104.2,189.3236,213.2352,80.4168,0.0078,737,0,5
739,3,47325.4,53308.2,20105.8,189.3016,213.2328,80.4232,0.7031,738,0,5
740,3,47318.3,53311.0,20107.5,189.2732,213.244,80.43,0.4883,739,0,5
741,3,47314.1,53315.8,20110.2,189.2564,213.2632,80.4408,0.5977,740,0,5
742,3,47311.2,53316.7,20112.5,189.2448,213.2668,80.45,0.3789,741,0,5
743,3,47309.9,53320.8,20114.2,189.2396,213.2832,80.4568,0.4336,742,0,5
744,3,47304.3,53325.3,20119.2,189.2172,213.3012,80.4768,0.5977,743,0,5
745,3,47302.5,53332.0,20124.0,189.21,213.328,80.496,0.9766,744,0,5
746,3,47302.6,53339.6,20128.8,189.2104,213.3584,80.5152,0.3242,745,1,5
747,3,47425.5,53302.6,20001.0,189.702,213.2104,80.004,0.0039,580,0,5
748,3,47425.1,53305.0,20010.0,189.7004,213.22,80.04,1.1367,747,0,5
749,3,47423.4,53309.5,20015.5,189.6936,213.238,80.062,1.5703,748,0,5
750,3,47421.9,53308.4,20019.5,189.6876,213.2336,80.078,1.1914,749,0,5
751,3,47417.3,53306.3,20022.2,189.6692,213.2252,80.0888,0.8672,750,0,5
752,3,47414.1,53312.2,20024.5,189.6564,213.2488,80.098,1.0273,751,0,5
753,3,47413.7,53318.7,20025.8,189.6548,213.2748,80.1032,1.1367,752,0,5
754,3,47411.2,53321.8,20031.0,189.6448,213.2872,80.124,0.0039,753,0,5
755,3,47406.1,53323.2,20035.2,189.6244,213.2928,80.1408,0.6484,754,0,5
756,3,47401.4,53327.3,20041.5,189.6056,213.3092,80.166,0.3242,755,0,5
757,3,47399.7,53328.8,20046.0,189.5988,213.3152,80.184,0.4336,756,0,5
758,3,47399.3,53335.7,20050.0,189.5972,213.3428,80.2,1.4609,757,0,5
759,3,47398.3,53338.8,20055.2,189.5932,213.3552,80.2208,0.7031,758,0,5
760,3,47396.1,53340.1,20061.8,189.5844,213.3604,80.2472,1.3008,759,0,5
761,3,47395.4,53344.3,20066.5,189.5816,213.3772,80.266,1.1914,760,0,5
762,3,47392.8,53348.4,20070.5,189.5712,213.3936,80.282,1.1367,761,0,5
763,3,47388.9,53349.9,20076.2,189.5556,213.3996,80.3048,1.3008,762,0,5
764,3,47382.1,53350.0,20084.2,189.5284,213.4,80.3368,0.8672,763,0,5
765,3,47378.4,53351.2,20089.5,189.5136,213.4048,80.358,0.5977,764,0,5
766,3,47376.0,53350.3,20094.2,189.504,213.4012,80.3768,0.5977,765,0,5
767,3,47375.4,53355.2,20097.0,189.5016,213.4208,80.388,0.8672,766,0,5
768,3,47372.8,53357.6,20100.8,189.4912,213.4304,80.4032,1.0273,767,0,5
769,3,47369.2,53354.5,20106.5,189.4768,213.418,80.426,1.4102,768,0,5
770,3,47367.4,53355.8,20109.8,189.4696,213.4232,80.4392,1.4102,769,0,5
771,3,47367.3,53361.4,20112.0,189.4692,213.4456,80.448,0.6484,770,0,5
772,3,47363.4,53358.9,20114.0,189.4536,213.4356,80.456,0.0117,771,0,5
773,3,47361.9,53362.6,20116.0,189.4476,213.4504,80.464,0.3242,772,0,5
774,3,47360.2,53363.0,20118.5,189.4408,213.452,80.474,0.4336,773,0,5
775,3,47357.8,53366.4,20124.8,189.4312,213.4656,80.4992,0.9219,774,0,5
776,3,47352.5,53370.2,20138.5,189.41,213.4808,80.554,1.3555,775,0,5
777,3,47349.1,53375.8,20148.0,189.3964,213.5032,80.592,0.8125,776,0,5
778,3,47346.5,53379.1,20157.8,189.386,213.5164,80.6312,1.5703,777,0,5
779,3,47343.6,53383.4,20166.5,189.3744,213.5336,80.666,0.4883,778,0,5
780,3,47343.2,53387.3,20172.5,189.3728,213.5492,80.69,1.0273,779,0,5
781,3,47343.7,53392.2,20175.5,189.3748,213.5688,80.702,0.8125,780,0,5
782,3,47339.5,53391.0,20188.0,189.358,213.564,80.752,0.6484,781,0,5
783,3,47338.5,53392.2,20192.0,189.354,213.5688,80.768,0.6484,782,0,5
784,3,47336.0,53393.0,20196.0,189.344,213.572,80.784,0.5,783,0,5
785,3,47333.5,53393.7,20200.0,189.334,213.5748,80.8,0.5,784,0,5
786,3,47331.0,53394.5,20204.2,189.324,213.578,80.8168,0.5,785,0,5
787,3,47327.1,53394.9,20209.5,189.3084,213.5796,80.838,0.5,786,0,5
788,3,47323.3,53395.4,20214.8,189.2932,213.5816,80.8592,0.5,787,0,5
789,3,47319.5,53395.6,20219.8,189.278,213.5824,80.8792,0.5,788,0,5
790,3,47315.7,53396.0,20224.8,189.2628,213.584,80.8992,0.5,789,0,5
791,3,47311.7,53396.4,20230.0,189.2468,213.5856,80.92,0.5,790,0,5
792,3,47311.2,53400.9,20231.2,189.2448,213.6036,80.9248,0.0273,791,0,5
793,3,47307.0,53400.7,20237.0,189.228,213.6028,80.948,1.625,792,0,5
794,3,47300.7,53396.2,20245.5,189.2028,213.5848,80.982,1.0273,793,0,5
795,3,47296.6,53395.8,20251.0,189.1864,213.5832,81.004,1.1367,794,0,5
796,3,47292.3,53393.6,20255.8,189.1692,213.5744,81.0232,1.4102,795,0,5
797,3,47288.1,53393.0,20261.0,189.1524,213.572,81.044,0.8125,796,0,5
798,3,47286.0,53394.7,20264.0,189.144,213.5788,81.056,0.3789,797,0,5
799,3,47281.6,53395.1,20267.8,189.1264,213.5804,81.0712,0.8125,798,0,5
800,3,47278.9,53398.2,20270.8,189.1156,213.5928,81.0832,0.543,799,0,5
801,3,47273.5,53397.3,20274.8,189.094,213.5892,81.0992,0.9766,800,0,5
802,3,47270.8,53397.7,20279.0,189.0832,213.5908,81.116,1.6797,801,0,5
803,3,47270.2,53396.7,20283.0,189.0808,213.5868,81.132,1.2461,802,0,5
804,3,47260.9,53396.4,20293.8,189.0436,213.5856,81.1752,1.0273,803,0,5
805,3,47254.1,53394.6,20299.5,189.0164,213.5784,81.198,0.6484,804,0,5
806,3,47249.0,53395.3,20303.5,188.996,213.5812,81.214,0.7031,805,0,5
807,3,47245.3,53394.0,20306.5,188.9812,213.576,81.226,1.0273,806,0,5
808,3,47242.5,53395.0,20310.0,188.97,213.58,81.24,1.0273,807,0,5
809,3,47240.3,53393.2,20314.2,188.9612,213.5728,81.2568,1.5156,808,0,5
810,3,47234.7,53389.6,20320.2,188.9388,213.5584,81.2808,0.543,809,0,5
811,3,47228.4,53387.6,20324.5,188.9136,213.5504,81.298,0.7031,810,0,5
812,3,47224.7,53388.3,20327.5,188.8988,213.5532,81.31,0.6484,811,0,5
813,3,47222.1,53386.8,20330.8,188.8884,213.5472,81.3232,0.3242,812,0,5
814,3,47217.3,53387.0,20335.0,188.8692,213.548,81.34,0.9766,813,0,5
815,3,47214.3,53384.8,20341.0,188.8572,213.5392,81.364,0.9766,814,0,5
816,3,47209.9,53381.2,20347.2,188.8396,213.5248,81.3888,1.0273,815,0,5
817,3,47207.5,53382.4,20351.2,188.83,213.5296,81.4048,0.0039,816,0,5
818,3,47201.9,53379.2,20357.5,188.8076,213.5168,81.43,0.9766,817,0,5
819,3,47198.4,53376.4,20365.2,188.7936,213.5056,81.4608,0.9219,818,0,5
820,3,47198.4,53380.1,20367.0,188.7936,213.5204,81.468,0.9766,819,0,5
821,3,47198.3,53386.1,20369.0,188.7932,213.5444,81.476,0.0195,820,0,5
822,3,47195.8,53386.9,20372.5,188.7832,213.5476,81.49,0.3242,821,0,5
823,3,47191.1,53384.2,20377.0,188.7644,213.5368,81.508,2.4922,822,0,5
824,3,47187.7,53379.9,20386.2,188.7508,213.5196,81.5448,1.2461,823,0,5
825,3,47186.2,53380.3,20390.2,188.7448,213.5212,81.5608,1.1367,824,0,5
826,3,47182.3,53382.0,20397.2,188.7292,213.528,81.5888,0.9766,825,0,5
827,3,47177.8,53384.6,20403.0,188.7112,213.5384,81.612,0.4336,826,0,5
828,3,47171.4,53381.3,20411.2,188.6856,213.5252,81.6448,1.0273,827,0,5
829,3,47165.4,53380.4,20418.0,188.6616,213.5216,81.672,0.6484,828,0,5
830,3,47156.7,53377.3,20426.0,188.6268,213.5092,81.704,0.9219,829,0,5
831,3,47154.7,53381.1,20428.8,188.6188,213.5244,81.7152,0.6484,830,0,5
832,3,47152.9,53374.6,20429.2,188.6116,213.4984,81.7168,0.0117,831,0,5
833,3,47147.5,53371.3,20434.0,188.59,213.4852,81.736,1.5703,832,0,5
834,3,47145.4,53375.6,20438.0,188.5816,213.5024,81.752,0.4883,833,0,5
835,3,47145.1,53378.0,20443.2,188.5804,213.512,81.7728,1.1914,834,0,5
836,3,47144.2,53373.9,20452.0,188.5768,213.4956,81.808,1.2461,835,0,5
837,3,47144.1,53374.2,20457.5,188.5764,213.4968,81.83,0.0039,836,0,5
838,3,47145.2,53380.3,20462.5,188.5808,213.5212,81.85,0.9766,837,0,5
839,3,47146.8,53382.3,20467.5,188.5872,213.5292,81.87,0.4336,838,0,5
840,3,47153.2,53382.3,20475.2,188.6128,213.5292,81.9008,0.7031,839,0,5
841,3,47156.3,53386.4,20480.2,188.6252,213.5456,81.9208,0.543,840,0,5
842,3,47157.8,53393.1,20483.0,188.6312,213.5724,81.932,0.3789,841,0,5
843,3,47162.7,53409.6,20488.8,188.6508,213.6384,81.9552,0.9219,842,0,5
844,3,47165.6,53413.4,20491.5,188.6624,213.6536,81.966,0.3789,843,0,5
845,3,47168.1,53419.7,20493.8,188.6724,213.6788,81.9752,0.9219,844,0,5
846,3,47173.5,53425.4,20493.2,188.694,213.7016,81.9728,0.5,845,0,5
847,3,47178.8,53431.1,20492.5,188.7152,213.7244,81.97,0.5,846,0,5
848,3,47184.2,53436.8,20492.0,188.7368,213.7472,81.968,0.5,847,0,5
849,3,47190.5,53438.6,20491.8,188.762,213.7544,81.9672,0.5,848,0,5
850,10,47196.8,53440.5,20491.5,188.7872,213.762,81.966,0.5,849,1,5
851,3,47450.6,53292.9,19904.2,189.8024,213.1716,79.6168,0.9766,583,0,5
852,3,47447.2,53288.2,19899.5,189.7888,213.1528,79.598,0.7578,851,0,5
853,3,47445.2,53286.6,19893.5,189.7808,213.1464,79.574,0.7578,852,0,5
854,3,47442.0,53288.5,19887.5,189.768,213.154,79.55,1.625,853,0,5
855,3,47438.6,53286.9,19883.5,189.7544,213.1476,79.534,1.0273,854,0,5
856,3,47434.3,53281.0,19877.2,189.7372,213.124,79.5088,0.6484,855,0,5
857,3,47430.2,53278.4,19870.2,189.7208,213.1136,79.4808,0.4336,856,0,5
858,3,47425.8,53277.9,19863.2,189.7032,213.1116,79.4528,0.7031,857,0,5
859,3,47422.4,53275.6,19858.0,189.6896,213.1024,79.432,0.8672,858,0,5
860,3,47418.3,53275.3,19850.5,189.6732,213.1012,79.402,0.9766,859,0,5
861,3,47412.8,53273.6,19845.5,189.6512,213.0944,79.382,1.0273,860,0,5
862,3,47408.0,53268.3,19839.5,189.632,213.0732,79.358,0.543,861,0,5
863,3,47406.1,53267.2,19833.8,189.6244,213.0688,79.3352,0.3789,862,0,5
864,3,47405.3,53262.1,19829.2,189.6212,213.0484,79.3168,0.6484,863,0,5
865,3,47401.4,53263.2,19822.0,189.6056,213.0528,79.288,0.0117,864,0,5
866,3,47396.1,53261.9,19816.0,189.5844,213.0476,79.264,0.4336,865,0,5
867,3,47388.4,53263.7,19809.0,189.5536,213.0548,79.236,0.7031,866,0,5
868,3,47382.3,53267.6,19803.8,189.5292,213.0704,79.2152,1.082,867,0,5
869,3,47381.0,53272.2,19804.0,189.524,213.0888,79.216,0.4883,868,0,5
870,3,47377.5,53272.0,19801.5,189.51,213.088,79.206,0.8125,869,0,5
871,3,47375.8,53266.4,19799.0,189.5032,213.0656,79.196,0.6484,870,0,5
872,3,47373.8,53264.1,19795.8,189.4952,213.0564,79.1832,0.543,871,0,5
873,3,47367.5,53263.5,19789.8,189.47,213.054,79.1592,0.9766,872,0,5
874,3,47361.6,53259.8,19784.2,189.4464,213.0392,79.1368,0.6484,873,0,5
875,3,47353.8,53256.7,19777.5,189.4152,213.0268,79.11,0.8125,874,0,5
876,3,47350.2,53253.2,19773.2,189.4008,213.0128,79.0928,0.7578,875,0,5
877,3,47345.1,53253.8,19766.0,189.3804,213.0152,79.064,0.4883,876,0,5
878,3,47341.5,53253.4,19759.0,189.366,213.0136,79.036,0.7578,877,0,5
879,3,47339.2,53247.6,19754.8,189.3568,212.9904,79.0192,0.9219,878,0,5
880,3,47338.2,53244.6,19751.0,189.3528,212.9784,79.004,0.4336,879,0,5
881,3,47336.3,53245.8,19747.8,189.3452,212.9832,78.9912,0.9766,880,0,5
882,3,47330.4,53243.0,19738.5,189.3216,212.972,78.954,0.0039,881,0,5
883,3,47327.7,53237.8,19734.0,189.3108,212.9512,78.936,0.9766,882,0,5
884,3,47325.6,53236.6,19730.2,189.3024,212.9464,78.9208,0.4883,883,0,5
885,3,47320.8,53236.9,19726.2,189.2832,212.9476,78.9048,0.5977,884,0,5
886,3,47316.5,53233.2,19722.0,189.266,212.9328,78.888,0.3242,885,0,5
887,3,47310.4,53230.8,19716.5,189.2416,212.9232,78.866,0.7578,886,0,5
888,3,47301.9,53232.8,19708.5,189.2076,212.9312,78.834,0.8672,887,0,5
889,3,47300.3,53240.2,19707.5,189.2012,212.9608,78.83,0.7578,888,0,5
890,3,47295.9,53244.5,19700.0,189.1836,212.978,78.8,0.543,889,0,5
891,3,47293.3,53244.1,19691.5,189.1732,212.9764,78.766,1.0273,890,0,5
892,3,47290.2,53246.7,19682.0,189.1608,212.9868,78.728,0.4883,891,0,5
893,3,47284.0,53248.3,19671.8,189.136,212.9932,78.6872,0.3242,892,0,5
894,3,47279.8,53241.2,19666.2,189.1192,212.9648,78.6648,0.5977,893,0,5
895,3,47276.4,53229.4,19660.2,189.1056,212.9176,78.6408,0.8672,894,0,5
896,3,47274.9,53228.6,19656.5,189.0996,212.9144,78.626,0.8672,895,0,5
897,3,47274.0,53219.7,19652.2,189.096,212.8788,78.6088,0.0156,896,0,5
898,3,47272.6,53215.9,19648.0,189.0904,212.8636,78.592,1.082,897,0,5
899,3,47270.4,53217.1,19643.5,189.0816,212.8684,78.574,0.3789,898,0,5
900,3,47269.3,53215.4,19640.0,189.0772,212.8616,78.56,0.3242,899,0,5
901,3,47270.3,53210.7,19637.2,189.0812,212.8428,78.5488,0.4336,900,1,5
902,3,47447.4,53289.1,19915.2,189.7896,213.1564,79.6608,0.3242,583,0,5
903,3,47440.9,53292.5,19917.5,189.7636,213.17,79.67,0.9766,902,0,5
904,3,47437.6,53296.4,19921.0,189.7504,213.1856,79.684,0.4883,903,0,5
905,3,47434.8,53298.0,19921.2,189.7392,213.192,79.6848,0.7578,904,0,5
906,3,47432.7,53295.2,19919.0,189.7308,213.1808,79.676,0.4883,905,0,5
907,3,47430.6,53288.4,19917.8,189.7224,213.1536,79.6712,0.6484,906,0,5
908,3,47426.5,53284.8,19917.2,189.706,213.1392,79.6688,0.3242,907,0,5
909,3,47424.2,53287.6,19919.0,189.6968,213.1504,79.676,1.0273,908,0,5
910,3,47414.0,53286.4,19920.5,189.656,213.1456,79.682,0.0039,909,0,5
911,3,47408.1,53289.6,19920.0,189.6324,213.1584,79.68,3.1953,910,0,5
912,3,47401.3,53292.9,19925.2,189.6052,213.1716,79.7008,0.0039,911,0,5
913,3,47396.7,53291.4,19929.5,189.5868,213.1656,79.718,1.1367,912,0,5
914,3,47392.6,53290.2,19931.2,189.5704,213.1608,79.7248,0.9766,913,0,5
915,3,47392.2,53292.8,19931.0,189.5688,213.1712,79.724,0.6484,914,0,5
916,3,47388.0,53300.7,19934.0,189.552,213.2028,79.736,0.6484,915,0,5
917,3,47384.6,53304.5,19936.0,189.5384,213.218,79.744,0.3242,916,0,5
918,3,47380.3,53305.8,19937.2,189.5212,213.2232,79.7488,0.5,917,0,5
919,3,47376.1,53307.3,19938.5,189.5044,213.2292,79.754,0.5,918,0,5
920,3,47370.2,53309.6,19939.8,189.4808,213.2384,79.7592,0.5,919,0,5
921,3,47364.5,53312.1,19941.2,189.458,213.2484,79.7648,0.5,920,0,5
922,3,47356.8,53315.5,19944.2,189.4272,213.262,79.7768,0.0039,921,0,5
923,3,47347.6,53319.6,19948.2,189.3904,213.2784,79.7928,0.543,922,0,5
924,3,47339.9,53324.6,19952.8,189.3596,213.2984,79.8112,0.4336,923,0,5
925,3,47337.5,53321.7,19954.5,189.35,213.2868,79.818,0.0117,924,0,5
926,3,47332.7,53321.9,19958.0,189.3308,213.2876,79.832,0.7031,925,0,5
927,3,47329.2,53324.9,19961.0,189.3168,213.2996,79.844,0.7578,926,0,5
928,3,47328.2,53328.7,19961.0,189.3128,213.3148,79.844,0.4883,927,0,5
929,3,47324.2,53329.7,19963.2,189.2968,213.3188,79.8528,1.0273,928,0,5
930,3,47318.7,53327.7,19966.2,189.2748,213.3108,79.8648,0.9219,929,0,5
931,3,47312.6,53328.8,19969.0,189.2504,213.3152,79.876,0.543,930,0,5
932,3,47306.7,53327.3,19971.8,189.2268,213.3092,79.8872,0.3789,931,0,5
933,3,47305.0,53329.6,19973.5,189.22,213.3184,79.894,0.6484,932,0,5
934,3,47303.8,53326.4,19973.2,189.2152,213.3056,79.8928,0.1094,933,0,5
935,3,47298.2,53324.5,19976.2,189.1928,213.298,79.9048,0.7578,934,0,5
936,3,47291.3,53326.4,19980.0,189.1652,213.3056,79.92,1.0273,935,0,5
937,3,47282.6,53325.2,19982.8,189.1304,213.3008,79.9312,0.8125,936,0,5
938,3,47279.0,53323.8,19982.8,189.116,213.2952,79.9312,0.543,937,0,5
939,3,47275.4,53327.1,19983.8,189.1016,213.3084,79.9352,0.9219,938,0,5
940,3,47268.8,53321.7,19983.0,189.0752,213.2868,79.932,0.9766,939,0,5
941,3,47264.6,53317.0,19980.8,189.0584,213.268,79.9232,0.9219,940,0,5
942,3,47262.5,53316.4,19981.5,189.05,213.2656,79.926,0.9766,941,0,5
943,3,47262.4,53321.2,19983.2,189.0496,213.2848,79.9328,0.7578,942,0,5
944,3,47260.0,53325.2,19984.5,189.04,213.3008,79.938,2.0586,943,0,5
945,3,47254.8,53324.3,19984.8,189.0192,213.2972,79.9392,1.1367,944,0,5
946,3,47244.5,53314.7,19988.0,188.978,213.2588,79.952,0.8672,945,0,5
947,3,47236.4,53310.4,19992.0,188.9456,213.2416,79.968,0.3242,946,0,5
948,3,47231.1,53313.1,19996.2,188.9244,213.2524,79.9848,0.0039,947,0,5
949,3,47227.0,53310.2,19999.5,188.908,213.2408,79.998,0.3242,948,0,5
950,3,47228.3,53316.2,20001.2,188.9132,213.2648,80.0048,0.0078,949,0,5
951,3,47227.8,53318.0,20005.0,188.9112,213.272,80.02,0.9766,950,0,5
952,3,47226.0,53316.1,20008.5,188.904,213.2644,80.034,1.1367,951,0,5
953,3,47222.4,53313.2,20010.0,188.8896,213.2528,80.04,0.4336,952,0,5
954,3,47220.7,53309.1,20008.8,188.8828,213.2364,80.0352,0.6484,953,0,5
955,3,47216.8,53300.8,20009.2,188.8672,213.2032,80.0368,0.8672,954,0,5
956,3,47214.6,53299.5,20011.8,188.8584,213.198,80.0472,0.3242,955,0,5
957,3,47212.6,53302.8,20014.0,188.8504,213.2112,80.056,0.6484,956,0,5
958,3,47201.5,53301.5,20019.5,188.806,213.206,80.078,0.8125,957,0,5
959,3,47196.9,53305.7,20023.0,188.7876,213.2228,80.092,0.7578,958,0,5
960,3,47192.7,53306.6,20026.5,188.7708,213.2264,80.106,0.8125,959,0,5
961,3,47189.1,53305.4,20027.8,188.7564,213.2216,80.1112,0.4883,960,0,5
962,3,47180.0,53302.4,20032.0,188.72,213.2096,80.128,0.0039,961,0,5
963,3,47178.4,53302.8,20035.5,188.7136,213.2112,80.142,0.8125,962,0,5
964,3,47174.3,53300.9,20037.8,188.6972,213.2036,80.1512,0.3242,963,0,5
965,3,47172.2,53295.1,20038.8,188.6888,213.1804,80.1552,0.7578,964,0,5
966,3,47169.7,53294.8,20042.2,188.6788,213.1792,80.1688,0.7578,965,1,5
967,3,47449.9,53312.2,19963.0,189.7996,213.2488,79.852,0.0039,590,0,6
968,3,47445.9,53311.8,19966.2,189.7836,213.2472,79.8648,1.082,967,0,6
969,3,47445.6,53308.9,19967.0,189.7824,213.2356,79.868,0.6484,968,0,6
970,3,47443.1,53311.1,19972.5,189.7724,213.2444,79.89,0.5,969,0,6
971,3,47440.8,53313.6,19978.0,189.7632,213.2544,79.912,0.5,970,0,6
972,3,47438.4,53315.9,19983.5,189.7536,213.2636,79.934,0.5,971,0,6
973,3,47436.5,53318.4,19988.2,189.746,213.2736,79.9528,0.5,972,0,6
974,3,47434.6,53321.0,19993.2,189.7384,213.284,79.9728,0.5,973,0,6
975,3,47432.8,53323.9,19998.0,189.7312,213.2956,79.992,0.5,974,0,6
976,3,47431.0,53326.5,20003.0,189.724,213.306,80.012,0.5,975,0,6
977,3,47454.8,53309.9,19961.5,189.8192,213.2396,79.846,0.0117,590,0,6
978,3,47454.4,53315.7,19965.2,189.8176,213.2628,79.8608,1.2461,977,0,6
979,3,47454.5,53316.8,19968.2,189.818,213.2672,79.8728,1.3555,978,0,6
980,3,47455.2,53322.0,19972.5,189.8208,213.288,79.89,0.0508,979,0,6
981,3,47455.0,53322.4,19979.5,189.82,213.2896,79.918,0.6484,980,0,6
982,3,47453.8,53321.9,19987.0,189.8152,213.2876,79.948,1.1367,981,0,6
983,3,47453.1,53324.1,19991.8,189.8124,213.2964,79.9672,0.8672,982,0,6
984,3,47453.5,53329.9,19993.0,189.814,213.3196,79.972,0.0742,983,0,6
985,3,47452.7,53333.2,19996.2,189.8108,213.3328,79.9848,0.6484,984,0,6
986,3,47449.6,53333.3,20000.5,189.7984,213.3332,80.002,0.9766,985,0,6
987,3,47448.3,53335.9,20003.2,189.7932,213.3436,80.0128,1.5156,986,0,6
988,3,47443.0,53336.4,20012.5,189.772,213.3456,80.05,0.3242,987,0,6
989,3,47440.2,53339.7,20020.5,189.7608,213.3588,80.082,0.7578,988,0,6
990,3,47439.6,53342.8,20025.2,189.7584,213.3712,80.1008,1.5156,989,0,6
991,3,47437.4,53340.7,20030.2,189.7496,213.3628,80.1208,1.2461,990,0,6
992,3,47436.5,53341.9,20033.0,189.746,213.3676,80.132,0.9766,991,0,6
993,3,47436.9,53346.5,20034.5,189.7476,213.386,80.138,0.6484,992,0,6
994,3,47433.9,53348.2,20038.0,189.7356,213.3928,80.152,0.5977,993,0,6
995,3,47430.1,53348.0,20042.2,189.7204,213.392,80.1688,1.1367,994,0,6
996,3,47428.3,53349.9,20046.8,189.7132,213.3996,80.1872,1.4102,995,0,6
997,3,47428.4,53356.4,20048.8,189.7136,213.4256,80.1952,1.2461,996,0,6
998,3,47426.5,53355.1,20058.8,189.706,213.4204,80.2352,0.0039,997,0,6
999,3,47423.1,53359.3,20066.5,189.6924,213.4372,80.266,0.6484,998,0,6
1000,3,47417.1,53363.0,20081.2,189.6684,213.452,80.3248,1.3008,999,0,6
1001,3,47415.0,53368.5,20091.5,189.66,213.474,80.366,1.1914,1000,0,6
1002,3,47412.0,53367.9,20099.8,189.648,213.4716,80.3992,1.0273,1001,0,6
1003,3,47410.5,53369.1,20103.2,189.642,213.4764,80.4128,1.1367,1002,0,6
1004,3,47407.2,53376.9,20110.0,189.6288,213.5076,80.44,1.1914,1003,0,6
1005,3,47402.9,53381.2,20117.0,189.6116,213.5248,80.468,1.2461,1004,0,6
1006,3,47401.1,53383.9,20122.5,189.6044,213.5356,80.49,0.9766,1005,0,6
1007,3,47401.4,53390.4,20125.0,189.6056,213.5616,80.5,1.3008,1006,0,6
1008,3,47400.9,53389.9,20132.2,189.6036,213.5596,80.5288,0.0234,1007,0,6
1009,3,47400.6,53392.6,20136.0,189.6024,213.5704,80.544,0.8125,1008,0,6
1010,3,47400.3,53398.6,20140.8,189.6012,213.5944,80.5632,0.9766,1009,0,6
1011,3,47399.4,53398.2,20146.8,189.5976,213.5928,80.5872,0.6484,1010,0,6
1012,3,47398.2,53401.4,20150.2,189.5928,213.6056,80.6008,1.3008,1011,0,6
1013,3,47397.6,53402.9,20155.0,189.5904,213.6116,80.62,0.7578,1012,0,6
1014,3,47396.5,53408.2,20158.8,189.586,213.6328,80.6352,0.9766,1013,0,6
1015,3,47395.6,53406.5,20165.8,189.5824,213.626,80.6632,0.4336,1014,0,6
1016,3,47395.8,53408.5,20170.8,189.5832,213.634,80.6832,0.543,1015,0,6
1017,3,47394.8,53416.9,20175.8,189.5792,213.6676,80.7032,1.1367,1016,0,6
1018,3,47393.3,53422.3,20181.8,189.5732,213.6892,80.7272,0.543,1017,0,6
1019,3,47390.3,53424.8,20186.8,189.5612,213.6992,80.7472,0.0039,1018,0,6
1020,3,47389.8,53429.1,20196.5,189.5592,213.7164,80.786,1.0273,1019,0,6
1021,3,47390.2,53434.5,20201.5,189.5608,213.738,80.806,1.0273,1020,0,6
1022,3,47390.8,53444.9,20208.0,189.5632,213.7796,80.832,0.6484,1021,0,6
1023,3,47392.3,53456.4,20213.5,189.5692,213.8256,80.854,0.0039,1022,0,6
1024,3,47395.7,53461.0,20217.2,189.5828,213.844,80.8688,0.6484,1023,0,6
1025,3,47399.7,53460.2,20220.0,189.5988,213.8408,80.88,0.6484,1024,0,6
1026,3,47402.0,53463.3,20222.8,189.608,213.8532,80.8912,0.4336,1025,0,6
1027,3,47403.6,53471.6,20226.5,189.6144,213.8864,80.906,0.4336,1026,0,6
1028,3,47404.8,53480.7,20231.8,189.6192,213.9228,80.9272,0.0117,1027,0,6
1029,3,47405.6,53483.0,20239.8,189.6224,213.932,80.9592,1.3555,1028,0,6
1030,3,47406.4,53493.8,20250.8,189.6256,213.9752,81.0032,1.1367,1029,0,6
1031,3,47407.5,53505.1,20257.0,189.63,214.0204,81.028,1.1367,1030,0,6
1032,3,47407.7,53510.1,20259.8,189.6308,214.0404,81.0392,0.0625,1031,0,6
1033,3,47407.2,53512.9,20263.8,189.6288,214.0516,81.0552,0.4883,1032,0,6
1034,3,47406.4,53521.8,20268.0,189.6256,214.0872,81.072,1.0273,1033,0,6
1035,3,47408.5,53530.0,20275.8,189.634,214.12,81.1032,0.5977,1034,0,6
1036,3,47413.1,53535.5,20282.2,189.6524,214.142,81.1288,1.082,1035,0,6
1037,3,47416.4,53543.6,20288.0,189.6656,214.1744,81.152,0.9766,1036,0,6
1038,3,47414.6,53545.4,20292.8,189.6584,214.1816,81.1712,1.082,1037,0,6
1039,3,47410.9,53546.1,20298.2,189.6436,214.1844,81.1928,1.082,1038,0,6
1040,3,47408.9,53550.5,20302.2,189.6356,214.202,81.2088,0.6484,1039,0,6
1041,3,47407.5,53554.5,20305.2,189.63,214.218,81.2208,0.0508,1040,0,6
1042,3,47405.7,53555.0,20310.8,189.6228,214.22,81.2432,0.7578,1041,0,6
1043,3,47402.8,53556.0,20313.5,189.6112,214.224,81.254,1.082,1042,0,6
1044,3,47399.7,53551.8,20316.5,189.5988,214.2072,81.266,0.8125,1043,0,6
1045,3,47396.8,53547.9,20322.8,189.5872,214.1916,81.2912,0.7578,1044,0,6
1046,3,47395.0,53549.1,20326.2,189.58,214.1964,81.3048,0.543,1045,0,6
1047,3,47395.6,53552.6,20327.2,189.5824,214.2104,81.3088,0.6484,1046,1,6
1048,3,47423.8,53319.6,20014.8,189.6952,213.2784,80.0592,0.8125,976,0,7
1049,3,47422.9,53321.7,20017.2,189.6916,213.2868,80.0688,0.6484,1048,0,7
1050,3,47421.9,53321.5,20020.5,189.6876,213.286,80.082,0.9766,1049,0,7
1051,3,47421.4,53327.8,20023.0,189.6856,213.3112,80.092,0.5977,1050,0,7
1052,3,47419.7,53328.3,20026.0,189.6788,213.3132,80.104,0.9766,1051,0,7
1053,3,47417.0,53328.4,20029.8,189.668,213.3136,80.1192,0.5,1052,0,7
1054,3,47414.3,53328.6,20033.0,189.6572,213.3144,80.132,0.5,1053,0,7
1055,3,47411.7,53328.7,20036.8,189.6468,213.3148,80.1472,0.5,1054,0,7
1056,3,47408.4,53327.4,20041.0,189.6336,213.3096,80.164,0.5,1055,0,7
1057,3,47405.1,53326.0,20045.2,189.6204,213.304,80.1808,0.5,1056,0,7
1058,3,47401.8,53324.8,20049.5,189.6072,213.2992,80.198,0.5,1057,0,7
1059,3,47398.4,53323.5,20053.8,189.5936,213.294,80.2152,0.5,1058,0,7
1060,3,47395.7,53325.3,20058.8,189.5828,213.3012,80.2352,0.5,1059,0,7
1061,3,47393.1,53327.1,20063.5,189.5724,213.3084,80.254,0.5,1060,0,7
1062,3,47390.4,53328.7,20068.5,189.5616,213.3148,80.274,0.5,1061,0,7
1063,3,47387.8,53330.6,20073.2,189.5512,213.3224,80.2928,0.5,1062,0,7
1064,3,47387.7,53335.9,20075.5,189.5508,213.3436,80.302,0.0195,1063,0,7
1065,3,47387.6,53336.0,20078.5,189.5504,213.344,80.314,1.4102,1064,0,7
1066,3,47382.6,53332.9,20083.2,189.5304,213.3316,80.3328,0.8672,1065,0,7
1067,3,47377.3,53330.5,20090.0,189.5092,213.322,80.36,0.8125,1066,0,7
1068,3,47375.2,53331.2,20094.5,189.5008,213.3248,80.378,0.8672,1067,0,7
1069,3,47373.3,53334.3,20098.2,189.4932,213.3372,80.3928,0.7578,1068,0,7
1070,3,47370.9,53334.0,20101.2,189.4836,213.336,80.4048,1.082,1069,0,7
1071,3,47365.8,53330.4,20107.2,189.4632,213.3216,80.4288,0.3242,1070,0,7
1072,3,47362.3,53331.0,20111.2,189.4492,213.324,80.4448,0.7578,1071,0,7
1073,3,47356.8,53328.2,20117.0,189.4272,213.3128,80.468,0.7031,1072,0,7
1074,3,47352.5,53328.2,20122.0,189.41,213.3128,80.488,1.082,1073,0,7
1075,3,47346.4,53324.7,20128.2,189.3856,213.2988,80.5128,1.082,1074,0,7
1076,3,47335.2,53319.2,20138.0,189.3408,213.2768,80.552,0.9766,1075,0,7
1077,3,47331.6,53319.5,20141.2,189.3264,213.278,80.5648,0.3242,1076,0,7
1078,3,47329.9,53316.2,20141.8,189.3196,213.2648,80.5672,0.8672,1077,0,7
1079,3,47325.0,53313.4,20145.0,189.3,213.2536,80.58,1.2461,1078,0,7
1080,3,47318.9,53309.6,20151.0,189.2756,213.2384,80.604,0.543,1079,0,7
1081,3,47317.1,53318.7,20154.2,189.2684,213.2748,80.6168,0.0117,1080,0,7
1082,3,47313.6,53323.2,20158.2,189.2544,213.2928,80.6328,0.543,1081,0,7
1083,3,47311.3,53321.9,20159.5,189.2452,213.2876,80.638,0.3242,1082,0,7
1084,3,47309.8,53317.3,20159.0,189.2392,213.2692,80.636,0.543,1083,0,7
1085,3,47306.6,53315.3,20161.0,189.2264,213.2612,80.644,0.9219,1084,0,7
1086,3,47304.4,53316.2,20163.5,189.2176,213.2648,80.654,1.082,1085,0,7
1087,3,47300.9,53317.1,20168.0,189.2036,213.2684,80.672,0.5,1086,0,7
1088,3,47297.2,53317.8,20172.8,189.1888,213.2712,80.6912,0.5,1087,0,7
1089,3,47293.7,53318.8,20177.2,189.1748,213.2752,80.7088,0.5,1088,0,7
1090,3,47291.5,53317.1,20183.5,189.166,213.2684,80.734,0.0039,1089,0,7
1091,3,47288.6,53313.4,20187.8,189.1544,213.2536,80.7512,1.1367,1090,0,7
1092,3,47287.5,53310.4,20188.5,189.15,213.2416,80.754,0.8672,1091,0,7
1093,3,47282.6,53310.9,20193.5,189.1304,213.2436,80.774,0.5,1092,0,7
1094,3,47277.8,53311.7,20198.8,189.1112,213.2468,80.7952,0.5,1093,0,7
1095,3,47272.9,53312.3,20203.8,189.0916,213.2492,80.8152,0.5,1094,0,7
1096,3,47268.0,53313.0,20209.2,189.072,213.252,80.8368,0.5,1095,0,7
1097,3,47263.1,53313.6,20214.2,189.0524,213.2544,80.8568,0.5,1096,0,7
1098,3,47260.8,53317.5,20218.8,189.0432,213.27,80.8752,0.5,1097,0,7
1099,3,47258.4,53321.4,20223.5,189.0336,213.2856,80.894,0.5,1098,0,7
1100,3,47255.9,53325.2,20228.2,189.0236,213.3008,80.9128,0.5,1099,0,7
1101,3,47253.2,53315.5,20226.2,189.0128,213.262,80.9048,0.0039,1100,0,7
1102,3,47249.5,53312.9,20231.5,188.998,213.2516,80.926,0.9766,1101,0,7
1103,3,47246.6,53314.5,20237.0,188.9864,213.258,80.948,0.4336,1102,0,7
1104,3,47244.8,53317.4,20240.5,188.9792,213.2696,80.962,0.9766,1103,0,7
1105,3,47242.2,53317.7,20240.2,188.9688,213.2708,80.9608,0.9766,1104,0,7
1106,3,47229.1,53315.4,20248.5,188.9164,213.2616,80.994,0.8672,1105,0,7
1107,3,47224.1,53318.1,20252.2,188.8964,213.2724,81.0088,0.8125,1106,0,7
1108,3,47217.7,53318.2,20256.5,188.8708,213.2728,81.026,0.8125,1107,0,7
1109,3,47211.1,53315.7,20260.8,188.8444,213.2628,81.0432,0.6484,1108,0,7
1110,3,47208.2,53317.4,20262.5,188.8328,213.2696,81.05,0.7578,1109,1,7
1111,3,47429.1,53330.4,20006.0,189.7164,213.3216,80.024,0.5,976,0,7
1112,3,47427.3,53334.4,20009.0,189.7092,213.3376,80.036,0.5,1111,0,7
1113,3,47425.4,53338.3,20012.0,189.7016,213.3532,80.048,0.5,1112,0,7
1114,3,47424.2,53345.5,20014.0,189.6968,213.382,80.056,0.0039,1113,0,7
1115,3,47420.8,53348.1,20016.0,189.6832,213.3924,80.064,1.082,1114,0,7
1116,3,47417.2,53353.7,20018.2,189.6688,213.4148,80.0728,0.7031,1115,0,7
1117,3,47413.4,53352.0,20018.5,189.6536,213.408,80.074,0.8672,1116,0,7
1118,3,47410.6,53356.4,20019.5,189.6424,213.4256,80.078,0.3789,1117,0,7
1119,3,47409.6,53363.9,20022.8,189.6384,213.4556,80.0912,0.7578,1118,0,7
1120,3,47406.6,53368.2,20025.5,189.6264,213.4728,80.102,0.9219,1119,0,7
1121,3,47403.0,53369.9,20027.2,189.612,213.4796,80.1088,0.3242,1120,1,7
