Run,Scope,AnimalID,Subregion,Metric,MaxAbsoluteRegionalError,MapSHA256
group_analysis\evolution_20261008\arm_mapping_20261009\main\endpoints,animal_maps,331,ARM6_0_L,candidate_count,0.0,10bf36588283803f41ce1f610bf125bcab87d3a750251afba8f5b6cded63d8d7
group_analysis\evolution_20261008\arm_mapping_20261009\main\endpoints,animal_maps,331,ARM6_1004_L,candidate_count,0.0,de6f48f86a23504a19ebda99620c9e1a906b0068c4ef8a520fb04032c3fe0d3d
group_analysis\evolution_20261008\arm_mapping_20261009\main\endpoints,animal_maps,331,ARM6_228_L,candidate_count,7.341305433783418e-06,27219af8cbfedef03ed17ec2b0a72df561570dba8880886cbb2e2a065d3c4efa
group_analysis\evolution_20261008\arm_mapping_20261009\main\endpoints,animal_maps,331,ARM6_42_L,candidate_count,3.042546182996375e-06,cf4f9a105bd0646cf5cf8abd9949aaa1941da0cc5e42ea9aca0a6d1191f6b496
group_analysis\evolution_20261008\arm_mapping_20261009\main\endpoints,animal_maps,331,ARM6_48_L,candidate_count,1.2923370746875662e-06,2cb75bfd75ede95167cd411f0704f3ddae3c3397c5205ad4199acda6d6a63689
group_analysis\evolution_20261008\arm_mapping_20261009\main\endpoints,animal_maps,331,ARM6_542_R,candidate_count,0.0,8246f70905f4a1c8ce427aed5fac848bb91180e91529f24987c2011c35510ddd
group_analysis\evolution_20261008\arm_mapping_20261009\main\endpoints,animal_maps,331,ARM6_549_R,candidate_count,1.405321413017191e-06,3855fc819c4b03a245389f594e0de60f1418b8b2dcc62c7d5c908c44eded84a7
group_analysis\evolution_20261008\arm_mapping_20261009\main\endpoints,animal_maps,331,ARM6_729_R,candidate_count,0.0,1c35c1ed98dad6e4341def8caa82478f53e690c818024756b2495427e3c519e4
group_analysis\evolution_20261008\arm_mapping_20261009\main\endpoints,animal_maps,605,ARM6_229_L,candidate_count,0.0,9b03b14010fff05ba23c0242cbaf1431fb00ff479fb47cb079ee64f94c99c08a
group_analysis\evolution_20261008\arm_mapping_20261009\main\endpoints,animal_maps,605,ARM6_729_R,candidate_count,5.185604123880694e-07,922292bf81b8ade94f5a78b106d06b71d8bdcdd7bd97c063313b28e7bd1c186e
group_analysis\evolution_20261008\arm_mapping_20261009\main\endpoints,animal_maps,631,ARM6_228_L,candidate_count,6.874402345147246e-06,c9b7e469bb07bb4d61837cd484b67cbc91b878f908bd885118a3d266d4ef8ab4
group_analysis\evolution_20261008\arm_mapping_20261009\main\endpoints,animal_maps,631,ARM6_48_L,candidate_count,1.1937958845464891e-05,41f1a77328cfaeaf4e515e1f463edf9084bbdb570c53e72a8d36fbf37f2dfcdb
group_analysis\evolution_20261008\arm_mapping_20261009\main\endpoints,animal_maps,631,ARM6_548_R,candidate_count,2.5510788077554025e-06,a51e9edef9ffc840b4202e8e2de07d74425f27f5450241ed6bb4b136c4519930
group_analysis\evolution_20261008\arm_mapping_20261009\main\endpoints,animal_maps,631,ARM6_728_R,candidate_count,0.0,6f9702a10d82464f9ef8bea622e0af16d9d24aacd0d8d5c64239c1c757539145
group_analysis\evolution_20261008\arm_mapping_20261009\main\endpoints,animal_maps,797,ARM6_0_L,candidate_count,0.0,59d121f8a622a1fb45b7c1c159b5af56d5b8cbdf05c0eb2fa088420f6e46f01e
group_analysis\evolution_20261008\arm_mapping_20261009\main\endpoints,animal_maps,797,ARM6_0_R,candidate_count,0.0,5d8acca5e4ce72746abcc46d1db545bf5fa02331e9beaa39c391cfcab893101d
group_analysis\evolution_20261008\arm_mapping_20261009\main\endpoints,animal_maps,797,ARM6_1004_L,candidate_count,0.0,8379c8b89120bb3df2b70f0fa269594dfbe82cf8e44734711b2aaeebbf6d76e4
group_analysis\evolution_20261008\arm_mapping_20261009\main\endpoints,animal_maps,797,ARM6_1504_R,candidate_count,0.0,615dbb02b0917ad3430a35ba42f54e5e1eda5721cf9284eadd3fab6051956b09
group_analysis\evolution_20261008\arm_mapping_20261009\main\endpoints,animal_maps,797,ARM6_229_L,candidate_count,4.774332069246157e-06,25383f564e51a2da2193f6be870c2ee0101aba93544f5e0942c481da9bc8900f
group_analysis\evolution_20261008\arm_mapping_20261009\main\endpoints,animal_maps,797,ARM6_41_L,candidate_count,5.998214078317687e-06,9f41cb370f4a510acea64fa948285e0f37e0d2e0587ad58c81e0ad67d404f0af
group_analysis\evolution_20261008\arm_mapping_20261009\main\endpoints,animal_maps,797,ARM6_42_L,candidate_count,0.0,f8d96edbf7b1863ba61c563094b96666f9896572f307045db8ae4ed06736bd12
group_analysis\evolution_20261008\arm_mapping_20261009\main\endpoints,animal_maps,797,ARM6_541_R,candidate_count,0.0,eda7dc6ba30a925c96cc7dbf1ec8b4f64e0bbd4f493f9ac067ba5e9f5d768ce4
group_analysis\evolution_20261008\arm_mapping_20261009\main\endpoints,animal_maps,797,ARM6_542_R,candidate_count,0.0,734daa38ab1454f669498a6c4323712a1f643211ef2ced422bcd65d05b607297
group_analysis\evolution_20261008\arm_mapping_20261009\main\endpoints,animal_maps,797,ARM6_595_R,candidate_count,0.0,54f5028740f311df02f37fe7a228d8c3eada707c0e44b8a0c06a43d67a0ea39c
group_analysis\evolution_20261008\arm_mapping_20261009\main\endpoints,animal_maps,900,ARM6_229_L,candidate_count,0.0,31822e438638f5f7d4227d60199a8b2b7b2b5c0668c9e8b1e032fd971ee886eb
group_analysis\evolution_20261008\arm_mapping_20261009\main\endpoints,animal_maps,900,ARM6_48_L,candidate_count,1.7966542955605291e-06,54dd19c0a32366776bf64de09f5efa70dd3630d51ae7210bfbc77bac63923838
group_analysis\evolution_20261008\arm_mapping_20261009\main\endpoints,animal_maps,900,ARM6_548_R,candidate_count,0.0,aa05991f9e2afd2847f975076fb5ec18417fca2417064d9cf9a8e2c39acba7aa
group_analysis\evolution_20261008\arm_mapping_20261009\main\endpoints,animal_maps,936,ARM6_0_L,candidate_count,1.0654330253601074e-06,f0a01f449364863bf87a53335e40ebda8284769e1032f64803bf4043befc282d
group_analysis\evolution_20261008\arm_mapping_20261009\main\endpoints,animal_maps,936,ARM6_0_R,candidate_count,9.934107438880346e-07,faf7be3605c2cd6fcffe76202d7f4096eddf1cb8b7f7622d2d26c8adfef61da4
group_analysis\evolution_20261008\arm_mapping_20261009\main\endpoints,animal_maps,936,ARM6_228_L,candidate_count,6.930550142669745e-07,02f711df899839a490c7d29d2870715695ac4bc5acf92f8115933a845f4ff68b
group_analysis\evolution_20261008\arm_mapping_20261009\main\endpoints,animal_maps,936,ARM6_229_L,candidate_count,4.646894709026128e-07,7681c6e5ef50cd36587cbf4ae8dc3415838c8bc55c5b25ea2d69be0e8a216730
group_analysis\evolution_20261008\arm_mapping_20261009\main\endpoints,animal_maps,936,ARM6_41_L,candidate_count,1.8585811929483498e-06,66e142f1ac1369de2d1840686cdef72506fe8825f5d72fba47d2fc1bd7a859f2
group_analysis\evolution_20261008\arm_mapping_20261009\main\endpoints,animal_maps,936,ARM6_42_L,candidate_count,1.2114644079019854e-06,2c5076288b4e2ad498336723ea1f4cfb35e8bc1ce75edb675eac1ff5f0073b8b
group_analysis\evolution_20261008\arm_mapping_20261009\main\endpoints,animal_maps,936,ARM6_541_R,candidate_count,5.16573592790337e-07,bfdb940a61b89a5b487b0707f0bc36f0854f5fef74ecca8cd3b8a44416320d8e
group_analysis\evolution_20261008\arm_mapping_20261009\main\endpoints,animal_maps,936,ARM6_542_R,candidate_count,7.008867584090694e-07,1529e3232a42af534b18ab99cfbc3b6efc0108b820b168724c5e4afde739245a
group_analysis\evolution_20261008\arm_mapping_20261009\main\endpoints,animal_maps,936,ARM6_549_R,candidate_count,0.0,2ca5c40f04556e6989b102865c295b481fc2d69cea2506e6aecbe777867c77c5
group_analysis\evolution_20261008\arm_mapping_20261009\main\endpoints,animal_maps,936,ARM6_728_R,candidate_count,2.492438341050729e-06,ff48e2d01074f6a0896cc32953d6714855c48d3339d82f3bbb5905a14cbeb7a9
group_analysis\evolution_20261008\arm_mapping_20261009\main\endpoints,animal_maps,945,ARM6_42_L,candidate_count,2.6226043701171875e-06,55bd32b771d62d44360dbf36967f4ec094bc89271edeffb796942b6ea2d1aa64
group_analysis\evolution_20261008\arm_mapping_20261009\main\endpoints,animal_maps,945,ARM6_43_L,candidate_count,0.0,3676b10f428d4807f49f086e5a45ccdaf509b4f84448f9a9e77fc0dbfb50c153
group_analysis\evolution_20261008\arm_mapping_20261009\main\endpoints,animal_maps,945,ARM6_541_R,candidate_count,0.0,25d6d78e7abf44a05f5720696eb9a8b8f81a74d368e9af5798b017fd6f6e83dc
group_analysis\evolution_20261008\arm_mapping_20261009\main\endpoints,animal_maps,945,ARM6_549_R,candidate_count,4.46492975925139e-06,800b93c7c55a3473cdda02ba488fa503b657b207a5311d4db06585eb19de7fe7
group_analysis\evolution_20261008\arm_mapping_20261009\main\endpoints,animal_maps,948,ARM6_0_L,candidate_count,0.0,ac801a4a0b2d99c27d0b3835a588816969569cb2002ff22492ce98f2313ce595
group_analysis\evolution_20261008\arm_mapping_20261009\main\endpoints,animal_maps,948,ARM6_0_R,candidate_count,4.778305680019912e-06,d7b5b9f7b4a803721f7dc2c19c8e87a6c744fb9bab4e78adf29d596c79a092af
group_analysis\evolution_20261008\arm_mapping_20261009\main\endpoints,animal_maps,948,ARM6_1004_L,candidate_count,0.0,466ea0adbebc0fa4f40bfbe2628eab42423dfdcede574a7bef2ec26d564fc17e
group_analysis\evolution_20261008\arm_mapping_20261009\main\endpoints,animal_maps,948,ARM6_1504_R,candidate_count,0.0,0888f730200b122e8c435846bde124db074de1b791264128092e2a13d9b3ab81
group_analysis\evolution_20261008\arm_mapping_20261009\main\endpoints,animal_maps,948,ARM6_42_L,candidate_count,4.967053719440173e-07,fc6f32cdf18029e4238be8a2c6ead5ba7e728f3d682cab2618a593a7c1c78fb4
group_analysis\evolution_20261008\arm_mapping_20261009\main\endpoints,animal_maps,948,ARM6_542_R,candidate_count,0.0,243d7059ef2d35b3d8f87e993d676d300813e7e8d3ff143af347d7d995edba74
group_analysis\evolution_20261008\arm_mapping_20261009\main\endpoints,group_maps,,ARM6_0_L,candidate_count,2.6635825634002686e-07,673b3f256d0332c6cf7b5b78ec558cfcc0de9eca47fb819a631bb40281a8f57d
group_analysis\evolution_20261008\arm_mapping_20261009\main\endpoints,group_maps,,ARM6_0_R,candidate_count,1.1258655092660774e-06,7abb8aaca81e3409aa298cf90abd2fa92a304864c4315050bc365b179a756f9a
group_analysis\evolution_20261008\arm_mapping_20261009\main\endpoints,group_maps,,ARM6_1004_L,candidate_count,2.5431315151536182e-06,b3c158a030cea0b552af6c30884b562ac4ee518a363f6cfd149dfa6a1062cb22
group_analysis\evolution_20261008\arm_mapping_20261009\main\endpoints,group_maps,,ARM6_1504_R,candidate_count,0.0,265283e14ff359c4784b35fed59baf5af5678920c7336e04bfb6307601605ede
group_analysis\evolution_20261008\arm_mapping_20261009\main\endpoints,group_maps,,ARM6_228_L,candidate_count,3.338950818942976e-06,9da1f5355c25b77d754906109d80863a86e3cbb914417bcb9fa7cb254bb017f3
group_analysis\evolution_20261008\arm_mapping_20261009\main\endpoints,group_maps,,ARM6_229_L,candidate_count,1.1383920366370148e-06,58bd46569a0f18636b34ebb2222e5949758c16a82cc0fcd3871af2889f746159
group_analysis\evolution_20261008\arm_mapping_20261009\main\endpoints,group_maps,,ARM6_41_L,candidate_count,3.269021249252546e-06,16480ef7032ebb9dd9f6ef9fd4a896c158704da2c457d3044e48dc543ea0e581
group_analysis\evolution_20261008\arm_mapping_20261009\main\endpoints,group_maps,,ARM6_42_L,candidate_count,1.0805125469914856e-06,d54de95275ec7b0e183c3393593cbf5cad24b57a9e367d7ff06e3bd3149ff075
group_analysis\evolution_20261008\arm_mapping_20261009\main\endpoints,group_maps,,ARM6_43_L,candidate_count,0.0,3676b10f428d4807f49f086e5a45ccdaf509b4f84448f9a9e77fc0dbfb50c153
group_analysis\evolution_20261008\arm_mapping_20261009\main\endpoints,group_maps,,ARM6_48_L,candidate_count,3.833033446198897e-06,53db07664bd9931bb71101a717771addd54253a6d597ac9fbb872632db4b9854
group_analysis\evolution_20261008\arm_mapping_20261009\main\endpoints,group_maps,,ARM6_541_R,candidate_count,1.3529702442838243e-06,0e11f4392cdf27ef627bde489f82aa4009f1d6068d0d73a5194d198f3c8e94c7
group_analysis\evolution_20261008\arm_mapping_20261009\main\endpoints,group_maps,,ARM6_542_R,candidate_count,1.5985486356839829e-07,9f20c3f95711036ecf4ce6352e2cd760bb1b4526c79619109977bd94f18734da
group_analysis\evolution_20261008\arm_mapping_20261009\main\endpoints,group_maps,,ARM6_548_R,candidate_count,1.2308359202961583e-06,45b52a315b0893f5db59abc1a075c4961017a4625bb9f93b239846333801d6a9
group_analysis\evolution_20261008\arm_mapping_20261009\main\endpoints,group_maps,,ARM6_549_R,candidate_count,1.910494702883625e-06,093a2b7bbea9d0a215c66a072e3187cfff982dff3e533b9b6ac10977c8b31b18
group_analysis\evolution_20261008\arm_mapping_20261009\main\endpoints,group_maps,,ARM6_595_R,candidate_count,0.0,54f5028740f311df02f37fe7a228d8c3eada707c0e44b8a0c06a43d67a0ea39c
group_analysis\evolution_20261008\arm_mapping_20261009\main\endpoints,group_maps,,ARM6_728_R,candidate_count,1.2909226541069074e-06,80912e6f23ac8096a6ab944e3ae29513a0ce2bb9d9a3c98554a2f85b5575d8b7
group_analysis\evolution_20261008\arm_mapping_20261009\main\endpoints,group_maps,,ARM6_729_R,candidate_count,1.1026858715013077e-07,23b23856a910eb937cdf9ca65d6c69c8cb6c10bb9d71369ec6c69f412d2b81d5
group_analysis\evolution_20261008\arm_mapping_20261009\main\axons,animal_maps,331,ARM6_0_L,axon_length_mm,1.2470015064991458e-07,4abc2b3b2e1c1131ee51a7d124e76cf258733766e8a94d613b42e10bac9b74a5
group_analysis\evolution_20261008\arm_mapping_20261009\main\axons,animal_maps,331,ARM6_1004_L,axon_length_mm,2.641966716510069e-07,3a6b47713d18f995bbf25d8134d0c4bc7a9aedd3feaa0c74fe5545d7446750d7
group_analysis\evolution_20261008\arm_mapping_20261009\main\axons,animal_maps,331,ARM6_228_L,axon_length_mm,1.5474796200010132e-07,c2f45231072e8c6756a8e9fd2af61980c51343a6086cacedfa2d28645442d92f
group_analysis\evolution_20261008\arm_mapping_20261009\main\axons,animal_maps,331,ARM6_42_L,axon_length_mm,4.764001459989231e-08,803440bc0bde1d7a98311fb001cfcd1684d039cba004c7e41d028eed1aa55fe0
group_analysis\evolution_20261008\arm_mapping_20261009\main\axons,animal_maps,331,ARM6_48_L,axon_length_mm,7.761084575008681e-08,bcca2aa35b2ff0fd66d073ee929f49d5a8c3cb8d89676c6ec7c695134e0396f6
group_analysis\evolution_20261008\arm_mapping_20261009\main\axons,animal_maps,331,ARM6_542_R,axon_length_mm,4.4118209530097374e-07,a045c53cbfd83715d6db8ec0477354c7f3452607a4ede9ca709095130e807940
group_analysis\evolution_20261008\arm_mapping_20261009\main\axons,animal_maps,331,ARM6_549_R,axon_length_mm,2.1839703379100683e-08,278c56ae6a0cc03620acedc8a64df8b1a1f5246c4bf0b70602e44e8a87785f76
group_analysis\evolution_20261008\arm_mapping_20261009\main\axons,animal_maps,331,ARM6_729_R,axon_length_mm,8.655862515638546e-08,3fec3dc38ee78cd441386762251c485bb33ab2d09432b4c1f6e04e2be941c95e
group_analysis\evolution_20261008\arm_mapping_20261009\main\axons,animal_maps,605,ARM6_229_L,axon_length_mm,1.3343370142138156e-07,b4b3b9f07d5fd49968878fda28fae00843952e6a9c6692a320cbe05df8b992a7
group_analysis\evolution_20261008\arm_mapping_20261009\main\axons,animal_maps,605,ARM6_729_R,axon_length_mm,7.470392304753659e-08,5732777e3d9b2ad632f1cc92e24ffbde37aaf8976d8be682497630b3d2be75e1
group_analysis\evolution_20261008\arm_mapping_20261009\main\axons,animal_maps,631,ARM6_228_L,axon_length_mm,2.0696049318758014e-07,6f33077a5903f845c3767fb58c531ef91cacdc0cf943384811eaeda854fa6c4e
group_analysis\evolution_20261008\arm_mapping_20261009\main\axons,animal_maps,631,ARM6_48_L,axon_length_mm,2.4063868409029965e-07,35b007919d481fe5da01f3f248e521b6e925fc81a442d634a4cbb5f4f9c690af
group_analysis\evolution_20261008\arm_mapping_20261009\main\axons,animal_maps,631,ARM6_548_R,axon_length_mm,1.6250332635081577e-07,5d51e7f229fcb115c2240be2bf309c05d9cbb711f210ee9a2616a61e8da961bd
group_analysis\evolution_20261008\arm_mapping_20261009\main\axons,animal_maps,631,ARM6_728_R,axon_length_mm,2.1736738631261687e-07,3852c664e42b7d9be6372a167069bb6c11de6b7f31fb8ae98e898be11ce64da5
group_analysis\evolution_20261008\arm_mapping_20261009\main\axons,animal_maps,797,ARM6_0_L,axon_length_mm,7.250967470895375e-08,14cc1834b2f7bada0c5007d35a26c56a597cf9e4b7ff80f51a9b37979d0459cb
group_analysis\evolution_20261008\arm_mapping_20261009\main\axons,animal_maps,797,ARM6_0_R,axon_length_mm,2.504985445739294e-07,13a363f3af27425fcbf3d0371a15120c0f0644ff124f107081910656dc5c0b8c
group_analysis\evolution_20261008\arm_mapping_20261009\main\axons,animal_maps,797,ARM6_1004_L,axon_length_mm,8.702031095708662e-07,08be9a3af2977407facc2ee34b70c41963a92ec611af879fe9ebca076b06e157
group_analysis\evolution_20261008\arm_mapping_20261009\main\axons,animal_maps,797,ARM6_1504_R,axon_length_mm,8.108303291010088e-07,cd77bffbb26d978d9a3ba42b2b0bce39b91082f9e275d7553369c3bf44c78417
group_analysis\evolution_20261008\arm_mapping_20261009\main\axons,animal_maps,797,ARM6_229_L,axon_length_mm,9.718152682580694e-08,7809ba8c3c25d0f73d0cf688183b4e67b66b2726fe3b2df56b584c0d0b3d9bed
group_analysis\evolution_20261008\arm_mapping_20261009\main\axons,animal_maps,797,ARM6_41_L,axon_length_mm,1.795109341173884e-07,c3fc288bab77db18a1faf372a34c8774d97a0433a33b70aa6b5d9fad00f488dc
group_analysis\evolution_20261008\arm_mapping_20261009\main\axons,animal_maps,797,ARM6_42_L,axon_length_mm,8.21191203925764e-09,bdc6ed369973267bb50ca88654ed85f5e4777d99463284c52d9ebfa5206549d4
group_analysis\evolution_20261008\arm_mapping_20261009\main\axons,animal_maps,797,ARM6_541_R,axon_length_mm,3.32997721841366e-07,a2fe7ebeb26c6386a3bf89a849f422eebf3651f493591cbc81918fcc62551454
group_analysis\evolution_20261008\arm_mapping_20261009\main\axons,animal_maps,797,ARM6_542_R,axon_length_mm,6.412443553927005e-08,e5c9203e571a25b39a1a78cd80a703c76a668894dc47457585bd5cda01bc0ea8
group_analysis\evolution_20261008\arm_mapping_20261009\main\axons,animal_maps,797,ARM6_595_R,axon_length_mm,5.487509042723104e-07,d8f5057f514a0ca6876d621ddc7556f0d4f800ec5a0cad4435b6f415c2093728
group_analysis\evolution_20261008\arm_mapping_20261009\main\axons,animal_maps,900,ARM6_229_L,axon_length_mm,1.7258221873817092e-07,3d948229e1f86df733ddcc8c2bee9cd756cab8c8b7e6525864970beb803d40a4
group_analysis\evolution_20261008\arm_mapping_20261009\main\axons,animal_maps,900,ARM6_48_L,axon_length_mm,9.029597336507322e-08,b4a93a15520dd5fe0f48cdc8dc3bf897adf93bc9fa2d98f0037001c98697df0d
group_analysis\evolution_20261008\arm_mapping_20261009\main\axons,animal_maps,900,ARM6_548_R,axon_length_mm,1.422869644329694e-08,f270088bcac3016f272743b29b2a371e9f200387aff41cb54e45eb5986a7d5f7
group_analysis\evolution_20261008\arm_mapping_20261009\main\axons,animal_maps,936,ARM6_0_L,axon_length_mm,2.352695105400926e-08,8a20e1a9fe36a21929f0d868412feba6e2c4e10830698841bf080f4bda091307
group_analysis\evolution_20261008\arm_mapping_20261009\main\axons,animal_maps,936,ARM6_0_R,axon_length_mm,4.934652864108102e-08,1b69230df138fce157029b4fb338c49c27efd91e42ab2b2f55d135d5482c9d36
group_analysis\evolution_20261008\arm_mapping_20261009\main\axons,animal_maps,936,ARM6_228_L,axon_length_mm,1.3040168056477341e-08,7a7a9e0c89c14bebb38f1723ce50a7335390f30c84aba9360c9b7ea31fbaa70a
group_analysis\evolution_20261008\arm_mapping_20261009\main\axons,animal_maps,936,ARM6_229_L,axon_length_mm,5.314049644766783e-08,63bd99af292e8f7536946b38a22e3050735cf10b3abfa3e86cd6d0dd433ba416
group_analysis\evolution_20261008\arm_mapping_20261009\main\axons,animal_maps,936,ARM6_41_L,axon_length_mm,7.783896904811627e-08,f602ccf9b4679d0b6f5521a2335db91fe45e08c2d04c39959bec23ea49dbb360
group_analysis\evolution_20261008\arm_mapping_20261009\main\axons,animal_maps,936,ARM6_42_L,axon_length_mm,6.600853907912096e-08,fb16cac3f3bdbf5c9bc3b010af23e683a10595639ce3f88b4f6f76aa42cef18e
group_analysis\evolution_20261008\arm_mapping_20261009\main\axons,animal_maps,936,ARM6_541_R,axon_length_mm,4.5306705942493863e-08,f834e727c5fc23dfdcb33813169ab1b009ba0bd818066f4e0ee1634aba3bb7ac
group_analysis\evolution_20261008\arm_mapping_20261009\main\axons,animal_maps,936,ARM6_542_R,axon_length_mm,2.0064412353804073e-08,8236b7f1f20ecee29ceb31af17033f3b8f9b7f6ff106c7dba39c7d4b236a1da1
group_analysis\evolution_20261008\arm_mapping_20261009\main\axons,animal_maps,936,ARM6_549_R,axon_length_mm,2.0345417794942477e-08,0c0f06681da507ec330909dcf4bd3341e316277ba68dabf327fd87a83c19ef62
group_analysis\evolution_20261008\arm_mapping_20261009\main\axons,animal_maps,936,ARM6_728_R,axon_length_mm,5.859509144556796e-08,d91924447544a68f32785b85a5480f3b67088ec126a1cf2fb26a8d2f2ed7849d
group_analysis\evolution_20261008\arm_mapping_20261009\main\axons,animal_maps,945,ARM6_42_L,axon_length_mm,5.2009795581398066e-08,3664edc09d0b5225bf3cbaa9cf5516993a7b664ece19654b85f9a29b88976ff7
group_analysis\evolution_20261008\arm_mapping_20261009\main\axons,animal_maps,945,ARM6_43_L,axon_length_mm,4.819121546262295e-08,3353d7836d1bb0d8e7b77d1f646ef1926784742618a15a3a94295475b8452d1d
group_analysis\evolution_20261008\arm_mapping_20261009\main\axons,animal_maps,945,ARM6_541_R,axon_length_mm,8.93295322157428e-08,a7abe1a0a9d6ae7a2f7b90cc9974e99da0ef6554562ec5369b088c8c79afd2ae
group_analysis\evolution_20261008\arm_mapping_20261009\main\axons,animal_maps,945,ARM6_549_R,axon_length_mm,1.4812653148510435e-07,5b3114180804906e9de61e97de71af64e7ba04331a4b70eae70d5e406336b60f
group_analysis\evolution_20261008\arm_mapping_20261009\main\axons,animal_maps,948,ARM6_0_L,axon_length_mm,4.58722979601589e-08,9fe241564154ccf217b359c9e7e9996c1eab99cf424f29eafa0e29e3cbc18e23
group_analysis\evolution_20261008\arm_mapping_20261009\main\axons,animal_maps,948,ARM6_0_R,axon_length_mm,4.827296322673647e-07,ccac1a8abf3039e830052a148f9dfd4c0381724de736ac2d42c25f70b1fc4425
group_analysis\evolution_20261008\arm_mapping_20261009\main\axons,animal_maps,948,ARM6_1004_L,axon_length_mm,1.1502813208608131e-06,a6c2fa5962d50936214316197a8c29118cdde085258fec6232bad6c2b2f3b22b
group_analysis\evolution_20261008\arm_mapping_20261009\main\axons,animal_maps,948,ARM6_1504_R,axon_length_mm,8.382568950082714e-08,6eb5d9e282f6911d4bd263cb5e458a718b5133098cdd8981fff6f2fa6ba3d039
group_analysis\evolution_20261008\arm_mapping_20261009\main\axons,animal_maps,948,ARM6_42_L,axon_length_mm,1.0264463412568148e-07,582c943f364f4fca79e6b07ba8e7c225633761867be377b573bc50c85a17ee1d
group_analysis\evolution_20261008\arm_mapping_20261009\main\axons,animal_maps,948,ARM6_542_R,axon_length_mm,1.3767500917083453e-08,5687fec949510da5234c2485cbdf61b8ad03ac7b7420e73be14c8876be1f0dc5
group_analysis\evolution_20261008\arm_mapping_20261009\main\axons,group_maps,,ARM6_0_L,axon_length_mm,2.828095091444993e-08,ccb26535f4c20eeb16b356ea75376e3bde408a6008d56019dc0b00144671c1f5
group_analysis\evolution_20261008\arm_mapping_20261009\main\axons,group_maps,,ARM6_0_R,axon_length_mm,1.3935859044522658e-07,e2432db7ad9b301aa9315b1675a377dab52fc98400be35aab538fbdb1918d7f1
group_analysis\evolution_20261008\arm_mapping_20261009\main\axons,group_maps,,ARM6_1004_L,axon_length_mm,3.375026551566407e-07,03d8446422ba782faecd46c9ad7f3ed46a2c2052883d37137331b3913f9fa7cf
group_analysis\evolution_20261008\arm_mapping_20261009\main\axons,group_maps,,ARM6_1504_R,axon_length_mm,4.022107304990641e-07,7a357da7bed28663de64211dd878a5d3b181a9a103c8636386dd2004b7b0fe42
group_analysis\evolution_20261008\arm_mapping_20261009\main\axons,group_maps,,ARM6_228_L,axon_length_mm,8.733221790180323e-08,8660bf97b2902668d812338aff6daa31cc87edc27e40cf28bed8ddb5539e4c1e
group_analysis\evolution_20261008\arm_mapping_20261009\main\axons,group_maps,,ARM6_229_L,axon_length_mm,4.5077545252070195e-08,37d22b599da5e31edd440ca1da071c7862d3b5c2a1597cca8f695b7d72ef37b5
group_analysis\evolution_20261008\arm_mapping_20261009\main\axons,group_maps,,ARM6_41_L,axon_length_mm,2.1427831597975455e-07,8496600a2002501dc5979911ec02251e4cd5a1094b50a0d854c2906922989ac4
group_analysis\evolution_20261008\arm_mapping_20261009\main\axons,group_maps,,ARM6_42_L,axon_length_mm,3.053005315223345e-08,fcf273b6859937a7438d67a583bb37c2143bf189f5f2bd2b958566c49c0b682f
group_analysis\evolution_20261008\arm_mapping_20261009\main\axons,group_maps,,ARM6_43_L,axon_length_mm,4.819121546262295e-08,3353d7836d1bb0d8e7b77d1f646ef1926784742618a15a3a94295475b8452d1d
group_analysis\evolution_20261008\arm_mapping_20261009\main\axons,group_maps,,ARM6_48_L,axon_length_mm,1.1139405131643798e-07,e9c63d68a6ca11654c26d6bae23a6fe4b209283d0a73ecb7dca8d92588d8269e
group_analysis\evolution_20261008\arm_mapping_20261009\main\axons,group_maps,,ARM6_541_R,axon_length_mm,8.228595049786236e-08,82d854cd71234cf3cac075e033ebf34933bae36cd0cd165ab6666c458e9ea068
group_analysis\evolution_20261008\arm_mapping_20261009\main\axons,group_maps,,ARM6_542_R,axon_length_mm,2.6893989968357346e-07,5a2d321c2635b769d7f352ed97a8a6e61684e2ab25bd569aa0bb90279e04f815
group_analysis\evolution_20261008\arm_mapping_20261009\main\axons,group_maps,,ARM6_548_R,axon_length_mm,6.40352055825133e-08,32bb073e6a91afdd5e387d0faf2f88de06231fab5f3a2acc7e5b64a6b868d3ca
group_analysis\evolution_20261008\arm_mapping_20261009\main\axons,group_maps,,ARM6_549_R,axon_length_mm,3.839726581134073e-08,c0b2fecdef39713501cfe06e23b9bce405af61a30aac3543c0628417988cb5af
group_analysis\evolution_20261008\arm_mapping_20261009\main\axons,group_maps,,ARM6_595_R,axon_length_mm,5.487509042723104e-07,d8f5057f514a0ca6876d621ddc7556f0d4f800ec5a0cad4435b6f415c2093728
group_analysis\evolution_20261008\arm_mapping_20261009\main\axons,group_maps,,ARM6_728_R,axon_length_mm,1.1109607100934227e-07,30abd0a6de70de333439d20a8c7a0ae157ff2c55c29c80e917d1f5609b0db423
group_analysis\evolution_20261008\arm_mapping_20261009\main\axons,group_maps,,ARM6_729_R,axon_length_mm,8.887430880122338e-08,7bdf97162c311a6fa5f6229b5e196c3fac4007edc656e72fe2195319c6c6eb3c
group_analysis\evolution_20261008\endpoint_maps\additional_candidates_20261009,animal_maps,331,NearINS_L,candidate_count,0.0,0c240a9d60ba8ae3630ac8ba164688afdfb941c4e153732835fa1ec66d8bf1a2
group_analysis\evolution_20261008\endpoint_maps\additional_candidates_20261009,animal_maps,605,NearINS_L,candidate_count,0.0,310dd9fbbfb56f2a6c01dc6bf49d5178768f08cd544737cd1983e344ee75e74f
group_analysis\evolution_20261008\endpoint_maps\additional_candidates_20261009,animal_maps,605,NearINS_R,candidate_count,0.0,1ea87fec9679f7b1ac41008247e597677d48d7237b5ab0d65c3df07967567702
group_analysis\evolution_20261008\endpoint_maps\additional_candidates_20261009,animal_maps,605,OriginCandidate_L,candidate_count,5.662441253662109e-07,b1034b6d4595a9ed0aff5370424eb2e4b5742985214c2b4ecf4de13a5ed73852
group_analysis\evolution_20261008\endpoint_maps\additional_candidates_20261009,animal_maps,605,OriginCandidate_R,candidate_count,7.549921647864721e-07,af99db79cafd99f257e4baafb2d29434b6de5769eea9927997ed41dab9b1d9f7
group_analysis\evolution_20261008\endpoint_maps\additional_candidates_20261009,animal_maps,797,NearINS_L,candidate_count,0.0,a02b72628df7921bcdc9e6adccc1282dc20bd404c5e7cb9dc9e0c3283833c7fa
group_analysis\evolution_20261008\endpoint_maps\additional_candidates_20261009,animal_maps,797,OriginCandidate_L,candidate_count,2.014636990566032e-06,883d8030e9d18ccbeec473faefbf8834df68a045cd8e48fc9352ecd24b33cd20
group_analysis\evolution_20261008\endpoint_maps\additional_candidates_20261009,animal_maps,900,OriginCandidate_L,candidate_count,0.0,8e90de84124cf086f9b0a250be58ddec2197934472ce626752ed8945ee7fd0a9
group_analysis\evolution_20261008\endpoint_maps\additional_candidates_20261009,animal_maps,948,NearINS_R,candidate_count,0.0,e35503c961df8745db2ee8f3bbd9368c10c0af91216c9c409ae24e8f02ef462a
group_analysis\evolution_20261008\endpoint_maps\additional_candidates_20261009,group_maps,,NearINS_L,candidate_count,1.0381142274695776e-06,476ddc25fab01d33a72c0053b0951a4c340ce926de0c66b5e1c325963838fade
group_analysis\evolution_20261008\endpoint_maps\additional_candidates_20261009,group_maps,,NearINS_R,candidate_count,0.0,7b4d574e256ac35132877da8f83b68390631773ce6eb6e23d45902a9346c7d03
group_analysis\evolution_20261008\endpoint_maps\additional_candidates_20261009,group_maps,,OriginCandidate_L,candidate_count,1.841286824344479e-06,ff9b9df90484325f32c445c65380411cb170af132d1f0d47fd054013eed9ac9a
group_analysis\evolution_20261008\endpoint_maps\additional_candidates_20261009,group_maps,,OriginCandidate_R,candidate_count,7.549921647864721e-07,af99db79cafd99f257e4baafb2d29434b6de5769eea9927997ed41dab9b1d9f7
group_analysis\evolution_20261008\projection_maps\additional_candidates_20261009,animal_maps,331,NearINS_L,axon_length_mm,2.576992628178232e-07,468567772542696cb166ec71c515ea9c3090c18c2f5cdc16d88e2c06d51522e4
group_analysis\evolution_20261008\projection_maps\additional_candidates_20261009,animal_maps,605,NearINS_L,axon_length_mm,4.4945211996605394e-08,db9889f0ea2d334f57ce06c5b6882c46bb9ccc1cb8adb3524076f6fb4a24e04f
group_analysis\evolution_20261008\projection_maps\additional_candidates_20261009,animal_maps,605,NearINS_R,axon_length_mm,1.5812392462066782e-07,75ef4258a06ceede72ed0540ecdc0deadc3bde7cce7a4beb176e241d47cef1ce
group_analysis\evolution_20261008\projection_maps\additional_candidates_20261009,animal_maps,605,OriginCandidate_L,axon_length_mm,6.941129626625298e-08,e77ea3d0dbdf543d9e5f50f5d0fa9e34e376001420d3b4f88865cdb656bbf7f3
group_analysis\evolution_20261008\projection_maps\additional_candidates_20261009,animal_maps,605,OriginCandidate_R,axon_length_mm,3.1213570395038914e-08,7e14d0e2f848d5f85ef95b0562fef49a0ebb7ab8fbb86eaf29995c7acd7b95f9
group_analysis\evolution_20261008\projection_maps\additional_candidates_20261009,animal_maps,797,NearINS_L,axon_length_mm,1.1940966970769296e-07,0478d9ecc5680c89220142aaaba39ed9fc35969c52dd80b5aa594b8ed1087ac4
group_analysis\evolution_20261008\projection_maps\additional_candidates_20261009,animal_maps,797,OriginCandidate_L,axon_length_mm,1.4298493056230654e-07,9eb2ee6d08ca80374c7e560baf1fc0737b5da17b8690819d87b926aaba5a1dac
group_analysis\evolution_20261008\projection_maps\additional_candidates_20261009,animal_maps,900,OriginCandidate_L,axon_length_mm,3.3586595726831092e-09,c9474027b2f06d584825657310ef4561cdb59da8feb3195b5af1b596ee653b7d
group_analysis\evolution_20261008\projection_maps\additional_candidates_20261009,animal_maps,948,NearINS_R,axon_length_mm,2.561559568903249e-07,b7c85082896c0731dc6fbdc0b387f9f1719ef99bae5907f17d24b5a4c1e1c49a
group_analysis\evolution_20261008\projection_maps\additional_candidates_20261009,group_maps,,NearINS_L,axon_length_mm,1.2285627093433504e-07,671b101627d87d7ec86ec1b9ec8f254fc54e19151269ef777ce0efe7fc0159c9
group_analysis\evolution_20261008\projection_maps\additional_candidates_20261009,group_maps,,NearINS_R,axon_length_mm,1.226505830231872e-07,6f2e03605f328c2f3a364e9cec7d29f09e5b4ec867d1fafe6caa55e360578884
group_analysis\evolution_20261008\projection_maps\additional_candidates_20261009,group_maps,,OriginCandidate_L,axon_length_mm,5.961725690895037e-08,ef825874affddc24c430659b5c21d7c35bac034180430926dcfc5fd6290e85a9
group_analysis\evolution_20261008\projection_maps\additional_candidates_20261009,group_maps,,OriginCandidate_R,axon_length_mm,3.1213570395038914e-08,7e14d0e2f848d5f85ef95b0562fef49a0ebb7ab8fbb86eaf29995c7acd7b95f9
