NeuronUID,SWCSHA256,selected_axon_edges,zero_length_edges,old_fast_edges,new_fast_edges,endpoint_bin_different_edges,fast_allocation_candidate_edges,clipped_midpoint_intervals_checked,midpoint_index_differences,allocation_changed_edges
251637::001.swc,a29cb3ebc06a8c701fcaaea94a018d84ede1808d31a2b44087ae4049c320b833,30868,0,29299,29299,0,0,3082,0,0
251637::002.swc,a778fafba667f95eaeeb9366a0813a92ff5b784c4a8ed96c73e2deecc024c4ae,0,0,0,0,0,0,0,0,0
251637::003.swc,2cc7b7869ac74f07188480ffd0f9d312a15ee7299d85e657b7b437bea702485b,44,0,42,42,0,0,3,0,0
251637::004.swc,590cbd3121c9b917a5db860609aec8140deaddfecc9a42074f66c63b98b48fdc,40405,0,38257,38257,0,0,4243,0,0
251637::005.swc,3ade46b3c1eb3c26ed0cfaa321799d8a705c0ba2abfb84c88e0da8f759634848,14498,0,13684,13684,0,0,1615,0,0
251637::006.swc,5804644f8e5f7929e576325b86e5b1288bc934e5a6aefde5350c99f36bfaafd8,5410,0,5073,5073,0,0,669,0,0
251637::007.swc,d01f76e05a072f68f0c1025cc3e4c3da712fc92769f5df2c5c56f4bc89f27730,9801,0,9280,9280,0,0,1037,0,0
251637::008.swc,19879316aef069d9ed0582e04df89d67a751113566f341e50c71e7984b0421f4,11032,0,10365,10365,0,0,1323,0,0
251637::009.swc,3415546386fb699425b307ad3f1b717144ec2a9b258120f52c4cf93105fbf62c,10054,0,9524,9524,0,0,1040,0,0
251637::010.swc,b310627bdf28ba605e0b23a03c486e5fe941946a193fc2cf71961dbed788840c,14146,0,13387,13387,0,0,1500,0,0
251637::011.swc,6063feb9cb685d09fced3e0d5f45a982b605c41f6ef56ebe3dc6a57a71e37993,369,0,355,355,0,0,28,0,0
251637::012.swc,193d28db6a09f66523f5cfc3d06b1ba0406ad5716df9089c154c49c019dd8dd3,23379,0,22146,22146,0,0,2440,0,0
251637::013.swc,bbaced23ea931a8dcb037071cbcca28a7286aa4b69bced945c45cc9584aca35c,94687,0,89010,89010,0,0,11322,0,0
251637::014.swc,b614f7f2a61de176a910210e0a40ec431c5715de91b5212f156d1f528f94675e,6410,0,5992,5992,0,0,820,0,0
251637::015.swc,60c187cdd462d7ff1b6d948168fc48f97cb4756d28d670634dbc62f55e41a320,10862,0,10178,10178,0,0,1371,0,0
251637::016.swc,7c9e62124f37a4ba907c02d7e761ae986879eae6a8b124e857790fee985a9932,28956,0,27381,27381,0,0,3130,0,0
251637::017.swc,0a246dd29c7247dbac10858f4bd26029eea308d85c9544ed74817290aabfc939,1832,0,1759,1759,0,0,147,0,0
251637::018.swc,be9010efd816943483935e3dbd9522dc36894fdc8376db86308a7b1f3f62be26,5600,0,5372,5372,0,0,447,0,0
251637::019.swc,3283a5ab3dd96c1bfa59fabbb81223ddb321d4f31ec4a580083074c0ab10acb4,0,0,0,0,0,0,0,0,0
251637::020.swc,93deae73f72da3a54b321aa95a2af1eb610dc918f07c5c9a32de5df4a5822091,4139,0,3971,3971,0,0,332,0,0
251637::021.swc,5ae3c0ba43d9245b2c3cd333575cbe0a18e7bde7c11425b7f672214b653e351c,2490,0,2351,2351,0,0,279,0,0
251637::022.swc,d9eefa101c07d524106043c0f9ab78e2cba8a81442cca335f94289859e5cbb52,2532,0,2395,2395,0,0,270,0,0
251637::023.swc,07a0efb2084137d6c04fd0068f26576e4a837a94ae57c063a2a39562cd787679,18725,0,17735,17735,0,0,1971,0,0
251637::024.swc,f863e9efa409b95ae3249aa5b84c7e9bbc44dce9f0c78c7ab3394c80d7d9acab,10619,0,10127,10127,0,0,977,0,0
251637::025.swc,8623fe83863e8f61f8706b9b24f5e296ff85500609cc251492ad3be34762a028,13163,0,12500,12500,0,0,1313,0,0
251637::026.swc,e46db054140cad69d09164ec68c7dc146dcd73339aba52386078af802859b487,42660,0,40493,40493,0,0,4323,0,0
251637::027.swc,61c6cfb81337278a89b09285d0450f31ee7b17f4b5a38a44cfd5a167c6a8e8ed,450,0,428,428,0,0,44,0,0
251637::028.swc,baf3302aa626a21e2a865d48aabed7835cd6c93788ebc84b9a9836952a28a1df,18614,0,17671,17671,0,0,1878,0,0
251637::029.swc,85b77473dc637958f65d7bbf4b20c7f56f5e9d61dfcba2fcd8026d2ccdac9a66,29680,0,27962,27962,0,0,3435,0,0
251637::030.swc,4891490014b1a294b9261e1a1feb5dc9a40d20273dbbfe555a56ac39ea34d941,12584,0,11920,11920,0,0,1317,0,0
251637::031.swc,dd17c46c46d995e80c06dd9131163bf92e36017a10936ea076de87a10c383a99,27337,0,25999,25999,0,0,2655,0,0
251637::032.swc,52cb93673d7c23c353916cba9727055dbda1244c23fcddadd9ce6045ba12aa42,3392,0,3224,3224,0,0,334,0,0
251637::033.swc,9f27355e1b3be90c31188439c2cfcf3418b46d21e67d3a40192a40666fbab914,28323,0,26641,26641,0,0,3328,0,0
251637::034.swc,9239ef75554000cf43f508c316f8c2b5c524215d169efa46e8ee69e017097af0,15865,0,14903,14903,0,0,1896,0,0
251637::035.swc,f007f794e99e8a7c3e65e2f75b59fdc3564d1554c7a1cb168fd36d777439f6a5,0,0,0,0,0,0,0,0,0
251637::036.swc,21d4c9948ca2ed04db7ea8cc071f275ada5a7b62893b94b409694422c06dc6c4,13706,0,12996,12996,0,0,1407,0,0
251637::037.swc,4eda259b752f1e62fb4d0b70a4055e399cdb73fcfddab60602936b5c8063f14a,7058,0,6663,6663,0,0,777,0,0
251637::038.swc,dd5a347b1141507550abb3e246f1879463825b377547acdbeecb458b10eaec7f,14948,0,14173,14173,0,0,1547,0,0
251637::039.swc,32c6ef774e9840da33bfa7345e341d06d0f4de62bccdd704100aa34fe82ad7f3,10552,0,10025,10025,0,0,1044,0,0
251637::040.swc,7b0b86a0c6dd1297e5ede2fedb509f1abb9e062632b9a610ac3e3e85a19ccd49,17435,0,16486,16486,0,0,1876,0,0
251637::041.swc,81a6e4ae20360a9226c8361aa40dbca6d833bacb27b48f40d3363f4911861d8b,2733,0,2616,2616,0,0,228,0,0
251637::042.swc,55ff40d05a18412c47d0e16ef74cf1fcd53e04829168300e1d0c470fe6de0319,5822,0,5477,5477,0,0,683,0,0
251637::043.swc,ae0459cee131d599fbce5206c9abfefc421368a62f313bb4f388121368b8df2f,20447,0,19435,19435,0,0,2003,0,0
251637::044.swc,864510a2c74e59073301a9a68611a4b19adbe4190b5895bdafe2010faa7013ab,0,0,0,0,0,0,0,0,0
251637::045.swc,2eab27742d0f6607bbb230e95455de5d08688e0de57daea241ef8fc0032129f6,5084,0,4791,4791,0,0,586,0,0
251637::046.swc,889366ad58dd8786b7f0905324a29c3ebd657e2e89b0dd75a8b169aca326f50b,2469,0,2361,2361,0,0,210,0,0
251637::047.swc,7f9443ef88b1eaf41d0578c38658068abeeb5228de33243b8e1e57340ec501f7,0,0,0,0,0,0,0,0,0
251637::048.swc,2a6aed3d08572c8d1129ebfc63f7a6de4e94e8b3898413150374a22419fd9b4b,8204,0,7806,7806,0,0,783,0,0
251637::049.swc,f526c51051eb662f8aa2373d748b914aa287b61a61e7ee2186f5f0f0081cd293,1009,0,946,946,0,0,127,0,0
251637::050.swc,bdf7d791d4dfb0b034d920a5831f9c59ac55dc85f29592bf3620340c3a9a4210,308,0,295,295,0,0,27,0,0
251637::051.swc,770620b599567ebf9a3f658a8aad438736f3d4d37a7afd0bebeca73aeec21937,17816,0,16953,16953,0,0,1706,0,0
251637::052.swc,5e44128883def05d4815404a8ab344c1441daabd2a8d8272bbb1d7e3c1aad7d7,45625,0,42674,42674,0,0,5899,0,0
251637::053.swc,b10aa1786b10c32a68949d734c15c791d679ec29312dc7fba258e4f24b42fb46,3250,0,3092,3092,0,0,314,0,0
251637::054.swc,e6e55c2f0cb77ecf402323dc0b931e077ea7dbb04fb5efc5de6ce83835f49e07,7101,0,6715,6715,0,0,757,0,0
251637::055.swc,36d5d735b78858fbc83b0a1def29864350f8b03969427e903c84754e12dc75f1,4235,0,4033,4033,0,0,393,0,0
251637::056.swc,5a003b1005215a27a951708993eb1dbf0e509544b422879515a50225f091a674,5221,0,4924,4924,0,0,594,0,0
251637::057.swc,8d855bdaa9346cfed19c21d0c6e35de739f2c553d3da0a1b867de372a83189b9,12678,0,12006,12006,0,0,1341,0,0
251637::058.swc,822ee9650a7897c3e46b410666ddc0bd707c934847da90f3dfc8204cce1dc70e,6549,0,6247,6247,0,0,595,0,0
251637::059.swc,327c867610d811267ebdd147de589febdc616fed19430e011881f099976f0286,1518,0,1446,1446,0,0,145,0,0
251637::060.swc,08cbef5bff3d003169fbeb8120238c96dfbab18f4b76ce459824284748aa9771,19037,0,18183,18183,0,0,1670,0,0
251637::061.swc,256d398bab384de21f4c6b0553e6e634bf91b01fb824acec495f6392388fb12a,46638,0,44316,44316,0,0,4625,0,0
251637::062.swc,ec43e9958eec306f4c9cdf5544bfe96b3b1df482fc5bba8fb421ea4d1ca6dec9,4069,0,3853,3853,0,0,429,0,0
251637::063.swc,6946eed12fff664299e97a3e3801570c36a1d958ecbe30d1d5ffee3cd95380f5,814,0,760,760,0,0,113,0,0
251637::064.swc,36f892b126dce6d5175938345fa06434b961fa6dfacb1536bf862f40828adff9,0,0,0,0,0,0,0,0,0
251637::065.swc,644e16aac7ca4b6dcb013e344986ab9f14e7e89d0147e3c495f14d5fb3ce0d67,1041,0,994,994,0,0,94,0,0
251637::066.swc,f4888816a34b76f1668aa20f4a861099d6948d2492fecfbcb9ec744b96a40266,9939,0,9395,9395,0,0,1083,0,0
251637::067.swc,b4cf5127e7e85a00b109c40225da47b6ed790673d603a2586f9eab8ac25eac17,20153,0,19210,19210,0,0,1867,0,0
251637::068.swc,b484a5d39eff84ae1a99512448bf9ec355a04c7e39959ffdbacf85555ac9a515,3914,0,3690,3690,0,0,440,0,0
251637::069.swc,386d81cf66f032d294310c5c996c3ea02cf40fc725e404304b19afc066fe0473,0,0,0,0,0,0,0,0,0
251637::070.swc,dbdb5109cb5f9b7301576e55bd786c97a9939843ecce2d8fc4af959865d7c712,1892,0,1801,1801,0,0,181,0,0
251637::071.swc,fd64181a872798d7ff7cd413a8c900acfa87f8fcdcde6f86748266f2bac24c4a,0,0,0,0,0,0,0,0,0
251637::072.swc,779d8a603e79564ec159fdaf80ce9884cb27d1a27dd8318f392f5240a2246795,68529,0,64763,64763,0,0,7489,0,0
251637::073.swc,5610d59b3ff831dcb68aa59721d70c3a19809df3fa54dc575b2caaa3e0e7b5c8,0,0,0,0,0,0,0,0,0
251637::074.swc,37f883b7ff1d5f86702f559fcd516c049055f67515c6938ff22da51b8378e92a,4694,0,4442,4442,0,0,496,0,0
251637::075.swc,09c601187d0be53b8cbf6539d91cbe1952abb3ff3300478cd5d6cfa3f238844f,1481,0,1417,1417,0,0,127,0,0
251637::076.swc,4d445bda0f450d45cdd10dacd3a8467f2e588c13e8afc162475f74ee23e8175d,6754,0,6452,6452,0,0,601,0,0
251637::077.swc,12448f623a38b91bd732982d982bb102898ea1daf8124662e3d6eaddb66d414f,0,0,0,0,0,0,0,0,0
251637::078.swc,addbdcc594ff664485a8955afd016f3058c7e50244a8ccbb920278914e1d6200,4628,0,4390,4390,0,0,472,0,0
251637::079.swc,f3d136979f2c1933ebc4498d73e822262f5c2e009f85b0f4e2b79dd2fae54024,0,0,0,0,0,0,0,0,0
251637::080.swc,dac06ecbdfb4f6b2fe981579fb7780240e43bbbe00bf92054067054d18498f4f,1276,0,1213,1213,0,0,125,0,0
251637::081.swc,badce1d4db5458377bdc588204318ab60dc832eec5041fad2cb28b3556900ca4,2237,0,2126,2126,0,0,221,0,0
251637::082.swc,21478d75a24f909b9bb5ead3ded5777ea81fdcb09a40acc30b98c3eea820188d,24417,0,23132,23132,0,0,2549,0,0
251637::083.swc,3d833878b2248ba20591227056d225013bf596e512874aadf53faa8365530428,8970,0,8458,8458,0,0,1015,0,0
251637::084.swc,91abb3e9b8585d03308b2aa4af5dc47d897bec70114cc7b82ed08499e4ff0caa,9020,0,8604,8604,0,0,827,0,0
251637::085.swc,e95208f3efaac9301ef9638c07990c3d4aecfc77b9dd8f0d58da65c457d7b038,43331,0,41152,41152,0,0,4298,0,0
251637::086.swc,be6492969530f99d611d745d92acf532796b2f15bfa36941bcbcc08f7187191a,138,0,132,132,0,0,12,0,0
251637::087.swc,2744e70b0455555f710ed8605f0cdfa3f14c6a7a31508df534270a878578bd1e,8841,0,8400,8400,0,0,884,0,0
251637::088.swc,1dfcf63aa18b2e7e9c221f9d86551361c392fde734f6c7888d29549eaa006683,147,0,141,141,0,0,12,0,0
251637::089.swc,b5909c64205758c49061f29f105f9b7263177704e74bf4d6ee3c7a1a14eb78a9,0,0,0,0,0,0,0,0,0
251637::090.swc,fde99a12c421d42c66f4d71e4fe6791f841531c1f7ff43dd630c6f814b260c55,1703,0,1599,1599,0,0,204,0,0
251637::091.swc,0eb540adc5ef408a7074b13c541f77fc745da62d4c0fb990cefb1356b12b29ba,31367,0,29570,29570,0,0,3582,0,0
251637::092.swc,fd9d18c5cdf37f0e6298505b86c42299beda2ec768d0518e688df14c067bd203,7694,0,7288,7288,0,0,799,0,0
251637::093.swc,ecc98657045b3761eeb0ba0cbc78c3ebacaf7774d1be57446e403231ba36e8aa,3274,0,3117,3117,0,0,313,0,0
251637::094.swc,2939388288c95122bc66ab4eacc54fccf1c160d6b76542a8f7169c7d9f29b889,5732,0,5489,5489,0,0,482,0,0
251637::095.swc,630e023c255adee8cda0217d9ffb634879c2f6b40f11da6e4cd14bb9eebe23c2,160,0,150,150,0,0,20,0,0
251637::096.swc,86d84337dd1a3b974eff178cf5111f9b3120a1aa26c1227a745e6cc5d3c50059,27870,0,26380,26380,0,0,2955,0,0
251637::097.swc,e8f48348841c9064be6a5a0d6b6dac9d11c004ad8ab34332eae5cd70e79c1c55,57899,0,54654,54654,0,0,6429,0,0
251637::098.swc,a8379915267ded3f9d0390a8cdfbe5f5726cb7a530cfaf73b6562db98bbff27c,63912,0,59958,59958,0,0,7903,0,0
251637::099.swc,52fb0466759d5f62b3cacd2fb7ee9d03e1eb187395097da34ad67b251cef5291,3242,0,3054,3054,0,0,372,0,0
251637::100.swc,cacf622df2503442b1d07c7e74d55815d72aeac3348cef42bf1903a6675d9bab,5651,0,5410,5410,0,0,479,0,0
251637::101.swc,b2bab6e8071ef5ae23f078b9829a885047db119fb23ee9abe5e0edd84e3c949d,373,0,355,355,0,0,36,0,0
251637::102.swc,eb39e0555c0faa65580b513af80383da945096d81b969894ccc31739361af9e4,0,0,0,0,0,0,0,0,0
251637::103.swc,bfb98fa71736dd578b95c10d7a4b20d52899191f1b31cfac8bee24b1eac7fef7,32608,0,30926,30926,0,0,3314,0,0
251637::104.swc,bfa50029a62330ed9dcebb191f51ef77ff3c9fe2947173c1d59239e14fcd419f,94111,0,89065,89065,0,0,10014,0,0
251637::105.swc,6f73df0ea2c81fd251352a5b54d43c137921dac62c1639911f5c52d1cf15257f,17865,0,16859,16859,0,0,1995,0,0
251637::106.swc,1c2290894fcda7990a7b3b6a9ff2fb463d2588a4340cd680ee703e99237dbf42,14352,0,13572,13572,0,0,1553,0,0
251637::107.swc,feee3bd9df08a09ec3578afa87b35ccc567b656d16e01abc12d70c6090d9f93f,2821,0,2666,2666,0,0,305,0,0
251637::108.swc,898b5aa25393bbd43eccf29c21d4f3d741d0f6a2f09d88c5b533a836af731e94,8729,0,8191,8191,0,0,1067,0,0
251637::109.swc,e03f574f121d7c2e028ba36a7a9372f18806e89b7181e33cb1bfd65ca4bad6a0,25747,0,24386,24386,0,0,2708,0,0
251637::110.swc,fd9c61f1e1358a98e821be71366be042a8701ed966d6ea8a60a330de7d59284f,550,0,530,530,0,0,39,0,0
251637::111.swc,e01f9ae09fade469708a9ed5f113cd21f4d9c17f392799f1353f5f0b5952c5d3,14072,0,13364,13364,0,0,1413,0,0
251637::112.swc,418ff7b32448e71023321672218339b5a6dc37dfc1442f559ecf611362fc9bac,5825,0,5563,5563,0,0,515,0,0
251637::113.swc,8b4b725e5888a9125eeb72c3e4f8bdc1fa9f0d739590ed1e9762428f4be2a969,0,0,0,0,0,0,0,0,0
251637::114.swc,7beb8f314de649c6d310d7ec042b039ceeca197f456fe6f6384cac16856e2213,10684,0,10100,10100,0,0,1152,0,0
251637::115.swc,3861a0a0381a10d8059a46362798aff0798eccac1cce11d82f728604911503f2,7097,0,6613,6613,0,0,972,0,0
251637::116.swc,db24737ab012e72740218a00e298acbd571609e8612eba7c100ab7060abf330a,9909,0,9348,9348,0,0,1108,0,0
251637::117.swc,11951c5c43e94c99aaf019b173bacf138e89e79d203c896500ad9f9d7959d5ba,30500,0,28692,28692,0,0,3597,0,0
251637::118.swc,0714094fe6f8a4b8c57a2bce2fe6460fd85c609b521a38876b43892f5b912841,11775,0,11069,11069,0,0,1402,0,0
251637::119.swc,9f3bba8be6575444f5e818007e034701906e2c9cfaab791cb5c71b04c314a2af,5554,0,5269,5269,0,0,565,0,0
251637::120.swc,338bcc5f1641798455353744093e3cd728ee33253a556b006225f9510f418382,279,0,267,267,0,0,24,0,0
251637::121.swc,58a3061f984aa51166fe18a99b764cefac770726f02b4ae5b2fe44d4522ec10b,693,0,658,658,0,0,69,0,0
251637::122.swc,b4a9f6b6a719afa7c6bda172db4418a561eaa63056099c281e3cf9d4d29a6ec8,29043,0,26997,26997,0,0,4077,0,0
251637::123.swc,c1db3425c99333c54aabdb23c696e6a0b92d05a44fa355979daeb7a96da99fe5,29477,0,28008,28008,0,0,2897,0,0
251637::124.swc,096c74325222baaffb18b55857eb04a58a67df028e203420947aa895ed5a90bb,40837,0,38625,38625,0,0,4389,0,0
251637::125.swc,5a22786af62aa31397d89728ffc7ea05967eb6c7e064134c28bd609ec6c7eb99,24959,0,23632,23632,0,0,2604,0,0
251637::126.swc,e0a051609257126e0fd9c2881351722b43f80f4acbd545bfdb0d59aabb1c2d42,24145,0,22849,22849,0,0,2562,0,0
251637::127.swc,0448728ee7bf360093267c62515bc93be30fc45a4ff2aca189d97b03036e2e3b,7479,0,7091,7091,0,0,769,0,0
251637::128.swc,fde855b4b559df80539493872e48b5f3820813aca20f93f49ef0bc44a3c8cebd,26564,0,25161,25161,0,0,2760,0,0
251637::129.swc,b27ace13139665b1a6f4b661fab414d51ffca6052144ab94760b0294b156ad84,6141,0,5807,5807,0,0,653,0,0
251637::130.swc,59988b8ddaaa01e015173df4c22b0be7db2114d6c397eb0f46a30cb903cb8791,703,0,667,667,0,0,73,0,0
251637::131.swc,dc6ec2616515e2e9412f51fe262f15bd0e9080296634df44f3c6d057170bf959,37030,0,35119,35119,0,0,3762,0,0
251637::132.swc,af71ed87984208758139ef399d323fa6d07847149a9af47fa507a33b1136db96,0,0,0,0,0,0,0,0,0
251637::133.swc,e2f781fbd44f351bc830d5b76d9d4d69ea79e7681c74d3575bd223bd22213077,7684,0,7340,7340,0,0,675,0,0
251637::134.swc,227b1a31939cac36a0b76ece999a36d894a3b464968660509e031ec99be518cc,15064,0,14199,14199,0,0,1708,0,0
251637::135.swc,5e4dfd6d6c1a39d87fc4d70b5ae82cc880d77dfa6439b1a8b44015f5f9c350a1,22209,0,21034,21034,0,0,2303,0,0
251637::136.swc,da754ec485003e395b90e237c33d99131936212113282d01ab3cf52a6d595f36,4722,0,4433,4433,0,0,576,0,0
251637::137.swc,a2f67d16535dc64c92b1ab45e8acc6ca3636d4d6cbb6441396f61dc0d0221c9f,0,0,0,0,0,0,0,0,0
251637::138.swc,971032e70ca559259cb36690e2f1a185abba776a74ace7cb5c7c4ff32069beb4,569,0,543,543,0,0,49,0,0
251637::139.swc,9b762e548665343da7eca7c0a2ef92393b422326975aa6a3e17557afdbac86d2,9858,0,9394,9394,0,0,910,0,0
251637::140.swc,6c2053d4e750ffe536bcfd83475ff64b686b43b6bec3ce724fd6c1dc149fe2db,3877,0,3701,3701,0,0,345,0,0
251637::141.swc,56d6210ddc8dbc8b27661cc68f9308a9007f1726573ea47eaf36908a89963f01,24280,0,22914,22914,0,0,2733,0,0
251637::142.swc,ba04fb50c4e5cf6cf50757a45b864058f59c1d31c3202c172aa67238e8b5144d,0,0,0,0,0,0,0,0,0
251637::143.swc,6bc52fb367190965f4dde07b71fed358ed64f8c6f4485b68ac42f8eb7d606274,36370,0,34428,34428,0,0,3837,0,0
251637::144.swc,d16318da9c7314a22b72c0d084acd908ef294be424c8b83c869ea127de64028f,8306,0,7823,7823,0,0,961,0,0
251637::145.swc,3c490dbbfd11550fc792c87de1b8ea6d74874638617f4a5a88a8ad2ec8d5545c,0,0,0,0,0,0,0,0,0
251637::146.swc,8da00b36990a15cbaebf42b2af7e3b4943a20b2481d66a148313b56f84965433,3260,0,3102,3102,0,0,310,0,0
251637::147.swc,a3e87472d79e3a5c97cc08d6093b87e45059ff708c4a48c4456286646a17cd41,715,0,671,671,0,0,89,0,0
251637::148.swc,84c6aa0716c1f0d803d1572aa69b6dcd1a13e59acbbfa97efbd501248567b0b6,8940,0,8545,8545,0,0,779,0,0
251637::149.swc,374519e645e620cab8f33d3b5d43a52cbf36bb65d1717e4e3c604b442352dbbf,4639,0,4377,4377,0,0,518,0,0
251637::150.swc,c0910a7eafc5f7c23cee93a99f447feb9d01114aa984610612e96c16969d1833,1084,0,1031,1031,0,0,106,0,0
251637::151.swc,f12aab6b3bf4afe4ec6561678c89b33a9840de2705ac62593b049899663f2aa1,9645,0,9222,9222,0,0,832,0,0
251637::152.swc,9e4c8cc057190510aad0262b924d26d8c4a48928eaf0fb481941d9b30baf57b0,2377,0,2242,2242,0,0,269,0,0
251637::153.swc,feb56c3c73babe5e5d45747ab0382cf39547671f49e31789fda113b40a9714e9,964,0,909,909,0,0,110,0,0
251637::154.swc,1a5ecca713e6cae6f983a6b7fb579a940cac874f09dc50ad2cb1a7019099973f,5452,0,5142,5142,0,0,620,0,0
251637::155.swc,1fc4b17c1b6cd87e179e3cdbff50c67d01f8d7d64e22df1d290e00f8d8316dea,0,0,0,0,0,0,0,0,0
251637::156.swc,db39be1c61da74e22797c2cc2ddeafee9d62b37e8e4b2c49a6238acf3cc30873,0,0,0,0,0,0,0,0,0
251637::157.swc,d22e9775235212a771a49a755f075a0ea43c629c355d512a3c71ab43665d27ca,15741,0,14406,14406,0,0,1849,0,0
251637::158.swc,4b6d551e93f13684bf11aedc607eeb9ef1e9076762bdfb0d65c06098a6922c86,0,0,0,0,0,0,0,0,0
251637::392.swc,58126582e9ff21fac2143e9538bb375d64d0a5af723d3c5c3b46913c01f0f0bf,18198,0,17132,17132,0,0,2091,0,0
251637::393.swc,b6ea6ab377bb3c377c0a60e731c5635eb7335ad52733c379c2c6e74192149aa1,18842,0,17758,17758,0,0,2145,0,0
251637::394.swc,74bcbf554d45d22b18959e7e9782648164094ab85cebad84504eee5af3b4c8ad,633,0,599,599,0,0,67,0,0
251637::395.swc,ce2fdf1d86b85ff90f8ff7d304f4ad2b3c883ed24fd172adf8d6f8bd2994e76d,3911,0,3737,3737,0,0,334,0,0
251637::396.swc,e22ff29e2d3087b1baeed54aa7529e965658f487b2cabe4961b106290fbb5c6c,13349,0,12553,12553,0,0,1572,0,0
251637::397.swc,92f2f5717a513775a6fffcc10459b5e537cdeb43bb38a378b8fd11ae64864e46,180,0,174,174,0,0,12,0,0
251637::398.swc,d0d64bae6bafe34e90181b8331cc707554487d401c0666457a011ff91c4db16e,10206,0,9628,9628,0,0,1130,0,0
251637::399.swc,5aa4a3265e4b9fb2157fa99472886a96af9067ceac6f8cb48448e117596431fb,55639,0,52388,52388,0,0,6431,0,0
251637::400.swc,12cd2dafecd52e062083665c3f36c562b02f37b529fad468644e7e9484002d50,56496,0,53130,53130,0,0,6679,0,0
251637::401.swc,252b66573ab3176820e314c26110018975a686f023c9ec949e428b340db2b3ea,9539,0,8914,8914,0,0,1236,0,0
251637::402.swc,cf63ef8973223947cac7fcec4eae4ced7a2d04369d3c6e92e4e7fa25488c86a8,15742,0,14766,14766,0,0,1916,0,0
251637::403.swc,ba0cc1025db428f184992d5ded0a3c27f726dbbdf15a21527b7287d7cee27f38,48678,0,45613,45613,0,0,6107,0,0
251637::404.swc,28822f98a0a4252634853032bbf0005ac2e547dae120994680f2f3a987e97f7b,1456,0,1388,1388,0,0,132,0,0
251637::405.swc,04754bd38e4f7365c30272506f2d3bf3ebba0571e4149f1cffa94f7d3a66a2b3,24661,0,23311,23311,0,0,2677,0,0
251637::406.swc,62b88ef08546d54afa1be34a273e1f44f5bf4907a1084dd44e39bbc4e1b0b328,6949,0,6614,6614,0,0,656,0,0
251637::407.swc,9722af737c73716c87bdfe45b04fb76adcb868ac49194c94576073bd1d7dca46,2353,0,2211,2211,0,0,278,0,0
251637::408.swc,82c9864c9b29b6a5a5bf9b276c0b59ea8f3ed4c88ad865efc00f55d171cad614,0,0,0,0,0,0,0,0,0
251637::409.swc,5cfe03f9b1e5ea6ee033e96cb6468de508d2ae32eec248a93a9d7dde505ed057,5213,0,4917,4917,0,0,579,0,0
251637::410.swc,9e5c2baf43dcf4f4c9d6f816b330d7ed4862042f8fcb25f554de54b7e0492a84,792,0,751,751,0,0,80,0,0
251637::411.swc,8e5ab5ab920302fd8994f210c3b2d8a597dc87b1044ba1f298725e921104ec91,2648,0,2492,2492,0,0,312,0,0
251637::412.swc,b4a155eea79da2c22d3b7963379ccab7d6edf8f88fa0651dbf7d8db17b14af84,1115,0,1053,1053,0,0,124,0,0
251637::413.swc,6e4f290c219fe63b5cf53650beb61dc246bb3c151a5e69631ce7da0dd75ba18d,726,0,694,694,0,0,63,0,0
251637::414.swc,5f02015055ced714dd7fffe0c00abea4acded7cd269eccb983f787542affa18f,29672,0,27897,27897,0,0,3493,0,0
251637::415.swc,9d5a1ab90a9478372e038ae2fa680e48ef580f5903237f025aa4d9d34f0d7e47,67591,0,63778,63778,0,0,7527,0,0
251637::416.swc,60e197bbe188b8535f87cc1c906d866c2570cf0f5998511f474957c52c8b9090,7838,0,7490,7490,0,0,678,0,0
251637::417.swc,4c7c5d403bc96747ccbf4b6575edfeb2219d22e4cb8b826244afc677747b7798,26354,0,24976,24976,0,0,2727,0,0
251637::418.swc,cbed072cd555dcecec573315cf1e811b13892d9ed381ebc3a76691f3d12117b6,10211,0,9617,9617,0,0,1178,0,0
251637::419.swc,e37d175277d724ae2fa38ac1f0a994d052f20c7bd75b092e59fe04bdc6f6308f,9230,0,8737,8737,0,0,973,0,0
251637::420.swc,7897f046fda72877ccfa7d3ceb1ba3c1dc09a78d1fee1f1b96de304cc18de156,4150,0,3957,3957,0,0,377,0,0
251637::421.swc,dbac7416cc8e39ea2b6341833777a0123dd2a3b3072a0bab7ab5006b00f45d25,4559,0,4298,4298,0,0,515,0,0
251637::422.swc,c84dfae7549b6b27947938e5fb2b9b1060f611ef58159994826970697ba2d4db,28902,0,27397,27397,0,0,2973,0,0
251637::423.swc,48cd2c99b43618cfa8443f5a5b990e1997dff78083f932e767f7783ebb1e09af,12790,0,12072,12072,0,0,1418,0,0
251637::424.swc,de7b0e969ee952a8c8aa19c5cab1102ae28403029a50fdfb0cfcb73e583c2d4f,12404,0,11734,11734,0,0,1319,0,0
251637::425.swc,e16159d6039300aca480790278a17f3209ae482269ea701f49168ad83070a03e,5991,0,5678,5678,0,0,617,0,0
251637::426.swc,09e6dfb9c57b25132e5b015f779501c62c5f106bb5a75b1c6d0c539e11647ddd,1062,0,1002,1002,0,0,113,0,0
251637::427.swc,afa2a70ca86cb2a943d61ba60563a3a47c1ff2f783a80f05527532cfa8694f33,0,0,0,0,0,0,0,0,0
251637::428.swc,1f2fb6df61e3037af77c509b72d4c494c935d5186e668cbba7122ff7e03fec78,7623,0,7278,7278,0,0,679,0,0
251637::429.swc,919984501717a30a3fcc3d0f67df980ead60e11238a85cc6dfe1ce10f86d0c09,0,0,0,0,0,0,0,0,0
251637::430.swc,19e9429dda2957ce49ab0baeef0430c37fa1fd48169df66b203f992eace832d6,29964,0,28100,28100,0,0,3702,0,0
251637::431.swc,cf6a2ebc3b128d0ba1da81d284072dcca74fd5b14da81ef7869f0eb57cd01916,23594,0,22366,22366,0,0,2413,0,0
251637::432.swc,777bfbb8c3eccdfeaa1dcb2e9bb0b4efee13f2673335b49266cac07ae2bfd7f4,11647,0,11040,11040,0,0,1194,0,0
251637::433.swc,3244359265788721003304c531ae34b99b30b874e2ba869cdd0a779c16ef4095,30664,0,29071,29071,0,0,3139,0,0
251637::434.swc,bebcc6cd4c6758aad96c2fd03dbdb2ab17d5052ad1f3e1f4171120e39dfe4754,9598,0,9048,9048,0,0,1086,0,0
251637::435.swc,f0287723835c174a918896231707ba34203a4bb83015ff3c0c25cd3bd1304a2b,0,0,0,0,0,0,0,0,0
251637::436.swc,91199b2a3af3f8f52db15c698b9d0a0a66d689101705c857a2c0b462877dfd4f,52484,0,49440,49440,0,0,6019,0,0
251637::437.swc,d4e769c848b6241b49fb9d574a0c2ff26602475b47f1e7b953b9da20301331ac,107254,0,101359,101359,0,0,11652,0,0
251637::438.swc,79d48ef516eaddc67099a57df4b1ed4bf983bb935e3cd0ddedee14e6716390e0,5952,0,5587,5587,0,0,719,0,0
251637::439.swc,c78e86ebee9255e92633b032f093cb5268d505d27acb6673de605e77b61e6587,11862,0,11113,11113,0,0,1480,0,0
251637::440.swc,8b1199450f2ba9924f24249f190bb7dce7bab5328a852e5b430992f06ef203bb,19549,0,18365,18365,0,0,2324,0,0
251637::441.swc,ee3756ad8e1b5e2b982933879819c5e5585205760b056fd9e5bcdd99afde6e41,4398,0,4156,4156,0,0,479,0,0
251637::442.swc,75f9e84ee2327ed67982b82d4ecb6652e0474c5d39e87c83e5a234928fff4c9a,53549,0,50332,50332,0,0,6354,0,0
251637::443.swc,8db26cd1f6a08e511454df02f82c70208bc2dc8f989c4744753e08a811ddb1a5,22948,0,21639,21639,0,0,2568,0,0
251637::444.swc,2cbdd74c64db01b71b12c3b1446facaa227986818d4b85a5cc487c1140d0b577,5166,0,4930,4930,0,0,468,0,0
251637::445.swc,c346b3046ef0a33b16a239892683eed780057137d3857e993af75e8e312113f2,11147,0,10518,10518,0,0,1224,0,0
251637::446.swc,f2baa0921f5a3f1743c72ce2721631c2b8be7a63abaa8a23f0439490091acdf9,10721,0,10144,10144,0,0,1139,0,0
251637::447.swc,b736e1922d6729fc8254b97946bb87817b9c7a14c6efd5dbb65476c162674cba,11340,0,10704,10704,0,0,1238,0,0
251637::448.swc,0e85f1ed4a0b6aeeb7a69d9d087f9244d14a1a3183960d056ee07be483b872d1,6024,0,5623,5623,0,0,792,0,0
251637::449.swc,0f79e93063e530ce1863d6d91add19c0e7f3e54aebf5caf6564e7525fc33eba2,0,0,0,0,0,0,0,0,0
251637::450.swc,d6e978b349fcf722e4dd00bb8626285d03522af0c0523dc5d743acf1ee9745b9,3627,0,3445,3445,0,0,359,0,0
251637::451.swc,714aa681f9e3d2220b7e0ffc8effde5e19f03ec046888b9503d5b2d282611925,0,0,0,0,0,0,0,0,0
251637::452.swc,d8536de29f30ec2ab6ffcd08fbcf51368024bd0ee1f643a518a4bc6806acc74e,26392,0,25098,25098,0,0,2556,0,0
251637::453.swc,7ee2c4f0cfd7833e0eee9c50496be557bd7d2bdb7ee66c58de78a3a14a76557a,3112,0,2958,2958,0,0,299,0,0
251637::454.swc,5aa0f34f79b710dc8fcef9f0e5d4b9b44d956a65ab60bd6b7eabf87c14a491cf,10066,0,9504,9504,0,0,1115,0,0
251637::455.swc,d4aa2afb918c0aeb685b2a14e2f332f76417b357893c6f640e0752a4a477830b,0,0,0,0,0,0,0,0,0
251637::456.swc,9aec270b6ef8639a814d665d625191eb3e8a66ad16abb1acb7d4e58729acf96f,3982,0,3785,3785,0,0,388,0,0
251637::457.swc,0ce544555d1439b1857fe23099a1767787e69144b372ef345200ccb65a4d5d04,22437,0,21161,21161,0,0,2512,0,0
251637::458.swc,7cb10580fc2520638ef615a0dcb35ae1c58aa398052abd7226f5d09ecbb832ba,0,0,0,0,0,0,0,0,0
251637::459.swc,25d32a1384a4efa006e5724a8c7b5f62cd96b107e9a14a3a04a0638f85cbf7a3,5455,0,5196,5196,0,0,507,0,0
251637::460.swc,b741339ff2306ea9ef6b6d19ac45d48668ad8e127fdb800a4405d7dda1ac46e4,1832,0,1715,1715,0,0,230,0,0
251637::461.swc,c684851a8bf902f703a537f06bdf9a6c154c8bdc049204f7c18ea005487ff3b9,6176,0,5859,5859,0,0,621,0,0
251637::462.swc,5db7b471e72e07b67262c35dbb36dced80aab49e1f8b4f2c3c2b3292e1bd0ecc,0,0,0,0,0,0,0,0,0
251637::463.swc,33daf41ece424f714cb89d002eba4a70e575e4ded80e6eeeab58e3b2046e0ab9,4947,0,4683,4683,0,0,527,0,0
251637::464.swc,0b8f09f656aff3f0a9bf6fbf1dbd2532c0b1cc19872da8630015a8ad13766123,1315,0,1247,1247,0,0,134,0,0
251637::465.swc,c68bfd0d5040154d32b4c5f321d72cf623fde8ad4171064fefa7c066108ae778,7214,0,6843,6843,0,0,735,0,0
251637::466.swc,1813d6ccc069aef8c44786218e57e2c532377972f6d2b6fbba8ae292166ca6db,1111,0,1049,1049,0,0,121,0,0
251637::467.swc,b7af56f683bb155882f12360e7b56ea85228195a1e5547956afcc76703254b7a,2295,0,2159,2159,0,0,267,0,0
251637::468.swc,50c00abb9e05a50fdf4e76b02dcf2f7c37498da5e908fef39153d7c252433f9b,1351,0,1289,1289,0,0,118,0,0
251637::469.swc,dba435e8b33ef6349c00e8dcb47f37135e3c8fb250324f457d5bd2810def5b0c,5143,0,4885,4885,0,0,505,0,0
251637::470.swc,9e79e17b71024d918f8fd7aa257f1c33b41549653da18ace24d858028d6ac6fa,0,0,0,0,0,0,0,0,0
251637::471.swc,02550c4a49a94ebc07879a1cdc9d2214bf629e74726d1355499f880fa8e43988,1672,0,1590,1590,0,0,153,0,0
251637::472.swc,b254567906171b36b943f9180a046c6bb6093cf04f54bfa69f8d627fdf10a8dd,54679,0,51880,51880,0,0,5508,0,0
251637::473.swc,6b9cb114260adbd1e8540f3e8e74ac36b5ff37ae4dfd92bd757767d6009f25f3,7658,0,7103,7103,0,0,1111,0,0
251637::474.swc,b518cbe406025405a24d681332ca7c8fa1fb4673b0a80e358e7b3a3a1ce5e8b6,32632,0,31044,31044,0,0,3109,0,0
251637::475.swc,8aac653a07f20dfa57a2a0e3ce6b078fd7ed3bf7347dd24b24f2f9d655cdcbbc,83132,0,78731,78731,0,0,8704,0,0
251637::476.swc,731a17f54d16a108acf3794cfad5c7ea595c28f9c9c95ef6cdd228d703d11fd7,52532,0,49826,49826,0,0,5329,0,0
251637::477.swc,e89495f420bd301a01e567716fa11d48defc773bb2ab6ced6bede3205f346f45,26316,0,25075,25075,0,0,2448,0,0
251637::478.swc,9d7a75b0eace6f0c6eb1965c4a86168f98b735b281d1e4a319b9e4d44461ac51,62767,0,59620,59620,0,0,6157,0,0
251637::479.swc,90c378e26fb754b5b5515917fadf70797a81971d1c920b55a8d14b210870024a,9244,0,8817,8817,0,0,837,0,0
251637::480.swc,15a38b9578ffe527d729a717a64354fee9c723a32a6bfc6bfd4ae7cbba1a8aab,3829,0,3626,3626,0,0,393,0,0
251637::481.swc,8ca2f553f66ec0d3b558e5a79015e9666666984b9dfce636a3f190073245a8b8,27229,0,25715,25715,0,0,3014,0,0
251637::482.swc,73ea5ffae5ff22fc26d20014b24bc03f176866cab29dbe7354c4609bbc9b85c5,14955,0,14114,14114,0,0,1644,0,0
251637::483.swc,9a95051f165a7d4c686452e091208087be35cc2642376419afb673269841404e,14333,0,13509,13509,0,0,1645,0,0
251637::484.swc,8a06c2961645be4060bc8b2ad04bd34fdf2d57c4eb9f8bf840e1e36ed947cae4,2079,0,1981,1981,0,0,191,0,0
251637::485.swc,0208aed84855f40bbb65270a40c304fadbfa50df426e4c13974ca95cd47760b5,0,0,0,0,0,0,0,0,0
251637::486.swc,babc1937e1df0c13e31d136adc925fb593593b53a35b0077f650294fc89d5458,397,0,369,369,0,0,53,0,0
251637::487.swc,7a44bda442ada09cdbd95e33dcc9b5b902a96f1b1162958f9c9b46995e5aefed,0,0,0,0,0,0,0,0,0
251637::488.swc,d1897e8175ce9ba13bb982a5d1b1784082d64d591ebb88b174eaf61b5aab3e13,353,0,338,338,0,0,30,0,0
251637::489.swc,6a41bcf23f156734c437312cab33949da674fa242f9d1e11094ba4f4ca91f640,5817,0,5474,5474,0,0,682,0,0
251637::490.swc,fac757f7341fd2fb0083005bfe85d2228a09d886d202b6ea20d3aefc95450e2d,70679,0,66903,66903,0,0,7449,0,0
251637::491.swc,af170b02ef239bbc1f2bdb7449a8feee2c669ed1c127124545ac62b1c6b446da,10419,0,9839,9839,0,0,1150,0,0
251637::492.swc,1a84e275988e936889f32f3f0a2b0f402ec268ba69ca3d2745f628ec9c5f2ec7,11269,0,10750,10750,0,0,1014,0,0
251637::493.swc,165a075ca55af8bbc75d1e3bcf84679c1aa2bf96ba26025d35be84e48d6d8c02,22338,0,21234,21234,0,0,2164,0,0
251637::494.swc,9313ccbd186229866b6b1b061f6e1b3185447a76ad3b04b51e54a14cc78945e8,1229,0,1161,1161,0,0,136,0,0
252383::018.swc,79d9c3c4785619f8e002ced5a85c71b97e5178aba5205d865072b3a34a6a4dc5,8294,0,7698,7698,0,0,1199,0,0
252383::019.swc,3d4c1155f49f440fec978b77d6c10a88c4e69916beb6ec9b062b7641e8cec55e,3634,0,3457,3457,0,0,351,0,0
252383::091.swc,1a196d79545b76c9ef57fc9aff52c2d96bf44afd9016d1457eb420c0eff2519d,8682,0,8176,8176,0,0,1010,0,0
252383::122.swc,eb3f84a6c3df6b154b349442b8159da27e5d182a709821efc52e6a6e4a82b21f,3182,0,2985,2985,0,0,395,0,0
252383::125.swc,935f8c1399fc1e04efeab5b9f1d620b8721daa9d7a963a5107af555e2959869b,9230,0,8673,8673,0,0,1115,0,0
252383::130.swc,45b60b0c54e8061be721aa95da5a32cdcc3333985b5997202e21b6ee9b501eeb,3676,0,3379,3379,0,0,598,0,0
252384::047.swc,9d83804fb337e16eedf1761e4506fadc3491ad78b72d0b0b4bb6172dd46a0739,40758,0,38665,38665,0,0,4114,0,0
252384::048.swc,0951283c158a57f20a2ca4b5c2c15d2493ed4e23cd365e005f00c8e091f064d8,12605,0,11960,11960,0,0,1266,0,0
252384::049.swc,998e170068cf2df20d96b60653cf0ee7d2adab85b5735d4d079349575836a0f5,21760,0,20729,20729,0,0,2026,0,0
252384::050.swc,8228daf717b19186422134271e30b82051c1aa68fb92546766cc662d07925522,6336,0,5968,5968,0,0,722,0,0
252384::051.swc,1e0ad58346eb5d7b576493adb9c47ac8e6457e39080f7aacff8030570f570ff5,13007,0,12309,12309,0,0,1377,0,0
252384::052.swc,491c31d167f433345d200da2f3f1ddf08d5bb8822d5890a08c8fd7880fdf1949,2504,0,2377,2377,0,0,254,0,0
252384::053.swc,7bdcbb51e723cd878e00eb6c0ac58bb9da79235a508ddfcb5a3bc12b8ec1ae5a,8587,0,8123,8123,0,0,914,0,0
252384::055.swc,a150e1fbd7d5c447e9755f3c866891ee57e3751a9d34c630a941b0e46590410f,44783,0,42779,42779,0,0,3934,0,0
252384::071.swc,054ac750f24965d87b095b76b58fc37da72cea26fd0828235d558ba9ab0d7d03,29521,0,27908,27908,0,0,3210,0,0
252384::072.swc,7f1bcf14fe3aa62e5457ac58a8ebcc6c90b00fbf2cb4bf2965ea6f24be6d9e56,7449,0,7047,7047,0,0,797,0,0
252384::073.swc,2ea28392dd892f83ad943bb49cb32a61854ab6431e0f2794feb646155cc48ea5,2832,0,2690,2690,0,0,283,0,0
252384::074.swc,2146a16a06a9b64b526a03a87ff1c0ecc0ad38378bf206d8015c8c5ef712d088,68950,0,65272,65272,0,0,7295,0,0
252384::076.swc,73dc1b86b1693f7721ed939ccf3c11c7c6bee551c39bf37593cd96e0d4a4add0,84425,0,80318,80318,0,0,8189,0,0
252384::077.swc,c26310ab0e3c2d690dffcd1d4e93c1da6df85206695ed35cfc179576d2f8918b,3382,0,3210,3210,0,0,348,0,0
252384::078.swc,cf07c0c4fd9ed560780c795e7bc0f566d6ecb564661fd18b0279c2bfecc8a16f,87107,0,82736,82736,0,0,8703,0,0
252384::079.swc,566cd6a830caf00d5c2b9da4bf83d94d112810d119164df97b935ed4ae5216b0,1407,0,1345,1345,0,0,123,0,0
252384::081.swc,92cc8f3a2e9adf61a73dda370fa0620092ed837bca3672c24b0c57f10c696597,3792,0,3632,3632,0,0,318,0,0
252385::020.swc,b0e6ef48e64c491ac82aa6137f919df6936cf1f9978b724392cf6fd183cfa960,41764,0,39522,39522,0,0,4392,0,0
252385::023.swc,7977f8b018b7ad35caad66e29a8dcd946794c4c1054670c663fb97b82039c9a7,3938,0,3750,3750,0,0,374,0,0
252385::024.swc,99a37c9b864bf2db26026ceffd3cda2c7be1d92394b7891231159497acc2de28,12439,0,11752,11752,0,0,1353,0,0
252385::025.swc,cdc76c8b01e62cf83d22a3a3a3f96ad616ade91f0a63084e2c994c8cc9404eb3,9871,0,9379,9379,0,0,970,0,0
252385::026.swc,24f61650c2d5fbc5cb76033cc8884fea3c643b0216f9cae56ee9448d14d3eca2,63613,0,59897,59897,0,0,7413,0,0
252385::027.swc,dbdc57b98889d50d1afeee0edf82b8e822aa8fb5cb821a9a79ce3e982be0304f,60684,0,57335,57335,0,0,6650,0,0
252385::028.swc,72acd4840f1de2da986c6aa8b39e9e50b550f625fc14d84e70737b581431b9d7,19840,0,18793,18793,0,0,2065,0,0
252385::029.swc,7f9b4b1373b4adffff35a1e3bfac3dda70e59780def561df39ded2a62e414bb0,1041,0,982,982,0,0,117,0,0
252385::030.swc,e346f05105987c9bc70ae5b249fc93c145c00c7e6dda1bb7e6b89b85e01a14aa,253,0,239,239,0,0,28,0,0
252385::031.swc,ee01b679dd3e70270da6193203406ed9cf09bb967e94ce4ac4021fa3f9f43ae1,18533,0,17602,17602,0,0,1830,0,0
252385::032.swc,b5eade36758118da2bfd2f843c6c6c94ecaad2a669963cdc3353e0cb2be9996a,2225,0,2135,2135,0,0,177,0,0
252385::033.swc,116910dd537ebd4aca2b710740c2cc37152e2271c8fb81cde5dfe610debf6ba5,1849,0,1766,1766,0,0,164,0,0
252385::034.swc,76818d0c42fe4a8ccbf1f110e330bc7d9f1412faa2814deadccb77132a03959a,3254,0,3095,3095,0,0,312,0,0
252385::035.swc,1c8f4e37715bc45b176a32f8d4e5391c9387efc0635b3e420f6cfdfea908fb47,372,0,351,351,0,0,42,0,0
252385::036.swc,1f9cc7d031dee881ed9b43bbd02136c8e552191f7915926843d66c1636f6ca32,56196,0,53126,53126,0,0,6073,0,0
252385::037.swc,6b5b8a1f42f0d9bdee0af2a949768ade5a641021f11352abdcc2213cf34d9d1c,6830,0,6487,6487,0,0,675,0,0
252385::038.swc,85fe6feaa295f7357833c3fac5d1163cb3fe40a2f113dc570d311c9f12f2c9b0,65342,0,61679,61679,0,0,7211,0,0
252385::039.swc,6d4775fcf3fa98593b5f9f6294829126a26492c198d60e9a8afcd53e19bd4b6f,3365,0,3195,3195,0,0,332,0,0
252385::040.swc,173f001d416805a196ecea108f1c3dd62ffdc5bec0c29b78b9231e031f638917,14475,0,13715,13715,0,0,1494,0,0
252385::041.swc,43adcbd75bb97de8e88c4b576afd1da814d08c026dd74b23038829299dd7f2d6,2710,0,2573,2573,0,0,264,0,0
252385::042.swc,cdfaf53d54f8006c85ef69d4b0c75b7bc27b55d14210048c3dda8e6597102cfd,536,0,505,505,0,0,60,0,0
252385::043.swc,a0ebec99de8c09a7dc401ecaa18ab39ea1b8b84ba07823205e37cc4b18f7e976,1737,0,1630,1630,0,0,213,0,0
252385::044.swc,773d6ea3ac83a3a21a8ae3b3b120e7bd547b706e10369dc780fd114e8dbe5f18,3639,0,3470,3470,0,0,323,0,0
252385::045.swc,a9735ab07d8d23324f201eb18d2ba1b561625e3f8163c043395cfd578a0bc894,2476,0,2328,2328,0,0,281,0,0
252385::046.swc,c294e172e807809a91185968e48ebda5a55d19bbbba84595f395d2efdc1de0d5,72385,0,68563,68563,0,0,7572,0,0
252385::047.swc,8750924f31300495c7580b7093c1bb60f27432d193ab49752fd69910734412c6,29130,0,27728,27728,0,0,2746,0,0
252385::048.swc,593bdef3c6ec54fb30eda8c6ff89ad1f9fec1268afdfd5be20c2f418b92628e5,16907,0,16078,16078,0,0,1634,0,0
252385::049.swc,1d67a5edb678922a952886462dda9210f71d4d669b08c79b0fe901cae2cecf97,17055,0,16109,16109,0,0,1875,0,0
252385::050.swc,f535d95edb6b06bc49543c8e168f0fd6e32623d33bd5625352ada830c5c84a76,54131,0,51067,51067,0,0,6138,0,0
252385::051.swc,5212b93d2a47f38673b44963c5f148e44ffb315f842766664b4bdeecfc2560c3,11478,0,10909,10909,0,0,1140,0,0
252385::052.swc,2f3a73aff1170f69547d17595b047463b95298b213618a95383fde92c1e3a2f8,3979,0,3785,3785,0,0,381,0,0
252385::053.swc,c87641eb6693e1db5c67191a1a61562a04f0fcb472c460297b5a38f944db261e,8744,0,8279,8279,0,0,934,0,0
252385::054.swc,689849a6a6d003e57ae4db78c93a4f546f75fd539817861dbe77b5219279adc1,273,0,257,257,0,0,32,0,0
252385::055.swc,a0f88fe2e39fdb91dee862747fbbfe4d2732cb28d3b771435f88ca37e24983eb,10354,0,9845,9845,0,0,1008,0,0
252385::056.swc,f55e604d8b0ac38e81297782ae7a5163711fc01f1e13821155612bb5924caa9b,3619,0,3426,3426,0,0,389,0,0
252385::057.swc,2cf25e29012cf83de7797d18d80e50bbaa238d7953829fa1f3b9175dcc32dda8,784,0,737,737,0,0,94,0,0
252385::058.swc,89772cbe5a651263bf6cc208f6ba3d59dee1cf15eb86d025b1faa0b080179f21,107,0,103,103,0,0,7,0,0
252385::059.swc,eb4b4dc58d938d9740f9b3d96ae155ac0c1581e7650f79cfa855005a713807e9,195,0,181,181,0,0,27,0,0
252385::060.swc,ecdb53e0c05c3aec28712ea438ff4bffc994548319db9b16a5018296cc141b01,4011,0,3829,3829,0,0,362,0,0
252385::061.swc,b3ed24891964b3adc92cb526dc29b527eaaa18a5f13d88b70983fd767d6792f5,3596,0,3447,3447,0,0,297,0,0
252385::062.swc,c1328a48b9ce4444e73aacbddd0c0db90c65f12e89c42f3a9172867923327b7c,2156,0,2040,2040,0,0,232,0,0
252385::063.swc,07a35033d7559fcfc3792206ce51d952b6b300be8ca9d6d4ebea4003d1a2d4e5,23792,0,22473,22473,0,0,2620,0,0
252385::064.swc,5b9bb007f06c10ae6ef30ce53598c2f33a05a9037939a6218763ebf4fed3dea2,3214,0,3088,3088,0,0,253,0,0
252385::065.swc,bbbf74ac9196ff6c91370445c427fcc5fdc3ec7709b97c57b21eb5a2cc52a8f7,4331,0,4158,4158,0,0,347,0,0
252385::066.swc,d9e396c289df08a3bf3a3172eaf4d632eb3c3f33479364f6a1788cefed37227a,5606,0,5335,5335,0,0,540,0,0
252385::067.swc,58c779b50b791955aada96c1918f46db33e305b8c820567a68e5313e19ba1880,5680,0,5394,5394,0,0,572,0,0
252385::068.swc,4723be891e872773193a67dda05c81fb058a36adfc39efb70bb3a7c45ca6a8f8,13788,0,13089,13089,0,0,1403,0,0
252385::069.swc,c07637434680b89fff96ed281bf75b3b68cab8ecfee891e4d1bc41e90030eab1,1397,0,1327,1327,0,0,137,0,0
252385::070.swc,4a70bd1bedbb0f7b2f4db7613b19f2aed90ce3f6b0564b95ff519ce1deecfb39,1778,0,1683,1683,0,0,187,0,0
252385::071.swc,e18043a4829893b7f41ec317507132318a1b4a2f24b8a29ee19133fe7a97b704,3302,0,3137,3137,0,0,328,0,0
252385::072.swc,34701fa2935da73c6bda336ca1f3a9b9ba04145724e9d746eb1e62a61b00b535,685,0,656,656,0,0,58,0,0
252385::073.swc,32d2589c3f37ebdfb8c8a0ab4ecc0454cc07b1d1db2df1a36ef17e5945fe2338,5411,0,5137,5137,0,0,542,0,0
252385::074.swc,ea5962e465f7574ac9b580b3416af78af7484226952afb38588cd47dabc74f56,789,0,755,755,0,0,71,0,0
252527::048.swc,11e92d5f93fe6d498e3368633df9912078c7ce3da57be348c762eb54c5177023,879,0,827,827,0,0,102,0,0
252527::049.swc,061b6e7bbfcadd466ce7a4af50693ac5bf1a0e1f44538cb2969ba3fe813f2d2e,14391,0,13599,13599,0,0,1586,0,0
252527::050.swc,8028118b3113809e8228c8268d5e4429ebc56baa2ef7d05a40ece3d39eee1705,31166,0,29440,29440,0,0,3457,0,0
252527::051.swc,f8cb83b5cda9596cf72d3150344e2b4e5e20ecc7689c08eb7e0dec40264d42e5,16085,0,15204,15204,0,0,1733,0,0
252527::052.swc,45b6cfe6cad7df54fd0adacf59a9dd6ae33dd3b08d8be79170234e55720831b8,13083,0,12310,12310,0,0,1525,0,0
252527::053.swc,10c22b7809192f7eb4c1c76d5f7490db0743cce987222f53cc223ebe9175ea1b,21760,0,20765,20765,0,0,1990,0,0
252527::054.swc,a31a1844412e3b92cc1d9672c5de7afb79c7d6a2751a52d6e33d7ca5f87fc615,32225,0,30406,30406,0,0,3635,0,0
252527::055.swc,ce9ddee96f5511942f3df921ea650b6f956be6a772056b39b62c448988d019c6,18021,0,17056,17056,0,0,1920,0,0
252527::056.swc,4e987ae43dae37934df9f1d020c94f2565916d049e71d76181a78ff90122cdb0,11334,0,10701,10701,0,0,1263,0,0
252527::057.swc,594ef4476f2fbc7302c5a16d13f0bd60d6c73df94c5ce823786c1cfcfd503ea9,16374,0,15462,15462,0,0,1829,0,0
252527::058.swc,3f0caad5fd1d6a7e6d814796f17dfc1182c8dc7979fd1e9cab0eae577335b657,15802,0,14958,14958,0,0,1686,0,0
252527::059.swc,fd1cb54fc2a8d760f64869deff11a0cffccdacb679b25b0f2667a7a2d95a50a7,37873,0,35576,35576,0,0,4558,0,0
252527::060.swc,8ff93dcf3789a13c3a80dc755efe9c0e1bce9de044b6e3f98e295923ee951c10,8003,0,7545,7545,0,0,912,0,0
252527::088.swc,e8d08b51721a3ba813b18177df08a3fc315cba62013a20c6d97716879ff3d478,16980,0,16177,16177,0,0,1572,0,0
252527::089.swc,d203dbafc7e72cd554787f6f6cac01e2996d9cd314fb8cec51a1aa997a7b17e5,33138,0,31170,31170,0,0,3892,0,0
252527::090.swc,127fd48c88ffc41c70f4d7e6e3548fc803935333f5656b76de96c4296451382e,21851,0,20585,20585,0,0,2495,0,0
252527::091.swc,f7aa9acde1e2b801b91768b6407942c145507272a1ef2f13c9307f736f2f4473,16211,0,15379,15379,0,0,1626,0,0
252527::092.swc,5e0d89745fdf8591e26070a30ef0847655f95af6b90cefc3b4357e5c49379007,4927,0,4655,4655,0,0,540,0,0
252527::093.swc,c27420ea32d211bdcb205c8de5f402837132d7ca4d5bb76a4909a68a71fac80b,16197,0,15242,15242,0,0,1889,0,0
252527::094.swc,441049c0cad8647fb0fca3dbc8678926770c51b36a99a048afe154af6bd56769,301,0,293,293,0,0,16,0,0
252527::095.swc,ea8e3c376e79ac3763bcbca2339ecbc9a4dacd70ccf47ed1ba6cfc48d92ef038,2788,0,2612,2612,0,0,350,0,0
252527::096.swc,198c569c48a3053260b02c9837704ebba73cf1e3092299a518918cc804c33c67,17151,0,16143,16143,0,0,1990,0,0
252527::097.swc,5e644863a18f40c14f7e1e22f9fa965fdd356ce5ec3004eca2c66e084cb27a2d,3484,0,3310,3310,0,0,346,0,0
252527::098.swc,ad3111549cd048c9f5dae8141cf1a9d717ec11ac0b50b279d74a888373eabbe3,27627,0,25986,25986,0,0,3262,0,0
252527::099.swc,0912b4a861c6fb6f3421d18a9fa5bf4f2cd842c951700f766ca12bf184370b06,8481,0,8095,8095,0,0,753,0,0
252714::029.swc,39374bdd892a88b963a32f6b88677072a7340243ffd27f049cfc23e40d5cf8bd,43194,0,40503,40503,0,0,5384,0,0
252714::030.swc,3458d904e051a49ddf5d9c807f42a9cdd9ac0f33572b80d53310b52202234800,13738,0,12838,12838,0,0,1801,0,0
252714::031.swc,7a8fbd0de87b420fec2e1044feabbf53e920c73b078cc9a8f7d1987d587bfc9f,9599,0,8992,8992,0,0,1219,0,0
252714::032.swc,d13119eab0a0b8202ab93411cd6bca2842f3a241fb3bfc795d056030b4a0f6ec,67210,0,63322,63322,0,0,7741,0,0
252714::033.swc,c5df9464a95ab9fbe2407f7b4cf1b435963f8de796473050a0d4a15dfe337ffd,15754,0,14876,14876,0,0,1736,0,0
252714::034.swc,5e9e790d452eed268a4c94279dbfc6610edca17a118d15f8746f068b4782ec2c,42336,0,39682,39682,0,0,5294,0,0
252714::085.swc,4f217ab67fe1a5b16cced5945b74de2389bbafc08a7a1736723b58e71b32c6f5,75324,0,70307,70307,0,0,10032,0,0
252714::086.swc,fbddf7852020b61af61eff4ca438a4c2ffd20b3daf29dc62c76cc64bf37946fe,73452,0,68827,68827,0,0,9168,0,0
252714::087.swc,ab9f32eb1d3773e55d987e90396f8f420de4055bb6d5246cfbb95cf72851f4dc,59672,0,55833,55833,0,0,7641,0,0
252714::088.swc,a57434adc6fc75128b039bc2d6934e4770716eac2244cee220c543fa3ea0fed4,53625,0,50359,50359,0,0,6488,0,0
252714::089.swc,e8023165fde3c66e4332255e1c53db10de2096e17ac81f755847737d25210dc4,57400,0,53784,53784,0,0,7169,0,0
252714::090.swc,25946f77c96b07fcdffb4bcd20809238797035517774b952b39cd84099f71e0a,59917,0,55661,55661,0,0,8483,0,0
252714::091.swc,46ffb0dd41c2c8d28c43a9782bb7b33316432c5762c81f7448b291db6865274c,47461,0,44108,44108,0,0,6693,0,0
252714::092.swc,d1419f16cbcb32fcea5c69ce66d7b8d4f667c1b07e1ecb443c32a7833f3854f7,52617,0,49418,49418,0,0,6357,0,0
252714::099.swc,b78c16d78c5bfbe039c1847a068d54ee1602ff3f9ec74a9b474d31028229eb17,31314,0,29410,29410,0,0,3762,0,0
252714::136.swc,0a1635618a4de03e9c7ea5189bfe1ad964eb2b2c04735521fd65b8b558f1e227,4211,0,4014,4014,0,0,387,0,0
252718::076.swc,de9f05a4e06f70ae460cdda80335351797b05ecb9bdd64ee8c821ce411d70497,816,0,769,769,0,0,95,0,0
252718::077.swc,fdf56d5cf9d1ae631ecd62ea45704f9c47eb1de9e352855698ade2c3d0bc152c,4630,0,4367,4367,0,0,523,0,0
252718::089.swc,e7e20c8066929867d8939aeb3bb32b9e16ea5e233502333b2c5e160959151320,10686,0,10057,10057,0,0,1249,0,0
252718::090.swc,8bf5ccadf66645438788d05548a9042b6d2473e8056b00b1f029f9597d8b7ae7,6895,0,6472,6472,0,0,834,0,0
252718::120.swc,bc439a0ff516948d55a9705579c275c9bcecb90717d699a5b20e754561386c2d,1597,0,1493,1493,0,0,207,0,0
252718::138.swc,3600735b926ea28e347bd3c9f539d04f477fc1e11a60900cf519be1fc603e53f,6060,0,5671,5671,0,0,774,0,0
252718::139.swc,946d3cac0dbaa7dc3fbfb792c332330832319d63b0d5edf91a21bb8baf2ddd61,1197,0,1114,1114,0,0,167,0,0
252718::140.swc,c604a5b34dd6916aa73650cc1666d11ae4066155e4999cb0aa1e8ee164ddd6df,7393,0,6860,6860,0,0,1060,0,0
252718::141.swc,68c18b924268bf26672bd8105cd095f0998ed62c4139d1af7b4cd141eee43504,1891,0,1762,1762,0,0,254,0,0
252718::142.swc,d7f37133444ef7759f426fe5368e28d09f29c89fb70e6a41729d1791b7dfbea3,34610,0,32319,32319,0,0,4599,0,0
252718::144.swc,1e6089c1a4989f502468b36cb2fce3fa0f5db08c7e2dae0033f6d22576bdc712,910,0,845,845,0,0,128,0,0
252718::148.swc,965045d18e507580698b488426e328791f465387fe7a950437f7247d73096df7,533,0,493,493,0,0,79,0,0
252718::163.swc,68bcdccd9866478a646a3c7e71b46ec6b2d63c1be9649b6f3053d1c3e10c9dfb,138,0,125,125,0,0,27,0,0
252790::014.swc,560810caabe46f95b0c07edec686439de6b86e7ad7445dd17ccaa42dba55f51a,37229,0,34993,34993,0,0,4411,0,0
252790::015.swc,0ecd7988a106a8ddbe6398e8f8f771c0637a1bb9a7d0033b89a38b80dd43cafe,50111,0,47018,47018,0,0,6139,0,0
252790::016.swc,d79f63ba0f2a09d09c5fe71dd83c3cf4e9156b1e9f9fc692026c5f48511d241a,9254,0,8751,8751,0,0,994,0,0
252790::017.swc,68dbd4b98c7b54426251c2f6aed5da051509c862a303bbd85295cf2cbc10948b,29130,0,27427,27427,0,0,3399,0,0
252790::018.swc,2978e6743644aee4a4816a1eba3ccc355094381c98a4acba6b643d8277d9c916,28013,0,26465,26465,0,0,3064,0,0
252790::019.swc,408c3a6c49a09779ad12511cd7573a4761060ae46fa439d7955b5f52f972c3a0,41587,0,39265,39265,0,0,4607,0,0
252790::020.swc,85eee1d62f5c3080249baef8d0f71effeb8914ca250b47e85f23b3b2a927ad0e,12226,0,11474,11474,0,0,1479,0,0
252790::021.swc,cc660aa93db063ecbe99b9642c96eac78436cce487726789079663432ada0251,43961,0,41384,41384,0,0,5119,0,0
252790::022.swc,e884de2bebf6ac6b4a3dc4047bba6813b640e931b3248edb765a853463a51dd6,24743,0,23421,23421,0,0,2643,0,0
252790::023.swc,97656aa16f02cb8e9128f59fd13d9c0fb7f1cb001b6bd29f8c4ea70d01425db8,22310,0,21018,21018,0,0,2553,0,0
252790::024.swc,8d69b260d38ccea61ce494ce80835681d0a59432cb263d99cbf1d6b1895ee637,76139,0,71839,71839,0,0,8497,0,0
252790::025.swc,e8969a60c9feef222881063bc19b88fc79b91a4d79f2b5849bb4a1fcbfa11f87,7198,0,6845,6845,0,0,692,0,0
252790::026.swc,d87053e2386629ad00b300cdd77aafb32936aee380b091e3dced7f8f30627272,58047,0,54860,54860,0,0,6280,0,0
252790::027.swc,1e2222c316bc7dac08d419706a780bd0973026bec33e97841809bb4555042b35,53561,0,50299,50299,0,0,6524,0,0
252790::033.swc,33ef04078db19c0e5d833bccbf34e122b9912bb726b1299b0f5c8f6b626eec1f,45306,0,42180,42180,0,0,6209,0,0
252790::034.swc,797ed9b7c9861a239b6f3e88ba4d19beda55ce4476e13c2646a961eaa267f70f,67328,0,63019,63019,0,0,8580,0,0
252790::048.swc,fc5b7d0bf679b30dee5cf299556e03d9f17af81e8c6d2443c877d1707d425cff,89106,0,83939,83939,0,0,10301,0,0
252790::049.swc,3a5b7dcaa35e9f2828c4b971eb58e1b57a0af83fc68cb85c6d9567350bab54a2,40804,0,38569,38569,0,0,4430,0,0
252790::050.swc,b8352ede21e89b841439ab21d09bc1220ca42636731f0ca1c4011cade3ffc004,42341,0,39928,39928,0,0,4797,0,0
252790::051.swc,a558e1e65577dfd10aefdca30f1c855c749e643deddf82f76ff095e9ecac1351,46181,0,43742,43742,0,0,4819,0,0
252790::052.swc,4a6ff0d015cd5e85bf072e3e571e77f079cabab8ba03cc9607d443d50f17a22e,59134,0,55510,55510,0,0,7209,0,0
252790::053.swc,8282122e7f5919612a813148eaa2a2e3341c126ddff5c73fc23516b81a1833ec,4082,0,3874,3874,0,0,415,0,0
252790::054.swc,3971af04207d52b976940cd440c0f65b753f981e723668cec372545a840e333d,27146,0,25557,25557,0,0,3147,0,0
252790::055.swc,14bf3862b188b9fa7591469d3fa2abcbf4d11651b0ce1454c272941e3b94e242,18931,0,17808,17808,0,0,2236,0,0
252790::056.swc,dfd1320f3024c37233b94a31e3a853d8b718aefaae009f0154bea42ae1bae963,62689,0,58955,58955,0,0,7441,0,0
252790::057.swc,f6cb9532c3d1bcb217e3716d68df9dc710adc1ee8d82f1c53bfc13818d167bf8,42468,0,40158,40158,0,0,4578,0,0
252790::058.swc,72bcfa908c6ac90a3477dc0289525c8398ccbefae9fc3d3c311be8d09cb3e3be,6993,0,6637,6637,0,0,707,0,0
252790::059.swc,f9b6054dd114f94291e27260d1a9e95f6f39bab8da1343f1c7e9423a0e260b7c,12970,0,12333,12333,0,0,1267,0,0
252790::060.swc,758e29e481aaf77a9dbbbd1c2951ae36298be2ea6f4182651119085d9562bcac,25047,0,23644,23644,0,0,2777,0,0
252790::061.swc,726dcda92040486089515cd59086f9fdc218d00e9e67172d6817ed769b8e5c21,44739,0,42121,42121,0,0,5210,0,0
252790::062.swc,362bf9078ed81427cae6ef75cd1af52ed1dba95ad029304d52a4f7e3b80e238b,27282,0,25735,25735,0,0,3067,0,0
252790::063.swc,84003299088853aea719f04c9e025f1153129546fe7f8ee9234e42f6d1a364fe,19502,0,18582,18582,0,0,1833,0,0
252790::064.swc,e858e2a4427c34271538a49cb9aa78d766ffde9de77ccfadf50dc1ac74c76af5,27059,0,25729,25729,0,0,2625,0,0
252790::074.swc,c3d33d4ee6b756610d3e8ba45f4c640bd31c79d9b85e9fa15bc77f0dd974a5a8,96047,0,90151,90151,0,0,11769,0,0
252790::099.swc,89cffbfb73e9d05a7623825244f2552aca4ab3293dbfcb4e426b3d54b4ca5911,96259,0,89822,89822,0,0,12825,0,0
252790::102.swc,1f4b7033487ba0f6ef597dee6dda95a817675175792a5c522740a81337ea1c5a,53573,0,49948,49948,0,0,7221,0,0
252790::103.swc,98f45ac26aaa1bd465a995ee967c6e5e2974a30eb048c969770af6b3c38ca178,1798,0,1643,1643,0,0,317,0,0
252790::111.swc,b7a95c3bf581249f2c5932afbcb85ebeb07c5eb4787713f9912f672a18496aac,8072,0,7541,7541,0,0,1072,0,0
252790::112.swc,ffcd28e0ab796c6d7396af4d536a206558b44badc7fed1dee30a0f5cd80e181a,50995,0,47400,47400,0,0,7167,0,0
252790::113.swc,645e744d5c69c1250018025bddd29123d3a2ab6009c28c12c015e88f01e52923,23926,0,22463,22463,0,0,2910,0,0
252790::117.swc,0e3690bce1d562b8824188bd32ffc2321fa985562dc8c1656952a4e7b5e9b0be,5238,0,4903,4903,0,0,660,0,0
252790::118.swc,f59750fd38228e534ca935df6db8f881e069cd4607e10db0cea15b4c09b86725,11055,0,10368,10368,0,0,1363,0,0
252790::119.swc,a57decd660ddb6302f7d37f3360784e9516e62092b37a0ae09ef3aeb265253ef,33943,0,31900,31900,0,0,4077,0,0
252790::120.swc,a3080b4a022b570a8aa575ec636bd85ddda6af261985c0d9dd78b2033127c575,457,0,424,424,0,0,62,0,0
252790::121.swc,44632a973783dd56e38adda88b10daa108d6d28ade7b647303f701f780159865,1217,0,1107,1107,0,0,222,0,0
252790::032.swc,163a1c84c95339a1bf091ab7ce1aefe496dcf030b92e690f946af26770ce5ae6,22347,0,20939,20939,0,0,2805,0,0
252718::162.swc,429a726f5346febd1fa7ad2613b3e2893b0ad517a20691516b083143ff04b775,284,0,265,265,0,0,38,0,0
252383::121.swc,32b7bb7b3a369ee34f550c9dfa094c2e0cb21b54c1acc5bb26a6ceefb0c9d7e0,779,0,739,739,0,0,79,0,0
252790::035.swc,a2e29f5bad8c5ea8f33029b034d8c18195c470b2bc5cbb1a98b5c4cfac1a93ce,32964,0,30839,30839,0,0,4220,0,0
252383::120.swc,ade14ef69664f86aa79ef92a3d3247cfb944a69ba90bc9d6122e35f1d7a14eb3,2595,0,2437,2437,0,0,313,0,0
252790::031.swc,62858fd5fb4cccad1f527538fe899622e69701bb6dd23d0735d0b8cccd9771dd,4159,0,3941,3941,0,0,437,0,0
252790::036.swc,2de49b3514d5cf3689a8e5ccf42959ee177c810c2a2ee21a0c34c2c09272a7fb,53230,0,49604,49604,0,0,7191,0,0
252383::126.swc,00b5a1f6ec86217aaa2560818ce024522f42a0baa73c7a4b9722af4ac417ed1c,6815,0,6427,6427,0,0,776,0,0
252383::127.swc,f7738bc36803607a3603eb9c88d1344ac6d6b5d78a56105330d67e9a177aa18e,12407,0,11558,11558,0,0,1695,0,0
252383::090.swc,51c75044a725e7c24467e7bdbc681ae1cebbdb25cac9b2be7118673931aa540d,1160,0,1102,1102,0,0,115,0,0
252790::037.swc,cc0c284f722f366ee2613c894c76b75e598b979178f6616bf10132ed2fdbf48d,39205,0,36685,36685,0,0,4994,0,0
252383::118.swc,e8aa8f1aa46785af0a778aa1ab3536008e4ac47a5b16e532f7f9a904d4661e4e,7152,0,6758,6758,0,0,786,0,0
252383::119.swc,207cec24602ecbba1e94f39d4ff7990a24a76f843327dd42691c19a39b53296d,5359,0,5066,5066,0,0,575,0,0
252383::094.swc,e6e8569fc589b50f6aa3f33943d39234886a3829fd16f37437a0db8e32547c7a,1819,0,1736,1736,0,0,163,0,0
252383::097.swc,ccb8a6e85fe616606226d0ecd24708be385c2545b8933f6301fe00debc8c21dc,4128,0,3878,3878,0,0,490,0,0
252383::123.swc,069a335dbb7fb8c75c4dfd3912e89f80941f066779ed580c9ac4cbc8435e02f5,150,0,146,146,0,0,8,0,0
252790::116.swc,20dd01ec087fa9f49019ad3a15bf90b6c9b874ca790fcdc4b24b8406d72b15dc,1848,0,1713,1713,0,0,272,0,0
252790::115.swc,edb6398d9f70feedeab0ef6da2be6679347dd8e85c9a330cbd3776b903250d43,18907,0,17660,17660,0,0,2473,0,0
252383::124.swc,7d473f7fb784501c6b8b3c7342a68cabe09a992c1361d581246a3e4b26d209f5,5936,0,5614,5614,0,0,647,0,0
252384::080.swc,c3fbab8f63803e5284a2d347056616ceb8c6474675fbbc869faeee4bf62fd6ee,43115,0,40849,40849,0,0,4491,0,0
252383::117.swc,f2ab40d8850201d3e54a85f2931fcf13f08c5d681a5bbb695192c32b3e683652,15427,0,14418,14418,0,0,2015,0,0
252385::021.swc,aff241b868d65fea3ad1c11a31f35a976f5966ac9ba887e6a34b2fd3cc6bb7a2,45811,0,43294,43294,0,0,4963,0,0
252383::095.swc,fef97953b470145a16b4baf0638c73a2bb8e0dd7ffc624bad04cb720ab425dad,235,0,227,227,0,0,16,0,0
252383::036.swc,e938558942e660308d9f514abb1ea057c693e0eebb9e1a14948c632e92770843,2223,0,2084,2084,0,0,275,0,0
252385::022.swc,e6b7ce31ec2d2c583f659b907ac383196c67595c394d87796f0d73f8d9f0fa98,6556,0,6192,6192,0,0,728,0,0
252383::096.swc,c138aeae79915b97cf401ca468e43b3589c47252587d96fc19e0607f12529610,2666,0,2497,2497,0,0,337,0,0
