requested_k,realized_k,silhouette,c_index,smallest_cluster,largest_cluster,largest_cluster_fraction,singleton_clusters,subsample_ari_mean,subsample_ari_p05,worst_cluster_jaccard_mean,jaccard_assessed_clusters,jaccard_unassessed_clusters,n_subsample_repeats,subsample_n,sample_cluster_ari
2,2,0.7366404340359686,0.04791883862158755,59,247,0.8071895424836601,0,0.9896171990556349,1.0,0.9919831223628692,2,0,100,244,-0.04292231879847523
3,3,0.7826361296698731,0.0261360885369471,10,237,0.7745098039215687,0,0.973779247897481,0.7812926177635938,0.8842513679320113,3,0,100,244,-0.06290105823812976
4,4,0.8403860712766832,0.0044689245992192575,10,225,0.7352941176470589,0,0.9994824767236759,1.0,0.998,4,0,100,244,-0.08089441428686042
5,5,0.8540891898969932,3.0662349790210976e-17,3,222,0.7254901960784313,0,0.9992613440893017,1.0,0.9916780045351474,5,0,100,244,-0.08486560194418907
6,6,0.8452863700940313,0.003217263598108301,3,222,0.7254901960784313,0,0.9992562275586071,0.9968340530361959,0.996136021872864,6,0,100,244,-0.09037423737450745
7,7,0.8474199992685578,0.003280616501021138,3,222,0.7254901960784313,0,0.9961961700268614,0.9756111370300076,0.9309402332361516,7,0,100,244,-0.09089749414249362
8,8,0.6229588816016016,0.00417084937406008,2,220,0.7189542483660131,0,0.9802732836442621,0.9483630863309257,0.8167658384286924,8,0,100,244,-0.09329354741385339
9,9,0.5356025422097802,0.006178783912150162,2,216,0.7058823529411765,0,0.9922446419035884,0.9649643126068986,0.7855478383742721,9,0,100,244,-0.07232400773262718
10,10,0.5337999454233417,0.006182176769067791,1,216,0.7058823529411765,1,0.9790714939266942,0.9637167760104302,0.8601814574314575,9,1,100,244,-0.07236718433610147
11,11,0.5342353991894753,0.006256993330704094,1,216,0.7058823529411765,1,0.9064392912385522,0.49171805368276195,0.8857057499148657,10,1,100,244,-0.07294972153683173
12,12,0.5054238966328007,0.006420788061232562,1,216,0.7058823529411765,2,0.7706785318004712,0.48876296213737747,0.7767317037352481,10,2,100,244,-0.07315970517621671
13,13,0.7370288114941619,0.003164451723316694,1,109,0.3562091503267974,2,0.9813013239561912,0.9802293758282766,0.9318083446674419,11,2,100,244,-0.011334239192142957
14,14,0.7350145955706496,0.002815912918849538,1,109,0.3562091503267974,2,0.9958087682926855,0.9842611078703355,0.9103535353535354,12,2,100,244,-0.011668495916493663
15,15,0.7253094099522189,0.0028104554997571253,1,109,0.3562091503267974,3,0.991227902355059,0.9670310313517078,0.8155354213247604,12,3,100,244,-0.011583209707570218
16,16,0.7198874818272708,0.0026161472995353593,1,109,0.3562091503267974,3,0.9911691727986516,0.9509991862140612,0.9027283834586467,13,3,100,244,-0.013565153581374322
17,17,0.7072828636666676,0.002518157426712833,1,109,0.3562091503267974,3,0.9842405749950571,0.9467054004650479,0.2983749814464003,14,3,100,244,-0.01249248159668744
18,18,0.7054051739773309,0.002507244113021311,1,109,0.3562091503267974,4,0.9738008501883546,0.9314828453727902,0.37239360533963234,14,4,100,244,-0.012639007767471748
19,19,0.6723561687112111,0.0025428312496572915,1,107,0.34967320261437906,4,0.9634369763689474,0.9229118844567615,0.4117542149301269,15,4,100,244,-0.01235825155458441
20,20,0.6590523365051312,0.0025516217662800195,1,107,0.34967320261437906,5,0.9518177137198178,0.8750848321487203,0.4440342507733812,15,5,100,244,-0.01253868324324615
