cluster,n,jaccard_mean,jaccard_p05,n_resamples_observed
1,18,0.9992857142857143,1.0,100
2,6,0.7881666666666669,0.5,100
3,2,1.0,1.0,67
4,2,0.4440342507733812,0.0728021978021978,66
5,29,0.8841504361889195,0.734090909090909,100
6,1,,,0
7,1,,,0
8,4,1.0,1.0,98
9,6,1.0,1.0,100
10,3,1.0,1.0,89
11,8,1.0,1.0,100
12,1,,,0
13,2,1.0,1.0,66
14,1,,,0
15,2,0.9545454545454546,0.5,66
16,3,0.989010989010989,1.0,91
17,1,,,0
18,107,0.9825409228537495,0.9193965517241379,100
19,2,0.9113658252027237,0.02516025641025641,66
20,107,0.9481089701853166,0.8822111977321049,100
