NeuronID,Bio_Type,Morph_Cluster
251637_001,ITs,2
251637_002,ITi,9
251637_003,ITi,9
251637_004,ITs,2
251637_005,PT,4
251637_006,ITi,9
251637_007,ITs,2
251637_008,CT,5
251637_009,CT,5
251637_010,ITi,9
251637_011,ITi,9
251637_012,ITi,9
251637_013,ITs,2
251637_014,PT,4
251637_015,ITs,2
251637_016,ITi,9
251637_017,ITi,9
251637_018,ITi,9
251637_019,ITi,9
251637_020,ITi,9
251637_021,ITs,2
251637_022,ITi,9
251637_023,ITi,9
251637_024,ITi,9
251637_025,ITi,9
251637_026,ITi,9
251637_027,ITi,9
251637_028,ITi,9
251637_029,ITi,9
251637_030,ITc,6
251637_031,ITs,2
251637_032,ITi,9
251637_033,PT,4
251637_034,PT,4
251637_035,ITi,9
251637_036,ITi,9
251637_037,ITi,9
251637_038,ITi,9
251637_039,ITi,9
251637_040,ITi,9
251637_041,ITi,9
251637_042,ITi,9
251637_043,ITc,6
251637_044,ITi,9
251637_045,ITs,2
251637_046,ITs,2
251637_047,ITi,9
251637_048,ITi,9
251637_049,ITi,9
251637_050,ITi,9
251637_051,ITi,9
251637_052,ITs,2
251637_053,ITi,9
251637_054,ITs,2
251637_055,ITi,9
251637_056,ITi,9
251637_057,ITs,2
251637_058,ITi,9
251637_059,ITi,9
251637_060,ITi,9
251637_061,ITs,2
251637_062,ITi,9
251637_063,ITi,9
251637_064,ITi,9
251637_065,ITi,9
251637_066,PT,4
251637_067,ITi,9
251637_068,ITi,9
251637_069,ITi,9
251637_070,ITi,9
251637_071,ITi,9
251637_072,ITi,9
251637_073,ITi,9
251637_074,ITi,9
251637_075,ITi,9
251637_076,ITi,9
251637_077,ITi,9
251637_078,ITi,9
251637_079,ITi,9
251637_080,ITi,9
251637_081,ITi,9
251637_082,ITi,9
251637_083,ITs,2
251637_084,ITs,2
251637_085,ITs,2
251637_086,ITi,9
251637_087,ITs,2
251637_088,ITi,9
251637_089,ITi,9
251637_090,ITi,9
251637_091,ITi,9
251637_092,ITi,9
251637_093,ITi,9
251637_094,ITi,9
251637_095,ITi,9
251637_096,ITs,1
251637_097,ITs,1
251637_098,ITs,1
251637_099,ITi,9
251637_100,ITi,9
251637_101,ITi,9
251637_102,ITi,9
251637_103,ITs,1
251637_104,ITs,1
251637_105,ITi,9
251637_106,ITi,9
251637_107,ITi,9
251637_108,ITi,9
251637_109,ITi,9
251637_110,ITi,9
251637_111,ITi,9
251637_112,ITi,9
251637_113,ITi,9
251637_114,ITi,9
251637_116,ITi,9
251637_117,ITi,9
251637_118,ITi,9
251637_119,ITi,9
251637_120,ITi,9
251637_121,ITi,9
251637_122,ITs,2
251637_123,ITi,9
251637_124,ITs,1
251637_125,ITi,9
251637_126,ITi,9
251637_127,ITi,9
251637_128,ITs,1
251637_129,ITi,9
251637_130,ITi,9
251637_131,ITs,1
251637_132,ITi,9
251637_133,ITi,9
251637_134,PT,3
251637_135,ITi,9
251637_136,ITi,9
251637_137,ITi,9
251637_138,ITi,9
251637_139,ITi,9
251637_140,ITi,9
251637_141,ITi,8
251637_142,ITi,9
251637_143,ITi,9
251637_144,CT,5
251637_145,ITi,9
251637_146,ITi,9
251637_147,ITi,9
251637_148,ITi,9
251637_149,ITi,9
251637_150,ITi,9
251637_151,ITi,9
251637_152,ITs,1
251637_153,ITi,9
251637_154,ITi,9
251637_155,ITi,9
251637_156,ITi,9
251637_157,PT,3
251637_158,ITi,9
251637_392,ITs,1
251637_393,ITi,9
251637_394,ITi,9
251637_395,ITi,9
251637_396,ITi,9
251637_397,ITi,9
251637_398,CT,5
251637_399,ITs,1
251637_400,CT,5
251637_401,ITs,1
251637_402,ITs,1
251637_403,ITi,7
251637_404,ITi,9
251637_405,ITs,1
251637_406,ITi,9
251637_407,ITi,9
251637_408,ITi,9
251637_409,ITs,1
251637_410,ITi,9
251637_411,ITi,9
251637_412,ITi,9
251637_413,ITi,9
251637_414,PT,3
251637_415,ITi,7
251637_416,ITi,9
251637_417,ITi,9
251637_418,CT,5
251637_419,ITi,9
251637_420,ITi,9
251637_421,CT,5
251637_422,ITi,9
251637_423,ITi,9
251637_424,CT,5
251637_425,ITi,9
251637_426,ITi,9
251637_427,ITi,9
251637_428,ITi,9
251637_429,ITi,9
251637_430,ITs,1
251637_431,ITs,1
251637_432,PT,3
251637_433,ITs,1
251637_434,CT,5
251637_435,ITi,9
251637_436,ITi,8
251637_437,ITs,1
251637_438,CT,5
251637_439,ITi,9
251637_440,ITi,9
251637_441,ITi,9
251637_442,ITs,1
251637_443,ITi,9
251637_444,ITi,9
251637_445,ITs,1
251637_446,ITi,9
251637_447,ITs,1
251637_448,ITc,6
251637_449,ITi,9
251637_450,ITs,1
251637_451,ITi,9
251637_452,ITi,9
251637_453,ITi,9
251637_454,ITi,9
251637_455,ITi,9
251637_456,ITi,9
251637_457,ITi,9
251637_458,ITi,9
251637_459,ITi,9
251637_460,ITi,9
251637_461,ITi,9
251637_462,ITi,9
251637_463,CT,5
251637_464,ITi,9
251637_465,ITs,1
251637_466,ITi,9
251637_467,ITi,9
251637_468,ITi,9
251637_469,ITi,9
251637_470,ITi,9
251637_471,ITi,9
251637_472,ITs,2
251637_473,CT,5
251637_474,ITs,2
251637_475,ITs,2
251637_476,ITi,9
251637_477,ITs,2
251637_478,ITs,2
251637_479,ITi,9
251637_480,ITi,9
251637_481,ITi,9
251637_482,ITs,2
251637_483,ITi,9
251637_484,ITs,2
251637_485,ITi,9
251637_486,ITi,9
251637_487,ITi,9
251637_488,ITi,9
251637_489,PT,4
251637_490,ITs,2
251637_491,ITs,2
251637_492,ITs,2
251637_493,ITs,2
251637_494,ITi,9
252383_018,ITi,9
252383_019,ITi,9
252383_091,ITi,9
252383_122,ITi,9
252383_125,ITi,9
252384_048,ITi,9
252384_049,ITs,2
252384_053,ITi,9
252384_077,ITi,9
252384_079,ITi,9
252385_025,ITi,9
252385_026,ITi,8
252385_027,ITi,8
252385_036,ITi,9
252385_037,ITi,9
252385_038,ITs,2
252385_039,ITi,9
252385_040,ITi,9
252385_041,ITi,9
252385_042,ITi,9
252385_043,ITi,9
252385_044,ITi,9
252385_045,ITs,2
252385_046,ITs,2
252385_053,ITs,2
252385_054,ITi,9
252385_055,ITs,2
252385_056,ITi,9
252385_057,ITi,9
252385_058,ITi,9
252385_059,ITi,9
252385_060,ITi,9
252385_061,ITi,9
252385_062,ITi,9
252385_063,ITi,9
252385_064,ITi,9
252385_065,ITi,9
252385_066,ITi,9
252385_067,ITi,9
252385_068,ITi,9
252385_069,ITi,9
252385_070,ITi,9
252385_071,ITi,9
252385_072,ITi,9
252385_073,ITi,9
252385_074,ITi,9
