NeuronUID,normalized_log_strength_intra_INS_share,legacy_raw_voxel_length_intra_INS_share
251637::001.swc,0.4383701622173969,0.5950602181542795
251637::002.swc,0.7344567112144103,0.9152588450036894
251637::003.swc,0.4373256243907358,0.2914269936956414
251637::004.swc,0.13195298504529096,0.02019639358132418
251637::005.swc,0.05191040293651456,0.02529245915803597
251637::006.swc,0.27407306495924433,0.22914105005160926
251637::007.swc,0.247464486882255,0.2114318445205196
251637::008.swc,0.16599663592875805,0.07295905450548563
251637::009.swc,0.26618787969612784,0.141126850868581
251637::010.swc,0.34618133551153774,0.30700940771167273
251637::011.swc,0.47908603245739123,0.22743338138864377
251637::012.swc,0.2890577353120553,0.11366693646220703
251637::013.swc,0.14618890612878202,0.06595075629625961
251637::014.swc,0.26542360365198703,0.3677695522056171
251637::015.swc,0.23648186944801125,0.24469342140853992
251637::016.swc,0.3776504813604055,0.22280233409719352
251637::017.swc,0.5968187730327335,0.43989760192749305
251637::018.swc,0.7769422026575363,0.9374240516722324
251637::019.swc,0.46766184888832657,0.3813934598050515
251637::020.swc,0.4783059722382309,0.43753862503537433
251637::021.swc,0.21824718227749704,0.11956172388604804
251637::022.swc,0.30013251674366964,0.0620539150053232
251637::023.swc,0.36801315801235346,0.21721586332215556
251637::024.swc,0.0,0.0
251637::025.swc,0.15140948465717222,0.012929936305732536
251637::026.swc,0.07534485198854668,0.017555852139754295
251637::027.swc,0.29937706119457674,0.0645101427759538
251637::028.swc,0.20179698155058975,0.1389584475966844
251637::029.swc,0.33940083905175833,0.26320699315510176
251637::030.swc,0.491928632115548,0.3524436694244592
251637::031.swc,0.23182803600955354,0.29067878592902735
251637::032.swc,0.09741914152906626,0.010603608844651433
251637::033.swc,0.0,0.0
251637::034.swc,0.19432046725624708,0.24886039350372233
251637::035.swc,0.1356168629882207,0.01768101740408582
251637::036.swc,0.27903518597195937,0.08763382791060423
251637::037.swc,0.5768214612336144,0.8266042528180693
251637::038.swc,0.11321526899322867,0.027646331166918687
251637::039.swc,0.59146089685358,0.5300135821424353
251637::040.swc,0.3086411374471911,0.29897430031267
251637::041.swc,0.6346599338868789,0.7787588891111815
251637::042.swc,0.4592538046146294,0.7054560397482144
251637::043.swc,0.0,0.0
251637::044.swc,0.835785637149028,0.9559814782251919
251637::045.swc,0.44478042096808484,0.7833241509787017
251637::046.swc,0.41314534260679536,0.5709953198127949
251637::047.swc,1.0,1.0
251637::048.swc,1.0,1.0
251637::049.swc,0.7487448337078029,0.9211788513354879
251637::050.swc,1.0,1.0
251637::051.swc,0.31584103590748386,0.2743910377862638
251637::052.swc,0.137253103606407,0.06871869125698084
251637::053.swc,0.6097955242053996,0.5280867612277486
251637::054.swc,0.357299212693652,0.20706612035707173
251637::055.swc,0.5530291300789631,0.335609475400399
251637::056.swc,0.5050067888662593,0.5453108795496074
251637::057.swc,0.6204849942056297,0.8003241553383148
251637::058.swc,0.8859210656003154,0.976384629028002
251637::059.swc,1.0,1.0
251637::060.swc,0.7367139910787088,0.936376841524345
251637::061.swc,0.3145820636817653,0.31352109581013987
251637::062.swc,0.609793928650565,0.5145831172871512
251637::063.swc,1.0,1.0
251637::064.swc,0.5990482970512196,0.7825840765232868
251637::065.swc,0.6856890364736759,0.7578383268956395
251637::066.swc,0.6467512983266014,0.8381828221901284
251637::067.swc,0.5452265916457709,0.6280469356882941
251637::068.swc,0.5246522040402963,0.6063015991197287
251637::069.swc,1.0,1.0
251637::070.swc,0.5518719963164408,0.3775048366198684
251637::071.swc,1.0,1.0
251637::072.swc,0.20158440247089568,0.042933995937979176
251637::073.swc,1.0,1.0
251637::074.swc,1.0,1.0
251637::075.swc,0.6506730277730448,0.893130451249263
251637::076.swc,0.37612332739027865,0.3175969638063499
251637::077.swc,0.6865864144453998,0.8093088890443872
251637::078.swc,0.46023157132989045,0.25375514189553816
251637::079.swc,0.36905649822860337,0.19395343622706393
251637::080.swc,0.602182959954148,0.46660844976713245
251637::081.swc,0.6294816987549537,0.8774400054482475
251637::082.swc,0.45505191187642435,0.4624704020414923
251637::083.swc,0.5566877687125494,0.5834297684093338
251637::084.swc,0.38176975917114603,0.7810229955407879
251637::085.swc,0.42253012396336004,0.3951775635632787
251637::086.swc,1.0,1.0
251637::087.swc,0.31340220859477863,0.172401476366234
251637::088.swc,1.0,1.0
251637::089.swc,1.0,1.0
251637::090.swc,1.0,1.0
251637::091.swc,0.3821940988124671,0.3565232448429255
251637::092.swc,0.7395173453996984,0.7769974259754882
251637::093.swc,0.28417085427135674,0.29446487476128047
251637::094.swc,0.5021985282391269,0.2672759331701757
251637::095.swc,1.0,1.0
251637::096.swc,0.2404948183344939,0.43842376897042123
251637::097.swc,0.20873176249915404,0.269550504019729
251637::098.swc,0.11603805559401,0.1514157388492804
251637::099.swc,0.36931946133405397,0.32723938994077295
251637::100.swc,1.0,1.0
251637::101.swc,1.0,1.0
251637::102.swc,1.0,1.0
251637::103.swc,0.7475485661424608,0.9473465884886558
251637::104.swc,0.15353007385478823,0.1533839107250238
251637::105.swc,0.3198243412797992,0.6238483955740156
251637::106.swc,0.6300624377444669,0.9236649874947738
251637::107.swc,0.7263851821437532,0.8938121523228599
251637::108.swc,0.7256120692170767,0.9753749920214462
251637::109.swc,0.23650921895160804,0.1846034547847682
251637::110.swc,1.0,1.0
251637::111.swc,0.9999999999999999,1.0
251637::112.swc,1.0,1.0
251637::113.swc,1.0,1.0
251637::114.swc,1.0,1.0
251637::116.swc,1.0,1.0
251637::117.swc,0.3141474300453564,0.8458741637895957
251637::118.swc,0.695588598005708,0.9505310990753448
251637::119.swc,1.0,1.0
251637::120.swc,1.0,1.0
251637::121.swc,1.0,1.0
251637::122.swc,0.09442766339899562,0.2928819887868222
251637::123.swc,0.6017678504092452,0.8039940040127673
251637::124.swc,0.5998029823070385,0.9158613150759779
251637::125.swc,0.8457872829051242,0.9972377750362647
251637::126.swc,0.5498591878696927,0.9117019902252366
251637::127.swc,1.0,1.0
251637::128.swc,0.2564545384377894,0.5866977419596503
251637::129.swc,0.5332275777913361,0.6531016325285949
251637::130.swc,1.0,1.0
251637::131.swc,0.47715018411362436,0.7748427697380009
251637::132.swc,1.0,1.0
251637::133.swc,1.0,1.0
251637::134.swc,0.34284153464722444,0.7743267964717243
251637::135.swc,0.5234983571454941,0.9682914442776764
251637::136.swc,0.7343639008219734,0.966528404914418
251637::137.swc,1.0,1.0
251637::138.swc,1.0,1.0
251637::139.swc,1.0,1.0
251637::140.swc,1.0,1.0
251637::141.swc,0.11481834220674796,0.20805170759273003
251637::142.swc,1.0,1.0
251637::143.swc,0.18378274637750697,0.6385466492314331
251637::144.swc,0.6518738486073304,0.9305452216019638
251637::145.swc,1.0,1.0
251637::146.swc,1.0,1.0
251637::147.swc,1.0,1.0
251637::148.swc,1.0,1.0
251637::149.swc,0.5689989235737352,0.7682248439740388
251637::150.swc,1.0,1.0
251637::151.swc,1.0,1.0
251637::152.swc,0.48706861162046033,0.4449938381075468
251637::153.swc,1.0,1.0
251637::154.swc,0.6113675326387973,0.8448008951705342
251637::155.swc,1.0,1.0
251637::156.swc,1.0,1.0
251637::157.swc,0.43693663279430134,0.843202277935118
251637::158.swc,1.0,1.0
251637::392.swc,0.557250733983769,0.5993401916726915
251637::393.swc,0.31534976257645353,0.5950074934772239
251637::394.swc,1.0,1.0
251637::395.swc,1.0,1.0
251637::396.swc,1.0,1.0
251637::397.swc,1.0,1.0
251637::398.swc,0.5664508402260564,0.6406043562906599
251637::399.swc,0.30131502358014284,0.4082117635590806
251637::400.swc,0.1859610159082688,0.457418310376402
251637::401.swc,0.30415459791717336,0.3391847473217185
251637::402.swc,0.2706532871879665,0.20587611004780423
251637::403.swc,0.24722034334140167,0.21705496014605513
251637::404.swc,0.9223307228721518,0.9896467042473629
251637::405.swc,0.17055682774778808,0.3588148825073097
251637::406.swc,1.0,1.0
251637::407.swc,1.0,1.0
251637::408.swc,1.0,1.0
251637::409.swc,0.3411331275515284,0.546109363412072
251637::410.swc,0.8690068493150684,0.9845180779760219
251637::411.swc,1.0,1.0
251637::412.swc,1.0,1.0
251637::413.swc,1.0,1.0
251637::414.swc,0.15635147066334903,0.33232165557105137
251637::415.swc,0.3037137053120704,0.345540017363256
251637::416.swc,1.0,1.0
251637::417.swc,0.4685702321964448,0.7214082668728312
251637::418.swc,0.3813908246612213,0.6158464140996908
251637::419.swc,0.6141040462427746,0.8518719452827186
251637::420.swc,0.6473195487888661,0.6490985255310119
251637::421.swc,0.7268643707958076,0.862846295826518
251637::422.swc,0.4376972319899016,0.5363588792288193
251637::423.swc,0.4570900767037468,0.6806137406023957
251637::424.swc,0.4597459614626916,0.7110989119408195
251637::425.swc,0.5626388271879164,0.7966270057853972
251637::426.swc,1.0,1.0
251637::427.swc,1.0,1.0
251637::428.swc,1.0,1.0
251637::429.swc,1.0,1.0
251637::430.swc,0.5689490603091709,0.8701685977491335
251637::431.swc,0.5122227095404075,0.5926260727337228
251637::432.swc,0.2959406337745688,0.5324787157990548
251637::433.swc,0.32822155500471323,0.7359201997854964
251637::434.swc,0.1693904381192616,0.1268658486582829
251637::435.swc,1.0,1.0
251637::436.swc,0.5094214645540274,0.5619790577254291
251637::437.swc,0.1310821404409317,0.20043210092066607
251637::438.swc,0.7322137203744712,0.8781310721051052
251637::439.swc,0.5186136246297655,0.5237953686493686
251637::440.swc,0.7133354556573899,0.9219829060887569
251637::441.swc,1.0,1.0
251637::442.swc,0.3603914762539654,0.48834129090106093
251637::443.swc,0.42803391801318547,0.6621318525848534
251637::444.swc,0.4689739518516929,0.8205100590186546
251637::445.swc,0.5702266483516485,0.8552642928741598
251637::446.swc,1.0,1.0
251637::447.swc,0.59859761594711,0.7699929032912097
251637::448.swc,1.0,1.0
251637::449.swc,1.0,1.0
251637::450.swc,0.6192632753946739,0.8553066434465983
251637::451.swc,1.0,1.0
251637::452.swc,0.6580510804792512,0.6729614520786502
251637::453.swc,1.0,1.0
251637::454.swc,0.3161256681006388,0.35661383989594825
251637::455.swc,1.0,1.0
251637::456.swc,1.0,1.0
251637::457.swc,0.3366980457681277,0.36109546952200183
251637::458.swc,1.0,1.0
251637::459.swc,1.0,1.0
251637::460.swc,1.0,1.0
251637::461.swc,1.0,1.0
251637::462.swc,1.0,1.0
251637::463.swc,0.27071188388165124,0.36411927256432314
251637::464.swc,1.0,1.0
251637::465.swc,0.4068942281370422,0.7545619216732571
251637::466.swc,0.8617821782178217,0.9742397308107422
251637::467.swc,1.0,1.0
251637::468.swc,0.9999999999999999,0.9999999999999999
251637::469.swc,0.8247464653194166,0.9883925947693213
251637::470.swc,1.0,1.0
251637::471.swc,1.0,1.0
251637::472.swc,0.2699514308489674,0.39499929554208846
251637::473.swc,0.4079839791426575,0.5541594521056212
251637::474.swc,0.44458219274963184,0.7699301609334963
251637::475.swc,0.19563570741668546,0.22408171445379033
251637::476.swc,0.24667399877341384,0.5574235224407704
251637::477.swc,0.2890089446094065,0.5449529710480506
251637::478.swc,0.25094540451198083,0.24978543900821523
251637::479.swc,0.8083314868158653,0.972078702629747
251637::480.swc,0.402205329215663,0.6118740598697917
251637::481.swc,0.1917859517459056,0.35977965677734736
251637::482.swc,0.41401163347376474,0.6472785284362063
251637::483.swc,0.3268034825870647,0.5981869950600136
251637::484.swc,0.9001260239445494,0.9858260469397148
251637::485.swc,1.0,1.0
251637::486.swc,1.0,1.0
251637::487.swc,1.0,0.9999999999999999
251637::488.swc,1.0,1.0
251637::489.swc,0.47611760685792387,0.6043589929300094
251637::490.swc,0.15393456332724412,0.29829420952911095
251637::491.swc,0.4217611912390892,0.7267023243081994
251637::492.swc,0.6673656022635408,0.8863450204774745
251637::493.swc,0.3052069385115905,0.4679630392816115
251637::494.swc,0.9053605910502897,0.9792250392947447
252383::018.swc,0.3957519334973389,0.832504462042315
252383::019.swc,0.8756236495776862,0.9936684585381397
252383::091.swc,0.4907686598320731,0.45401294146910753
252383::122.swc,0.4306628164663219,0.27202216066482
252383::125.swc,0.3539836413208119,0.3861208435856714
252384::048.swc,0.271958235012878,0.3641134369618946
252384::049.swc,0.45313803169307754,0.7252519210698156
252384::053.swc,0.18080404596466493,0.18451416169885415
252384::077.swc,0.8699011031953588,0.9825092877831111
252384::079.swc,0.9777204670821693,0.9985475123791558
252385::025.swc,0.49431639484207224,0.4707373664077701
252385::026.swc,0.1771983597150495,0.2848609930693267
252385::027.swc,0.2091814974215812,0.3689471242098721
252385::036.swc,0.47334678698579447,0.562465760092422
252385::037.swc,1.0,1.0
252385::038.swc,0.2134910775575769,0.33921122696168854
252385::039.swc,0.5334405782410365,0.5990048543689316
252385::040.swc,0.8128938953681222,0.95701419284326
252385::041.swc,0.7457881136950905,0.9220610404499056
252385::042.swc,1.0,1.0
252385::043.swc,1.0,1.0
252385::044.swc,1.0,1.0
252385::045.swc,0.36965582946290343,0.4388351934951869
252385::046.swc,0.18419938840320546,0.29160836897901427
252385::053.swc,0.4709813198967678,0.3015641059181874
252385::054.swc,0.1024297815425769,0.013070436507936503
252385::055.swc,0.13027750069104763,0.03694621329519452
252385::056.swc,0.0,0.0
252385::057.swc,0.0,0.0
252385::058.swc,0.0,0.0
252385::059.swc,0.0,0.0
252385::060.swc,0.0,0.0
252385::061.swc,0.0,0.0
252385::062.swc,0.2844484441521581,0.04641909814323548
252385::063.swc,0.5100538835589434,0.6298790703450681
252385::064.swc,0.0,0.0
252385::065.swc,0.0,0.0
252385::066.swc,0.5376815905597699,0.669715335673542
252385::067.swc,0.45715560454557386,0.2952031068612933
252385::068.swc,0.6323838781847931,0.5523491965546815
252385::069.swc,0.505612038677984,0.5212692079445455
252385::070.swc,0.21855940708716126,0.024968823868817953
252385::071.swc,0.3433656334894864,0.29136848038088586
252385::072.swc,0.0,0.0
252385::073.swc,0.42746660879515463,0.7278967600219681
252385::074.swc,0.39883005435832347,0.543634746036881
