file,sha256,sheet,suffix,hemisphere,both_domain_columns_present,both_positive_same_neuron_rows,examples
main_scripts/neuron_tables/251637_results.xlsx,b1ed8d37cb2392e8f2f722b38bdacc852feb49eb1736920e24ce5833b4bf5275,Projection_Length,CM,L,True,0,[]
notes/region_analysis_review_20261004/runs/all_sources_20261004_071659/250432_20261004_071700_region_analysis/tables/250432_results_20261004_071850.xlsx,80bd88af98a5ddbf26c42945362a298258ef4ac49e0ff7689f6dd00b057f8d51,Projection_Length_all,CM,R,True,0,[]
notes/region_analysis_review_20261004/runs/all_sources_20261004_071659/250432_20261004_071700_region_analysis/tables/250432_results_20261004_071850.xlsx,80bd88af98a5ddbf26c42945362a298258ef4ac49e0ff7689f6dd00b057f8d51,Projection_Length_all,R,R,True,0,[]
notes/region_analysis_review_20261004/runs/all_sources_20261004_071659/251637_20261004_071918_region_analysis/tables/251637_results_20261004_072059.xlsx,35f4fd5615628ca8d84b72190b5818adc2f57f195e72ee7dbde23373b5d830f3,Projection_Length_all,CM,L,True,0,[]
notes/region_analysis_review_20261004/runs/all_sources_20261004_071659/252384_20261004_072329_region_analysis/tables/252384_results_20261004_072430.xlsx,1048de2863db5e3c4bef5479a1c77b1fd86c2dc5b5f61d42852c020660e733c2,Projection_Length_all,RM,L,True,0,[]
notes/region_analysis_review_20261004/runs/all_sources_20261004_071659/252385_20261004_072443_region_analysis/tables/252385_results_20261004_072537.xlsx,f53031be9293bdbd96b5d81cf68c1414f67c9044ccb15c6a52022be77424335c,Projection_Length_all,CM,L,True,0,[]
notes/region_analysis_review_20261004/runs/all_sources_20261004_071659/252714_20261004_072628_region_analysis/tables/252714_results_20261004_072812.xlsx,3859b7322a8c863110a3f118fb66dbf0bf81d0c5e523939180e682e587f6c716,Projection_Length_all,CM,L,True,0,[]
notes/region_analysis_review_20261004/runs/all_sources_20261004_071659/252718_20261004_072832_region_analysis/tables/252718_results_20261004_072943.xlsx,2beaabd9c38c8795b0fc16aa1c445450ec647bbbdd13d8ba7760f9a16e7548da,Projection_Length_all,CM,R,True,0,[]
notes/region_analysis_review_20261004/runs/all_sources_20261004_071659/252718_20261004_072832_region_analysis/tables/252718_results_20261004_072943.xlsx,2beaabd9c38c8795b0fc16aa1c445450ec647bbbdd13d8ba7760f9a16e7548da,Projection_Length_all,RM,R,True,0,[]
notes/region_analysis_review_20261004/runs/all_sources_20261004_071659/252790_20261004_072957_region_analysis/tables/252790_results_20261004_073141.xlsx,73bca19940ecdd50f1b42574b68931f9c352fe371b9f9098c2066f42d33fea65,Projection_Length_all,CM,L,True,0,[]
notes/region_analysis_review_20261004/runs/all_sources_20261004_071659/252790_20261004_072957_region_analysis/tables/252790_results_20261004_073141.xlsx,73bca19940ecdd50f1b42574b68931f9c352fe371b9f9098c2066f42d33fea65,Projection_Length_all,CM,R,True,0,[]
notes/region_analysis_review_20261004/runs/refined_subtables_20261004_072110/master_analysis/251637_20261004_072115_region_analysis/tables/251637_results_20261004_072515.xlsx,508cea4b5c6ba8e1401e55302c2adcb9e319d6842cffe6d0d5f57e0c5080f282,Projection_Length_all,CM,L,True,0,[]
notes/region_analysis_review_20261004/runs/refined_subtables_20261004_072110/master_analysis/251637_20261004_072115_region_analysis/tables/251637_results_20261004_072515.xlsx,508cea4b5c6ba8e1401e55302c2adcb9e319d6842cffe6d0d5f57e0c5080f282,Projection_Length_all,R,L,True,0,[]
notes/region_analysis_review_20261004/runs/refined_subtables_20261004_072110/subtables/251637_ACC.xlsx,9f4c37cfb654983b061963e03d2defa9d41c885334da534785ecbb6fa65560b7,Projection_Length_all,CM,L,True,0,[]
notes/region_analysis_review_20261004/runs/refined_subtables_20261004_072110/subtables/251637_ACC.xlsx,9f4c37cfb654983b061963e03d2defa9d41c885334da534785ecbb6fa65560b7,Projection_Length_all,R,L,True,0,[]
notes/region_analysis_review_20261004/runs/refined_subtables_20261004_072110/subtables/251637_FULL.xlsx,d71ce0c560fd603b217f547557d362c2bb7aac4bd75089045329cf5949ab4d39,Projection_Length_all,CM,L,True,0,[]
notes/region_analysis_review_20261004/runs/refined_subtables_20261004_072110/subtables/251637_FULL.xlsx,d71ce0c560fd603b217f547557d362c2bb7aac4bd75089045329cf5949ab4d39,Projection_Length_all,R,L,True,0,[]
notes/region_analysis_review_20261004/runs/refined_subtables_20261004_072110/subtables/251637_INS.xlsx,2c8332b68bcfc225bee19c7823e8cba69211cf06ee9dda8f437996996cfd668e,Projection_Length_all,CM,L,True,0,[]
notes/region_analysis_review_20261004/runs/refined_subtables_20261004_072110/subtables/251637_INS.xlsx,2c8332b68bcfc225bee19c7823e8cba69211cf06ee9dda8f437996996cfd668e,Projection_Length_all,R,L,True,0,[]
notes/region_analysis_review_20261004/runs/refined_subtables_20261004_072110/subtables/251637_INS_HE.xlsx,af03f2a6e752031ed9716856662b362efb592fbc1e4530605791d1f7eeaa98ec,Projection_Length_all,CM,L,True,0,[]
notes/region_analysis_review_20261004/runs/refined_subtables_20261004_072110/subtables/251637_INS_HE.xlsx,af03f2a6e752031ed9716856662b362efb592fbc1e4530605791d1f7eeaa98ec,Projection_Length_all,R,L,True,0,[]
notes/region_analysis_review_20261004/runs/refined_subtables_20261004_072110/subtables/251637_INS_HE_inferred.xlsx,0bf420b5bbc697d42f7bdb7784af3bced30439a7991c0ad844516f4b0f8e2699,Projection_Length_all,CM,L,True,0,[]
notes/region_analysis_review_20261004/runs/refined_subtables_20261004_072110/subtables/251637_INS_HE_inferred.xlsx,0bf420b5bbc697d42f7bdb7784af3bced30439a7991c0ad844516f4b0f8e2699,Projection_Length_all,R,L,True,0,[]
notes/region_analysis_review_20261004/runs/refined_subtables_20261004_072110/subtables/251637_M1.xlsx,586bee8817f067b0538aec704c38008c164ecb4e42159ccb935153a1c12675b1,Projection_Length_all,CM,L,True,0,[]
notes/region_analysis_review_20261004/runs/refined_subtables_20261004_072110/subtables/251637_M1.xlsx,586bee8817f067b0538aec704c38008c164ecb4e42159ccb935153a1c12675b1,Projection_Length_all,R,L,True,0,[]
notes/region_analysis_review_20261004/runs/refined_subtables_20261004_072110/subtables/251637_Other.xlsx,f8aa581e2359f255a42881f5163c0212c99e48aa23546970560292ce8d928676,Projection_Length_all,CM,L,True,0,[]
notes/region_analysis_review_20261004/runs/refined_subtables_20261004_072110/subtables/251637_Other.xlsx,f8aa581e2359f255a42881f5163c0212c99e48aa23546970560292ce8d928676,Projection_Length_all,R,L,True,0,[]
notes/region_analysis_review_20261004/runs/refined_subtables_20261004_072110/subtables/251637_PrCO.xlsx,12907c63b01ed15766db0d63bf27d4ea28f9c3e184d2e62e6a554a57181ef47e,Projection_Length_all,CM,L,True,0,[]
notes/region_analysis_review_20261004/runs/refined_subtables_20261004_072110/subtables/251637_PrCO.xlsx,12907c63b01ed15766db0d63bf27d4ea28f9c3e184d2e62e6a554a57181ef47e,Projection_Length_all,R,L,True,0,[]
notes/region_analysis_review_20261004/runs/refined_subtables_20261004_072110/subtables/251637_results.xlsx,6eb191f8b73bb33b0b3989200227b375c141df471327f225126e325394f3e8d3,Projection_Length_all,CM,L,True,0,[]
notes/region_analysis_review_20261004/runs/refined_subtables_20261004_072110/subtables/251637_results.xlsx,6eb191f8b73bb33b0b3989200227b375c141df471327f225126e325394f3e8d3,Projection_Length_all,R,L,True,0,[]
notes/region_analysis_review_20261004/runs/refined_subtables_20261004_072110/subtables/251637_subset.xlsx,a1acdf25e7458866e96b71c25d9db728a2f09320c13e865edb22c7439f4e4051,Projection_Length_all,CM,L,True,0,[]
notes/region_analysis_review_20261004/runs/refined_subtables_20261004_072110/subtables/251637_subset.xlsx,a1acdf25e7458866e96b71c25d9db728a2f09320c13e865edb22c7439f4e4051,Projection_Length_all,R,L,True,0,[]
notes/region_analysis_review_20261004/runs/refined_subtables_20261004_072110/subtables/251637_Unknown.xlsx,cc4e105a0707126d0bd10d795a3fb76b61b95b070c50769d172720bac6da3121,Projection_Length_all,CM,L,True,0,[]
notes/region_analysis_review_20261004/runs/refined_subtables_20261004_072110/subtables/251637_Unknown.xlsx,cc4e105a0707126d0bd10d795a3fb76b61b95b070c50769d172720bac6da3121,Projection_Length_all,R,L,True,0,[]
R_analysis/tables/251637_results_v2.xlsx,a8d15d81c5ae6e9973a61c9b402529bcff216e90b5b969a7943bafef5a2e4e3b,Projection_Length_ipsi,CM,L,True,0,[]
R_analysis/tables/251637_results_v2.xlsx,a8d15d81c5ae6e9973a61c9b402529bcff216e90b5b969a7943bafef5a2e4e3b,Projection_Length_contra,CM,L,True,0,[]
R_analysis/tables/251637_results_v3.xlsx,d57561b9d2c1c98a29f5fa2124eb1c66584236590f8f52a9c4d34363b1bbe672,Projection_Length_ipsi,CM,L,True,0,[]
