check,status,count,examples,file,sheet,sha256,identical_copy_count,error
duplicate_identity,requires_declared_grain_context,874,"[{""sample"": ""251637"", ""neuron_id"": ""001.swc""}, {""sample"": ""251637"", ""neuron_id"": ""001.swc""}, {""sample"": ""251637"", ""neuron_id"": ""001.swc""}, {""sample"": ""251637"", ""neuron_id"": ""002.swc""}, {""sample"": ""251637"", ""neuron_id"": ""002.swc""}, {""sample"": ""251637"", ""neuron_id"": ""002.swc""}, {""sample"": ""251637"", ""neuron_id"": ""003.swc""}, {""sample"": ""251637"", ""neuron_id"": ""003.swc""}, {""sample"": ""251637"", ""neuron_id"": ""003.swc""}, {""sample"": ""251637"", ""neuron_id"": ""004.swc""}, {""sample"": ""251637"", ""neuron_id"": ""004.swc""}, {""sample"": ""251637"", ""neuron_id"": ""004.swc""}, {""sample"": ""251637"", ""neuron_id"": ""005.swc""}, {""sample"": ""251637"", ""neuron_id"": ""005.swc""}, {""sample"": ""251637"", ""neuron_id"": ""005.swc""}, {""sample"": ""251637"", ""neuron_id"": ""006.swc""}, {""sample"": ""251637"", ""neuron_id"": ""006.swc""}, {""sample"": ""251637"", ""neuron_id"": ""006.swc""}, {""sample"": ""251637"", ""neuron_id"": ""007.swc""}, {""sample"": ""251637"", ""neuron_id"": ""007.swc""}]",group_analysis/evolution_20261008/classification/coarse_insula_review_20261009/graph_source_readback.csv,__csv__,3b84a688c9af8e94f81262e365c67354741c347a0b8f3dfc45019051b5d95cb2,1,
duplicate_identity,requires_declared_grain_context,625,"[{""SampleID"": ""252385"", ""NeuronID"": ""021.swc""}, {""SampleID"": ""252385"", ""NeuronID"": ""021.swc""}, {""SampleID"": ""252385"", ""NeuronID"": ""021.swc""}, {""SampleID"": ""252385"", ""NeuronID"": ""021.swc""}, {""SampleID"": ""252385"", ""NeuronID"": ""021.swc""}, {""SampleID"": ""252385"", ""NeuronID"": ""021.swc""}, {""SampleID"": ""252385"", ""NeuronID"": ""021.swc""}, {""SampleID"": ""252385"", ""NeuronID"": ""021.swc""}, {""SampleID"": ""252385"", ""NeuronID"": ""021.swc""}, {""SampleID"": ""252385"", ""NeuronID"": ""021.swc""}, {""SampleID"": ""252385"", ""NeuronID"": ""021.swc""}, {""SampleID"": ""252385"", ""NeuronID"": ""021.swc""}, {""SampleID"": ""252385"", ""NeuronID"": ""021.swc""}, {""SampleID"": ""252385"", ""NeuronID"": ""021.swc""}, {""SampleID"": ""252385"", ""NeuronID"": ""021.swc""}, {""SampleID"": ""252385"", ""NeuronID"": ""021.swc""}, {""SampleID"": ""252385"", ""NeuronID"": ""021.swc""}, {""SampleID"": ""252385"", ""NeuronID"": ""021.swc""}, {""SampleID"": ""252385"", ""NeuronID"": ""021.swc""}, {""SampleID"": ""252385"", ""NeuronID"": ""021.swc""}]",group_analysis/evolution_20261008/endpoint_maps/additional_candidates_20261009/per_neuron_target_counts.csv,__csv__,a43fb855d41065649e94fc9352224fd3280a97466babc62200c775800e2f043b,1,
duplicate_identity,requires_declared_grain_context,11714,"[{""SampleID"": ""252385"", ""NeuronID"": ""025.swc""}, {""SampleID"": ""252385"", ""NeuronID"": ""025.swc""}, {""SampleID"": ""252385"", ""NeuronID"": ""025.swc""}, {""SampleID"": ""252385"", ""NeuronID"": ""025.swc""}, {""SampleID"": ""252385"", ""NeuronID"": ""025.swc""}, {""SampleID"": ""252385"", ""NeuronID"": ""025.swc""}, {""SampleID"": ""252385"", ""NeuronID"": ""025.swc""}, {""SampleID"": ""252385"", ""NeuronID"": ""025.swc""}, {""SampleID"": ""252385"", ""NeuronID"": ""025.swc""}, {""SampleID"": ""252385"", ""NeuronID"": ""025.swc""}, {""SampleID"": ""252385"", ""NeuronID"": ""025.swc""}, {""SampleID"": ""252385"", ""NeuronID"": ""025.swc""}, {""SampleID"": ""252385"", ""NeuronID"": ""025.swc""}, {""SampleID"": ""252385"", ""NeuronID"": ""025.swc""}, {""SampleID"": ""252385"", ""NeuronID"": ""025.swc""}, {""SampleID"": ""252385"", ""NeuronID"": ""025.swc""}, {""SampleID"": ""252385"", ""NeuronID"": ""025.swc""}, {""SampleID"": ""252385"", ""NeuronID"": ""025.swc""}, {""SampleID"": ""252385"", ""NeuronID"": ""026.swc""}, {""SampleID"": ""252385"", ""NeuronID"": ""026.swc""}]",group_analysis/evolution_20261008/endpoint_maps/multimonkey_coarse_20261009/per_neuron_target_counts.csv,__csv__,5273017c7c1364e4c4a3ae5340e5d1f19338e73b0e0cc7e1d20bfcccd42540a0,1,
composite_UID_mismatch,verified_identity_issue,306,"[{""SampleID"": ""251637"", ""NeuronID"": ""001.swc"", ""NeuronUID"": ""251637_001""}, {""SampleID"": ""251637"", ""NeuronID"": ""002.swc"", ""NeuronUID"": ""251637_002""}, {""SampleID"": ""251637"", ""NeuronID"": ""003.swc"", ""NeuronUID"": ""251637_003""}, {""SampleID"": ""251637"", ""NeuronID"": ""004.swc"", ""NeuronUID"": ""251637_004""}, {""SampleID"": ""251637"", ""NeuronID"": ""005.swc"", ""NeuronUID"": ""251637_005""}, {""SampleID"": ""251637"", ""NeuronID"": ""006.swc"", ""NeuronUID"": ""251637_006""}, {""SampleID"": ""251637"", ""NeuronID"": ""007.swc"", ""NeuronUID"": ""251637_007""}, {""SampleID"": ""251637"", ""NeuronID"": ""008.swc"", ""NeuronUID"": ""251637_008""}, {""SampleID"": ""251637"", ""NeuronID"": ""009.swc"", ""NeuronUID"": ""251637_009""}, {""SampleID"": ""251637"", ""NeuronID"": ""010.swc"", ""NeuronUID"": ""251637_010""}, {""SampleID"": ""251637"", ""NeuronID"": ""011.swc"", ""NeuronUID"": ""251637_011""}, {""SampleID"": ""251637"", ""NeuronID"": ""012.swc"", ""NeuronUID"": ""251637_012""}, {""SampleID"": ""251637"", ""NeuronID"": ""013.swc"", ""NeuronUID"": ""251637_013""}, {""SampleID"": ""251637"", ""NeuronID"": ""014.swc"", ""NeuronUID"": ""251637_014""}, {""SampleID"": ""251637"", ""NeuronID"": ""015.swc"", ""NeuronUID"": ""251637_015""}]",group_analysis/fnt/run_log.csv,__csv__,405344b34ffd3e641c28f5fc2bec4cfd6e7a1370129f993bcd3d305b533cd67c,1,
parse_failure,explicit_unassessed,,,group_analysis/portal_audit_20260928/changed_sample_neuron_ids.csv,,f01a374e9c81e3db89b3a42940c4d6a5447684986a1296e42bf13f196eed6295,,No columns to parse from file
composite_UID_mismatch,verified_identity_issue,306,"[{""SampleID"": ""251637"", ""NeuronID"": ""001.swc"", ""NeuronUID"": ""251637::001.swc""}, {""SampleID"": ""251637"", ""NeuronID"": ""002.swc"", ""NeuronUID"": ""251637::002.swc""}, {""SampleID"": ""251637"", ""NeuronID"": ""003.swc"", ""NeuronUID"": ""251637::003.swc""}, {""SampleID"": ""251637"", ""NeuronID"": ""004.swc"", ""NeuronUID"": ""251637::004.swc""}, {""SampleID"": ""251637"", ""NeuronID"": ""005.swc"", ""NeuronUID"": ""251637::005.swc""}, {""SampleID"": ""251637"", ""NeuronID"": ""006.swc"", ""NeuronUID"": ""251637::006.swc""}, {""SampleID"": ""251637"", ""NeuronID"": ""007.swc"", ""NeuronUID"": ""251637::007.swc""}, {""SampleID"": ""251637"", ""NeuronID"": ""008.swc"", ""NeuronUID"": ""251637::008.swc""}, {""SampleID"": ""251637"", ""NeuronID"": ""009.swc"", ""NeuronUID"": ""251637::009.swc""}, {""SampleID"": ""251637"", ""NeuronID"": ""010.swc"", ""NeuronUID"": ""251637::010.swc""}, {""SampleID"": ""251637"", ""NeuronID"": ""011.swc"", ""NeuronUID"": ""251637::011.swc""}, {""SampleID"": ""251637"", ""NeuronID"": ""012.swc"", ""NeuronUID"": ""251637::012.swc""}, {""SampleID"": ""251637"", ""NeuronID"": ""013.swc"", ""NeuronUID"": ""251637::013.swc""}, {""SampleID"": ""251637"", ""NeuronID"": ""014.swc"", ""NeuronUID"": ""251637::014.swc""}, {""SampleID"": ""251637"", ""NeuronID"": ""015.swc"", ""NeuronUID"": ""251637::015.swc""}]",group_analysis/R_analysis/outputs/tables/per_neuron_scores_combined.csv,__csv__,0690207d91f20767e4a6a528a16286b1b3a4b89e0c80ce834dab47623342398a,1,
region_prefix_vs_stored_side,preserved_label_conflict_not_anatomical_verdict,2,"[{""NeuronID"": ""112.swc"", ""Soma_Region"": ""L-IDM"", ""Soma_Side"": ""R""}, {""NeuronID"": ""114.swc"", ""Soma_Region"": ""L-IDD5"", ""Soma_Side"": ""R""}]",group_analysis/reference/251637_subregion_neurons.csv,__csv__,0ea640d57a0233180be3f5a908eff2942b01c292d5f4a47aa2c5f7362d789898,1,
region_prefix_vs_stored_side,preserved_label_conflict_not_anatomical_verdict,2,"[{""NeuronID"": ""112.swc"", ""Soma_Region"": ""L-IDM"", ""Soma_Side"": ""R""}, {""NeuronID"": ""114.swc"", ""Soma_Region"": ""L-IDD5"", ""Soma_Side"": ""R""}]",group_analysis/staging_20260926/reference/251637_subregion_neurons.csv,__csv__,65380be00affb587b53edcb9ee540fbe9b15fc674be8347d6e00c10ba0480a5a,1,
duplicate_identity,requires_declared_grain_context,520,"[{""SampleID"": ""251637"", ""NeuronID"": ""001.swc""}, {""SampleID"": ""251637"", ""NeuronID"": ""002.swc""}, {""SampleID"": ""251637"", ""NeuronID"": ""003.swc""}, {""SampleID"": ""251637"", ""NeuronID"": ""004.swc""}, {""SampleID"": ""251637"", ""NeuronID"": ""005.swc""}, {""SampleID"": ""251637"", ""NeuronID"": ""006.swc""}, {""SampleID"": ""251637"", ""NeuronID"": ""007.swc""}, {""SampleID"": ""251637"", ""NeuronID"": ""008.swc""}, {""SampleID"": ""251637"", ""NeuronID"": ""009.swc""}, {""SampleID"": ""251637"", ""NeuronID"": ""010.swc""}, {""SampleID"": ""251637"", ""NeuronID"": ""011.swc""}, {""SampleID"": ""251637"", ""NeuronID"": ""012.swc""}, {""SampleID"": ""251637"", ""NeuronID"": ""013.swc""}, {""SampleID"": ""251637"", ""NeuronID"": ""014.swc""}, {""SampleID"": ""251637"", ""NeuronID"": ""015.swc""}, {""SampleID"": ""251637"", ""NeuronID"": ""016.swc""}, {""SampleID"": ""251637"", ""NeuronID"": ""017.swc""}, {""SampleID"": ""251637"", ""NeuronID"": ""018.swc""}, {""SampleID"": ""251637"", ""NeuronID"": ""019.swc""}, {""SampleID"": ""251637"", ""NeuronID"": ""020.swc""}]",notes/region_analysis_review_20261004/existing_table_region_baseline_rows.csv,__csv__,8a43766332270bd76063ecbb2e9d67d3fd6afffd27e7f334ea43f3a37f20117a,1,
