file,sha256,sheet,row_1based,NeuronID,target,independent_length,independent_strength,independent_expected
main_scripts/neuron_tables/251637_subset_multisheets.xlsx,30e54f503b74a3ea61f05314d4d65a7b374c6eff0f78e1f9cf0c234a662e7cb6,Projection_Strength_ipsi,101,523.swc,M1,1074.520999999986,4.8942,3.0316
main_scripts/neuron_tables/251637_subset_multisheets.xlsx,30e54f503b74a3ea61f05314d4d65a7b374c6eff0f78e1f9cf0c234a662e7cb6,Projection_Strength_contra,101,523.swc,M1,1074.520999999986,4.8942,3.0316
main_scripts/neuron_tables/251637_subset_multisheets.xlsx,30e54f503b74a3ea61f05314d4d65a7b374c6eff0f78e1f9cf0c234a662e7cb6,Projection_Strength_L3_ipsi,101,523.swc,M1/PM,1074.520999999986,4.8942,3.0316
main_scripts/neuron_tables/251637_subset_multisheets.xlsx,30e54f503b74a3ea61f05314d4d65a7b374c6eff0f78e1f9cf0c234a662e7cb6,Projection_Strength_L3_contra,101,523.swc,M1/PM,1074.520999999986,4.8942,3.0316
neuron_tables/251637_FULL.xlsx,9230890cb128942c6397e58e8853750b2693199bec6169206c82a8024e19281a,Projection_Strength_ipsi,524,523.swc,M1,1074.520999999986,4.8942,3.0316
neuron_tables/251637_FULL.xlsx,9230890cb128942c6397e58e8853750b2693199bec6169206c82a8024e19281a,Projection_Strength_contra,524,523.swc,M1,1074.520999999986,4.8942,3.0316
neuron_tables/251637_FULL.xlsx,9230890cb128942c6397e58e8853750b2693199bec6169206c82a8024e19281a,Projection_Strength_L3_ipsi,524,523.swc,M1/PM,1074.520999999986,4.8942,3.0316
neuron_tables/251637_FULL.xlsx,9230890cb128942c6397e58e8853750b2693199bec6169206c82a8024e19281a,Projection_Strength_L3_contra,524,523.swc,M1/PM,1074.520999999986,4.8942,3.0316
neuron_tables/251637_subset.xlsx,eff9eb548faf74b769d6759b0ee71c68977597401fae54460bb72b25483a793f,Projection_Strength_ipsi,106,523.swc,M1,1074.520999999986,4.8942,3.0316
neuron_tables/251637_subset.xlsx,eff9eb548faf74b769d6759b0ee71c68977597401fae54460bb72b25483a793f,Projection_Strength_contra,106,523.swc,M1,1074.520999999986,4.8942,3.0316
neuron_tables/251637_subset.xlsx,eff9eb548faf74b769d6759b0ee71c68977597401fae54460bb72b25483a793f,Projection_Strength_L3_ipsi,106,523.swc,M1/PM,1074.520999999986,4.8942,3.0316
neuron_tables/251637_subset.xlsx,eff9eb548faf74b769d6759b0ee71c68977597401fae54460bb72b25483a793f,Projection_Strength_L3_contra,106,523.swc,M1/PM,1074.520999999986,4.8942,3.0316
neuron_tables/251637_Unknown.xlsx,7516a2dc3ddd7b8d4349d29ad04ab74c754b5c6f3a11efd39e457817c01b191a,Projection_Strength_ipsi,45,523.swc,M1,1074.520999999986,4.8942,3.0316
neuron_tables/251637_Unknown.xlsx,7516a2dc3ddd7b8d4349d29ad04ab74c754b5c6f3a11efd39e457817c01b191a,Projection_Strength_contra,45,523.swc,M1,1074.520999999986,4.8942,3.0316
neuron_tables/251637_Unknown.xlsx,7516a2dc3ddd7b8d4349d29ad04ab74c754b5c6f3a11efd39e457817c01b191a,Projection_Strength_L3_ipsi,45,523.swc,M1/PM,1074.520999999986,4.8942,3.0316
neuron_tables/251637_Unknown.xlsx,7516a2dc3ddd7b8d4349d29ad04ab74c754b5c6f3a11efd39e457817c01b191a,Projection_Strength_L3_contra,45,523.swc,M1/PM,1074.520999999986,4.8942,3.0316
