file,sheet,target_column,domain,positive_neuron_rows,sum_stored_length_units,positive_IDs
group_analysis/combined/multi_monkey_INS_combined.xlsx,Projection_Length_ipsi,Pi,ambiguous_stripped_Pi,14,365.9590000000008,"[{""NeuronUID"": ""251637::010.swc""}, {""NeuronUID"": ""251637::016.swc""}, {""NeuronUID"": ""251637::039.swc""}, {""NeuronUID"": ""251637::117.swc""}, {""NeuronUID"": ""251637::118.swc""}, {""NeuronUID"": ""251637::402.swc""}, {""NeuronUID"": ""251637::433.swc""}, {""NeuronUID"": ""251637::440.swc""}, {""NeuronUID"": ""251637::445.swc""}, {""NeuronUID"": ""251637::446.swc""}, {""NeuronUID"": ""251637::447.swc""}, {""NeuronUID"": ""251637::472.swc""}, {""NeuronUID"": ""251637::482.swc""}, {""NeuronUID"": ""252385::038.swc""}]"
group_analysis/combined/multi_monkey_INS_combined_harmonized.xlsx,Projection_Length_ipsi,Pi,ambiguous_stripped_Pi,19,459.62700000000075,"[{""NeuronUID"": ""251637::010.swc""}, {""NeuronUID"": ""251637::016.swc""}, {""NeuronUID"": ""251637::039.swc""}, {""NeuronUID"": ""251637::117.swc""}, {""NeuronUID"": ""251637::118.swc""}, {""NeuronUID"": ""251637::402.swc""}, {""NeuronUID"": ""251637::433.swc""}, {""NeuronUID"": ""251637::440.swc""}, {""NeuronUID"": ""251637::445.swc""}, {""NeuronUID"": ""251637::446.swc""}, {""NeuronUID"": ""251637::447.swc""}, {""NeuronUID"": ""251637::472.swc""}, {""NeuronUID"": ""251637::482.swc""}, {""NeuronUID"": ""252385::038.swc""}, {""NeuronUID"": ""252527::054.swc""}, {""NeuronUID"": ""252527::059.swc""}, {""NeuronUID"": ""252527::088.swc""}, {""NeuronUID"": ""252527::089.swc""}, {""NeuronUID"": ""252527::090.swc""}]"
group_analysis/staging_20260926/combined/multi_monkey_INS_combined.xlsx,Projection_Length_ipsi,Pi,ambiguous_stripped_Pi,24,662.9680000000017,"[{""NeuronUID"": ""251637::010.swc""}, {""NeuronUID"": ""251637::016.swc""}, {""NeuronUID"": ""251637::039.swc""}, {""NeuronUID"": ""251637::117.swc""}, {""NeuronUID"": ""251637::118.swc""}, {""NeuronUID"": ""251637::402.swc""}, {""NeuronUID"": ""251637::433.swc""}, {""NeuronUID"": ""251637::440.swc""}, {""NeuronUID"": ""251637::445.swc""}, {""NeuronUID"": ""251637::446.swc""}, {""NeuronUID"": ""251637::447.swc""}, {""NeuronUID"": ""251637::472.swc""}, {""NeuronUID"": ""251637::482.swc""}, {""NeuronUID"": ""252385::038.swc""}, {""NeuronUID"": ""252527::054.swc""}, {""NeuronUID"": ""252527::059.swc""}, {""NeuronUID"": ""252527::088.swc""}, {""NeuronUID"": ""252527::089.swc""}, {""NeuronUID"": ""252527::090.swc""}, {""NeuronUID"": ""252790::024.swc""}, {""NeuronUID"": ""252790::052.swc""}, {""NeuronUID"": ""252790::054.swc""}, {""NeuronUID"": ""252790::113.swc""}, {""NeuronUID"": ""250432::117.swc""}]"
group_analysis/staging_20260926/combined/multi_monkey_INS_combined.xlsx,Projection_Length_contra,Pi,ambiguous_stripped_Pi,2,54.14399999999992,"[{""NeuronUID"": ""252790::024.swc""}, {""NeuronUID"": ""252790::057.swc""}]"
group_analysis/staging_20260926/combined/multi_monkey_INS_combined_harmonized.xlsx,Projection_Length_ipsi,Pi,ambiguous_stripped_Pi,24,662.9680000000017,"[{""NeuronUID"": ""251637::010.swc""}, {""NeuronUID"": ""251637::016.swc""}, {""NeuronUID"": ""251637::039.swc""}, {""NeuronUID"": ""251637::117.swc""}, {""NeuronUID"": ""251637::118.swc""}, {""NeuronUID"": ""251637::402.swc""}, {""NeuronUID"": ""251637::433.swc""}, {""NeuronUID"": ""251637::440.swc""}, {""NeuronUID"": ""251637::445.swc""}, {""NeuronUID"": ""251637::446.swc""}, {""NeuronUID"": ""251637::447.swc""}, {""NeuronUID"": ""251637::472.swc""}, {""NeuronUID"": ""251637::482.swc""}, {""NeuronUID"": ""252385::038.swc""}, {""NeuronUID"": ""252527::054.swc""}, {""NeuronUID"": ""252527::059.swc""}, {""NeuronUID"": ""252527::088.swc""}, {""NeuronUID"": ""252527::089.swc""}, {""NeuronUID"": ""252527::090.swc""}, {""NeuronUID"": ""252790::024.swc""}, {""NeuronUID"": ""252790::052.swc""}, {""NeuronUID"": ""252790::054.swc""}, {""NeuronUID"": ""252790::113.swc""}, {""NeuronUID"": ""250432::117.swc""}]"
group_analysis/staging_20260926/combined/multi_monkey_INS_combined_harmonized.xlsx,Projection_Length_contra,Pi,ambiguous_stripped_Pi,2,54.14399999999992,"[{""NeuronUID"": ""252790::024.swc""}, {""NeuronUID"": ""252790::057.swc""}]"
group_analysis/step1_results/250432_20260927_151627_region_analysis/tables/250432_results_20260927_152045.xlsx,Projection_Length_ipsi,Pi,ambiguous_stripped_Pi,6,263.50300000000163,"[{""NeuronID"": ""117.swc""}, {""NeuronID"": ""132.swc""}, {""NeuronID"": ""144.swc""}, {""NeuronID"": ""152.swc""}, {""NeuronID"": ""177.swc""}, {""NeuronID"": ""205.swc""}]"
group_analysis/step1_results/252383_20260604_142929_region_analysis/tables/252383_results_20260604_143044.xlsx,Projection_Length_ipsi,Pi,ambiguous_stripped_Pi,1,0.181,"[{""NeuronID"": ""126.swc""}]"
group_analysis/step1_results/252385_20260604_142929_region_analysis/tables/252385_results_20260604_143044.xlsx,Projection_Length_ipsi,Pi,ambiguous_stripped_Pi,1,102.1130000000011,"[{""NeuronID"": ""038.swc""}]"
group_analysis/step1_results/252527_20260604_142929_region_analysis/tables/252527_results_20260604_143153.xlsx,Projection_Length_ipsi,Pi,ambiguous_stripped_Pi,5,93.6679999999999,"[{""NeuronID"": ""054.swc""}, {""NeuronID"": ""059.swc""}, {""NeuronID"": ""088.swc""}, {""NeuronID"": ""089.swc""}, {""NeuronID"": ""090.swc""}]"
group_analysis/step1_results/252714_20260927_152050_region_analysis/tables/252714_results_20260927_152449.xlsx,Projection_Length_ipsi,Pi,ambiguous_stripped_Pi,1,0.7080000000000002,"[{""NeuronID"": ""017.swc""}]"
group_analysis/step1_results/252790_20260927_151228_region_analysis/tables/252790_results_20260927_151623.xlsx,Projection_Length_ipsi,Pi,ambiguous_stripped_Pi,4,144.1180000000009,"[{""NeuronID"": ""024.swc""}, {""NeuronID"": ""052.swc""}, {""NeuronID"": ""054.swc""}, {""NeuronID"": ""113.swc""}]"
group_analysis/step1_results/252790_20260927_151228_region_analysis/tables/252790_results_20260927_151623.xlsx,Projection_Length_contra,Pi,ambiguous_stripped_Pi,2,54.14399999999992,"[{""NeuronID"": ""024.swc""}, {""NeuronID"": ""057.swc""}]"
main_scripts/neuron_tables/251637_results.xlsx,Projection_Length,CL_Pi,parainsula,8,136.4649999999998,"[{""NeuronID"": ""399.swc""}, {""NeuronID"": ""402.swc""}, {""NeuronID"": ""433.swc""}, {""NeuronID"": ""445.swc""}, {""NeuronID"": ""446.swc""}, {""NeuronID"": ""447.swc""}, {""NeuronID"": ""472.swc""}, {""NeuronID"": ""482.swc""}]"
main_scripts/neuron_tables/251637_results.xlsx,Projection_Length,CR_Pi,parainsula,11,94.62599999999993,"[{""NeuronID"": ""016.swc""}, {""NeuronID"": ""039.swc""}, {""NeuronID"": ""042.swc""}, {""NeuronID"": ""083.swc""}, {""NeuronID"": ""104.swc""}, {""NeuronID"": ""117.swc""}, {""NeuronID"": ""118.swc""}, {""NeuronID"": ""129.swc""}, {""NeuronID"": ""135.swc""}, {""NeuronID"": ""141.swc""}, {""NeuronID"": ""143.swc""}]"
main_scripts/neuron_tables/251637_results_v5.xlsx,Projection_Length_ipsi,Pi,ambiguous_stripped_Pi,19,231.09099999999972,"[{""NeuronID"": ""016.swc""}, {""NeuronID"": ""039.swc""}, {""NeuronID"": ""042.swc""}, {""NeuronID"": ""083.swc""}, {""NeuronID"": ""104.swc""}, {""NeuronID"": ""117.swc""}, {""NeuronID"": ""118.swc""}, {""NeuronID"": ""129.swc""}, {""NeuronID"": ""135.swc""}, {""NeuronID"": ""141.swc""}, {""NeuronID"": ""143.swc""}, {""NeuronID"": ""399.swc""}, {""NeuronID"": ""402.swc""}, {""NeuronID"": ""433.swc""}, {""NeuronID"": ""445.swc""}, {""NeuronID"": ""446.swc""}, {""NeuronID"": ""447.swc""}, {""NeuronID"": ""472.swc""}, {""NeuronID"": ""482.swc""}]"
main_scripts/neuron_tables/251637_subset_multisheets.xlsx,Projection_Length_ipsi,Pi,ambiguous_stripped_Pi,3,69.48199999999997,"[{""NeuronID"": ""010.swc""}, {""NeuronID"": ""439.swc""}, {""NeuronID"": ""440.swc""}]"
main_scripts/neuron_tables/251637_subset_multisheets.xlsx,Projection_Length_contra,Pi,ambiguous_stripped_Pi,2,31.582,"[{""NeuronID"": ""439.swc""}, {""NeuronID"": ""440.swc""}]"
neuron_tables/251637_ACC.xlsx,Projection_Length_ipsi,Pi,ambiguous_stripped_Pi,0,0.0,[]
neuron_tables/251637_ACC.xlsx,Projection_Length_contra,Pi,ambiguous_stripped_Pi,0,0.0,[]
neuron_tables/251637_FULL.xlsx,Projection_Length_ipsi,Pi,ambiguous_stripped_Pi,22,300.5729999999997,"[{""NeuronID"": ""010.swc""}, {""NeuronID"": ""016.swc""}, {""NeuronID"": ""039.swc""}, {""NeuronID"": ""042.swc""}, {""NeuronID"": ""083.swc""}, {""NeuronID"": ""104.swc""}, {""NeuronID"": ""117.swc""}, {""NeuronID"": ""118.swc""}, {""NeuronID"": ""129.swc""}, {""NeuronID"": ""135.swc""}, {""NeuronID"": ""141.swc""}, {""NeuronID"": ""143.swc""}, {""NeuronID"": ""399.swc""}, {""NeuronID"": ""402.swc""}, {""NeuronID"": ""433.swc""}, {""NeuronID"": ""439.swc""}, {""NeuronID"": ""440.swc""}, {""NeuronID"": ""445.swc""}, {""NeuronID"": ""446.swc""}, {""NeuronID"": ""447.swc""}, {""NeuronID"": ""472.swc""}, {""NeuronID"": ""482.swc""}]"
neuron_tables/251637_FULL.xlsx,Projection_Length_contra,Pi,ambiguous_stripped_Pi,2,31.582,"[{""NeuronID"": ""439.swc""}, {""NeuronID"": ""440.swc""}]"
neuron_tables/251637_INS.xlsx,Projection_Length_ipsi,Pi,ambiguous_stripped_Pi,11,194.96299999999974,"[{""NeuronID"": ""016.swc""}, {""NeuronID"": ""039.swc""}, {""NeuronID"": ""117.swc""}, {""NeuronID"": ""118.swc""}, {""NeuronID"": ""402.swc""}, {""NeuronID"": ""433.swc""}, {""NeuronID"": ""445.swc""}, {""NeuronID"": ""446.swc""}, {""NeuronID"": ""447.swc""}, {""NeuronID"": ""472.swc""}, {""NeuronID"": ""482.swc""}]"
neuron_tables/251637_INS_HE.xlsx,Projection_Length_ipsi,Pi,ambiguous_stripped_Pi,22,300.5729999999997,"[{""NeuronID"": ""010.swc""}, {""NeuronID"": ""016.swc""}, {""NeuronID"": ""039.swc""}, {""NeuronID"": ""042.swc""}, {""NeuronID"": ""083.swc""}, {""NeuronID"": ""104.swc""}, {""NeuronID"": ""117.swc""}, {""NeuronID"": ""118.swc""}, {""NeuronID"": ""129.swc""}, {""NeuronID"": ""135.swc""}, {""NeuronID"": ""141.swc""}, {""NeuronID"": ""143.swc""}, {""NeuronID"": ""399.swc""}, {""NeuronID"": ""402.swc""}, {""NeuronID"": ""433.swc""}, {""NeuronID"": ""439.swc""}, {""NeuronID"": ""440.swc""}, {""NeuronID"": ""445.swc""}, {""NeuronID"": ""446.swc""}, {""NeuronID"": ""447.swc""}, {""NeuronID"": ""472.swc""}, {""NeuronID"": ""482.swc""}]"
neuron_tables/251637_INS_HE.xlsx,Projection_Length_contra,Pi,ambiguous_stripped_Pi,2,31.582,"[{""NeuronID"": ""439.swc""}, {""NeuronID"": ""440.swc""}]"
neuron_tables/251637_INS_HE_inferred.xlsx,Projection_Length_ipsi,Pi,ambiguous_stripped_Pi,22,300.5729999999997,"[{""NeuronID"": ""010.swc""}, {""NeuronID"": ""016.swc""}, {""NeuronID"": ""039.swc""}, {""NeuronID"": ""042.swc""}, {""NeuronID"": ""083.swc""}, {""NeuronID"": ""104.swc""}, {""NeuronID"": ""117.swc""}, {""NeuronID"": ""118.swc""}, {""NeuronID"": ""129.swc""}, {""NeuronID"": ""135.swc""}, {""NeuronID"": ""141.swc""}, {""NeuronID"": ""143.swc""}, {""NeuronID"": ""399.swc""}, {""NeuronID"": ""402.swc""}, {""NeuronID"": ""433.swc""}, {""NeuronID"": ""439.swc""}, {""NeuronID"": ""440.swc""}, {""NeuronID"": ""445.swc""}, {""NeuronID"": ""446.swc""}, {""NeuronID"": ""447.swc""}, {""NeuronID"": ""472.swc""}, {""NeuronID"": ""482.swc""}]"
neuron_tables/251637_INS_HE_inferred.xlsx,Projection_Length_contra,Pi,ambiguous_stripped_Pi,2,31.582,"[{""NeuronID"": ""439.swc""}, {""NeuronID"": ""440.swc""}]"
neuron_tables/251637_Other.xlsx,Projection_Length_ipsi,Pi,ambiguous_stripped_Pi,0,0.0,[]
neuron_tables/251637_Other.xlsx,Projection_Length_contra,Pi,ambiguous_stripped_Pi,0,0.0,[]
neuron_tables/251637_PrCO.xlsx,Projection_Length_ipsi,Pi,ambiguous_stripped_Pi,1,37.89999999999996,"[{""NeuronID"": ""010.swc""}]"
neuron_tables/251637_PrCO.xlsx,Projection_Length_contra,Pi,ambiguous_stripped_Pi,0,0.0,[]
neuron_tables/251637_subset.xlsx,Projection_Length_ipsi,Pi,ambiguous_stripped_Pi,3,69.48199999999997,"[{""NeuronID"": ""010.swc""}, {""NeuronID"": ""439.swc""}, {""NeuronID"": ""440.swc""}]"
neuron_tables/251637_subset.xlsx,Projection_Length_contra,Pi,ambiguous_stripped_Pi,2,31.582,"[{""NeuronID"": ""439.swc""}, {""NeuronID"": ""440.swc""}]"
neuron_tables/251637_Unknown.xlsx,Projection_Length_ipsi,Pi,ambiguous_stripped_Pi,2,31.582,"[{""NeuronID"": ""439.swc""}, {""NeuronID"": ""440.swc""}]"
neuron_tables/251637_Unknown.xlsx,Projection_Length_contra,Pi,ambiguous_stripped_Pi,2,31.582,"[{""NeuronID"": ""439.swc""}, {""NeuronID"": ""440.swc""}]"
neuron_tables_new/251637_ACC.xlsx,Projection_Length_ipsi,Pi,ambiguous_stripped_Pi,0,0.0,[]
neuron_tables_new/251637_FULL.xlsx,Projection_Length_ipsi,Pi,ambiguous_stripped_Pi,13,263.8459999999997,"[{""NeuronID"": ""010.swc""}, {""NeuronID"": ""016.swc""}, {""NeuronID"": ""039.swc""}, {""NeuronID"": ""117.swc""}, {""NeuronID"": ""118.swc""}, {""NeuronID"": ""402.swc""}, {""NeuronID"": ""433.swc""}, {""NeuronID"": ""440.swc""}, {""NeuronID"": ""445.swc""}, {""NeuronID"": ""446.swc""}, {""NeuronID"": ""447.swc""}, {""NeuronID"": ""472.swc""}, {""NeuronID"": ""482.swc""}]"
neuron_tables_new/251637_INS.xlsx,Projection_Length_ipsi,Pi,ambiguous_stripped_Pi,11,194.96299999999974,"[{""NeuronID"": ""016.swc""}, {""NeuronID"": ""039.swc""}, {""NeuronID"": ""117.swc""}, {""NeuronID"": ""118.swc""}, {""NeuronID"": ""402.swc""}, {""NeuronID"": ""433.swc""}, {""NeuronID"": ""445.swc""}, {""NeuronID"": ""446.swc""}, {""NeuronID"": ""447.swc""}, {""NeuronID"": ""472.swc""}, {""NeuronID"": ""482.swc""}]"
neuron_tables_new/251637_INS_HE.xlsx,Projection_Length_ipsi,Pi,ambiguous_stripped_Pi,13,263.84599999999966,"[{""NeuronID"": ""010.swc""}, {""NeuronID"": ""016.swc""}, {""NeuronID"": ""039.swc""}, {""NeuronID"": ""117.swc""}, {""NeuronID"": ""118.swc""}, {""NeuronID"": ""402.swc""}, {""NeuronID"": ""433.swc""}, {""NeuronID"": ""440.swc""}, {""NeuronID"": ""445.swc""}, {""NeuronID"": ""446.swc""}, {""NeuronID"": ""447.swc""}, {""NeuronID"": ""472.swc""}, {""NeuronID"": ""482.swc""}]"
neuron_tables_new/251637_INS_HE_inferred.xlsx,Projection_Length_ipsi,Pi,ambiguous_stripped_Pi,13,263.84599999999966,"[{""NeuronID"": ""010.swc""}, {""NeuronID"": ""016.swc""}, {""NeuronID"": ""039.swc""}, {""NeuronID"": ""117.swc""}, {""NeuronID"": ""118.swc""}, {""NeuronID"": ""402.swc""}, {""NeuronID"": ""433.swc""}, {""NeuronID"": ""440.swc""}, {""NeuronID"": ""445.swc""}, {""NeuronID"": ""446.swc""}, {""NeuronID"": ""447.swc""}, {""NeuronID"": ""472.swc""}, {""NeuronID"": ""482.swc""}]"
neuron_tables_new/251637_M1.xlsx,Projection_Length_ipsi,Pi,ambiguous_stripped_Pi,0,0.0,[]
neuron_tables_new/251637_Other.xlsx,Projection_Length_ipsi,Pi,ambiguous_stripped_Pi,0,0.0,[]
neuron_tables_new/251637_PrCO.xlsx,Projection_Length_ipsi,Pi,ambiguous_stripped_Pi,1,37.89999999999996,"[{""NeuronID"": ""010.swc""}]"
neuron_tables_new/251637_results.xlsx,Projection_Length_ipsi,Pi,ambiguous_stripped_Pi,11,194.96299999999974,"[{""NeuronID"": ""016.swc""}, {""NeuronID"": ""039.swc""}, {""NeuronID"": ""117.swc""}, {""NeuronID"": ""118.swc""}, {""NeuronID"": ""402.swc""}, {""NeuronID"": ""433.swc""}, {""NeuronID"": ""445.swc""}, {""NeuronID"": ""446.swc""}, {""NeuronID"": ""447.swc""}, {""NeuronID"": ""472.swc""}, {""NeuronID"": ""482.swc""}]"
neuron_tables_new/251637_Unknown.xlsx,Projection_Length_ipsi,Pi,ambiguous_stripped_Pi,1,30.983,"[{""NeuronID"": ""440.swc""}]"
notes/region_analysis_review_20261004/runs/all_sources_20261004_071659/250432_20261004_071700_region_analysis/tables/250432_results_20261004_071850.xlsx,Projection_Length_all,CL_Pi,parainsula,1,0.36,"[{""NeuronID"": ""205.swc""}]"
notes/region_analysis_review_20261004/runs/all_sources_20261004_071659/250432_20261004_071700_region_analysis/tables/250432_results_20261004_071850.xlsx,Projection_Length_all,CR_Pi,parainsula,5,263.1430000000016,"[{""NeuronID"": ""117.swc""}, {""NeuronID"": ""132.swc""}, {""NeuronID"": ""144.swc""}, {""NeuronID"": ""152.swc""}, {""NeuronID"": ""177.swc""}]"
notes/region_analysis_review_20261004/runs/all_sources_20261004_071659/250432_20261004_071700_region_analysis/tables/250432_results_20261004_071850.xlsx,Projection_Length_ipsi,Pi,ambiguous_stripped_Pi,6,263.50300000000163,"[{""NeuronID"": ""117.swc""}, {""NeuronID"": ""132.swc""}, {""NeuronID"": ""144.swc""}, {""NeuronID"": ""152.swc""}, {""NeuronID"": ""177.swc""}, {""NeuronID"": ""205.swc""}]"
notes/region_analysis_review_20261004/runs/all_sources_20261004_071659/251637_20261004_071918_region_analysis/tables/251637_results_20261004_072059.xlsx,Projection_Length_all,CL_Pi,parainsula,8,159.8659999999998,"[{""NeuronID"": ""402.swc""}, {""NeuronID"": ""433.swc""}, {""NeuronID"": ""440.swc""}, {""NeuronID"": ""445.swc""}, {""NeuronID"": ""446.swc""}, {""NeuronID"": ""447.swc""}, {""NeuronID"": ""472.swc""}, {""NeuronID"": ""482.swc""}]"
notes/region_analysis_review_20261004/runs/all_sources_20261004_071659/251637_20261004_071918_region_analysis/tables/251637_results_20261004_072059.xlsx,Projection_Length_all,CR_Pi,parainsula,5,103.9799999999999,"[{""NeuronID"": ""010.swc""}, {""NeuronID"": ""016.swc""}, {""NeuronID"": ""039.swc""}, {""NeuronID"": ""117.swc""}, {""NeuronID"": ""118.swc""}]"
notes/region_analysis_review_20261004/runs/all_sources_20261004_071659/251637_20261004_071918_region_analysis/tables/251637_results_20261004_072059.xlsx,Projection_Length_ipsi,Pi,ambiguous_stripped_Pi,13,263.84599999999966,"[{""NeuronID"": ""010.swc""}, {""NeuronID"": ""016.swc""}, {""NeuronID"": ""039.swc""}, {""NeuronID"": ""117.swc""}, {""NeuronID"": ""118.swc""}, {""NeuronID"": ""402.swc""}, {""NeuronID"": ""433.swc""}, {""NeuronID"": ""440.swc""}, {""NeuronID"": ""445.swc""}, {""NeuronID"": ""446.swc""}, {""NeuronID"": ""447.swc""}, {""NeuronID"": ""472.swc""}, {""NeuronID"": ""482.swc""}]"
notes/region_analysis_review_20261004/runs/all_sources_20261004_071659/252383_20261004_072221_region_analysis/tables/252383_results_20261004_072319.xlsx,Projection_Length_all,CR_Pi,parainsula,1,0.181,"[{""NeuronID"": ""126.swc""}]"
notes/region_analysis_review_20261004/runs/all_sources_20261004_071659/252383_20261004_072221_region_analysis/tables/252383_results_20261004_072319.xlsx,Projection_Length_ipsi,Pi,ambiguous_stripped_Pi,1,0.181,"[{""NeuronID"": ""126.swc""}]"
notes/region_analysis_review_20261004/runs/all_sources_20261004_071659/252385_20261004_072443_region_analysis/tables/252385_results_20261004_072537.xlsx,Projection_Length_all,CL_Pi,parainsula,1,102.1130000000011,"[{""NeuronID"": ""038.swc""}]"
notes/region_analysis_review_20261004/runs/all_sources_20261004_071659/252385_20261004_072443_region_analysis/tables/252385_results_20261004_072537.xlsx,Projection_Length_ipsi,Pi,ambiguous_stripped_Pi,1,102.1130000000011,"[{""NeuronID"": ""038.swc""}]"
notes/region_analysis_review_20261004/runs/all_sources_20261004_071659/252527_20261004_072548_region_analysis/tables/252527_results_20261004_072622.xlsx,Projection_Length_all,CL_Pi,parainsula,3,70.77299999999991,"[{""NeuronID"": ""088.swc""}, {""NeuronID"": ""089.swc""}, {""NeuronID"": ""090.swc""}]"
notes/region_analysis_review_20261004/runs/all_sources_20261004_071659/252527_20261004_072548_region_analysis/tables/252527_results_20261004_072622.xlsx,Projection_Length_all,CR_Pi,parainsula,2,22.894999999999992,"[{""NeuronID"": ""054.swc""}, {""NeuronID"": ""059.swc""}]"
notes/region_analysis_review_20261004/runs/all_sources_20261004_071659/252527_20261004_072548_region_analysis/tables/252527_results_20261004_072622.xlsx,Projection_Length_ipsi,Pi,ambiguous_stripped_Pi,5,93.6679999999999,"[{""NeuronID"": ""054.swc""}, {""NeuronID"": ""059.swc""}, {""NeuronID"": ""088.swc""}, {""NeuronID"": ""089.swc""}, {""NeuronID"": ""090.swc""}]"
notes/region_analysis_review_20261004/runs/all_sources_20261004_071659/252714_20261004_072628_region_analysis/tables/252714_results_20261004_072812.xlsx,Projection_Length_all,CR_Pi,parainsula,1,0.7080000000000002,"[{""NeuronID"": ""017.swc""}]"
notes/region_analysis_review_20261004/runs/all_sources_20261004_071659/252714_20261004_072628_region_analysis/tables/252714_results_20261004_072812.xlsx,Projection_Length_ipsi,Pi,ambiguous_stripped_Pi,1,0.7080000000000002,"[{""NeuronID"": ""017.swc""}]"
notes/region_analysis_review_20261004/runs/all_sources_20261004_071659/252790_20261004_072957_region_analysis/tables/252790_results_20261004_073141.xlsx,Projection_Length_all,CL_Pi,parainsula,3,160.10500000000087,"[{""NeuronID"": ""024.swc""}, {""NeuronID"": ""057.swc""}, {""NeuronID"": ""113.swc""}]"
notes/region_analysis_review_20261004/runs/all_sources_20261004_071659/252790_20261004_072957_region_analysis/tables/252790_results_20261004_073141.xlsx,Projection_Length_all,CR_Pi,parainsula,3,38.15699999999995,"[{""NeuronID"": ""024.swc""}, {""NeuronID"": ""052.swc""}, {""NeuronID"": ""054.swc""}]"
notes/region_analysis_review_20261004/runs/all_sources_20261004_071659/252790_20261004_072957_region_analysis/tables/252790_results_20261004_073141.xlsx,Projection_Length_ipsi,Pi,ambiguous_stripped_Pi,4,144.1180000000009,"[{""NeuronID"": ""024.swc""}, {""NeuronID"": ""052.swc""}, {""NeuronID"": ""054.swc""}, {""NeuronID"": ""113.swc""}]"
notes/region_analysis_review_20261004/runs/all_sources_20261004_071659/252790_20261004_072957_region_analysis/tables/252790_results_20261004_073141.xlsx,Projection_Length_contra,Pi,ambiguous_stripped_Pi,2,54.14399999999992,"[{""NeuronID"": ""024.swc""}, {""NeuronID"": ""057.swc""}]"
notes/region_analysis_review_20261004/runs/refined_subtables_20261004_072110/master_analysis/251637_20261004_072115_region_analysis/tables/251637_results_20261004_072515.xlsx,Projection_Length_all,CL_Pi,parainsula,8,159.86599999999981,"[{""NeuronID"": ""402.swc""}, {""NeuronID"": ""433.swc""}, {""NeuronID"": ""440.swc""}, {""NeuronID"": ""445.swc""}, {""NeuronID"": ""446.swc""}, {""NeuronID"": ""447.swc""}, {""NeuronID"": ""472.swc""}, {""NeuronID"": ""482.swc""}]"
notes/region_analysis_review_20261004/runs/refined_subtables_20261004_072110/master_analysis/251637_20261004_072115_region_analysis/tables/251637_results_20261004_072515.xlsx,Projection_Length_all,CR_Pi,parainsula,5,103.9799999999999,"[{""NeuronID"": ""010.swc""}, {""NeuronID"": ""016.swc""}, {""NeuronID"": ""039.swc""}, {""NeuronID"": ""117.swc""}, {""NeuronID"": ""118.swc""}]"
notes/region_analysis_review_20261004/runs/refined_subtables_20261004_072110/master_analysis/251637_20261004_072115_region_analysis/tables/251637_results_20261004_072515.xlsx,Projection_Length_ipsi,Pi,ambiguous_stripped_Pi,13,263.8459999999997,"[{""NeuronID"": ""010.swc""}, {""NeuronID"": ""016.swc""}, {""NeuronID"": ""039.swc""}, {""NeuronID"": ""117.swc""}, {""NeuronID"": ""118.swc""}, {""NeuronID"": ""402.swc""}, {""NeuronID"": ""433.swc""}, {""NeuronID"": ""440.swc""}, {""NeuronID"": ""445.swc""}, {""NeuronID"": ""446.swc""}, {""NeuronID"": ""447.swc""}, {""NeuronID"": ""472.swc""}, {""NeuronID"": ""482.swc""}]"
notes/region_analysis_review_20261004/runs/refined_subtables_20261004_072110/subtables/251637_ACC.xlsx,Projection_Length_all,CL_Pi,parainsula,0,0.0,[]
notes/region_analysis_review_20261004/runs/refined_subtables_20261004_072110/subtables/251637_ACC.xlsx,Projection_Length_all,CR_Pi,parainsula,0,0.0,[]
notes/region_analysis_review_20261004/runs/refined_subtables_20261004_072110/subtables/251637_ACC.xlsx,Projection_Length_ipsi,Pi,ambiguous_stripped_Pi,0,0.0,[]
notes/region_analysis_review_20261004/runs/refined_subtables_20261004_072110/subtables/251637_FULL.xlsx,Projection_Length_all,CL_Pi,parainsula,8,159.86599999999981,"[{""NeuronID"": ""402.swc""}, {""NeuronID"": ""433.swc""}, {""NeuronID"": ""440.swc""}, {""NeuronID"": ""445.swc""}, {""NeuronID"": ""446.swc""}, {""NeuronID"": ""447.swc""}, {""NeuronID"": ""472.swc""}, {""NeuronID"": ""482.swc""}]"
notes/region_analysis_review_20261004/runs/refined_subtables_20261004_072110/subtables/251637_FULL.xlsx,Projection_Length_all,CR_Pi,parainsula,5,103.9799999999999,"[{""NeuronID"": ""010.swc""}, {""NeuronID"": ""016.swc""}, {""NeuronID"": ""039.swc""}, {""NeuronID"": ""117.swc""}, {""NeuronID"": ""118.swc""}]"
notes/region_analysis_review_20261004/runs/refined_subtables_20261004_072110/subtables/251637_FULL.xlsx,Projection_Length_ipsi,Pi,ambiguous_stripped_Pi,13,263.8459999999997,"[{""NeuronID"": ""010.swc""}, {""NeuronID"": ""016.swc""}, {""NeuronID"": ""039.swc""}, {""NeuronID"": ""117.swc""}, {""NeuronID"": ""118.swc""}, {""NeuronID"": ""402.swc""}, {""NeuronID"": ""433.swc""}, {""NeuronID"": ""440.swc""}, {""NeuronID"": ""445.swc""}, {""NeuronID"": ""446.swc""}, {""NeuronID"": ""447.swc""}, {""NeuronID"": ""472.swc""}, {""NeuronID"": ""482.swc""}]"
notes/region_analysis_review_20261004/runs/refined_subtables_20261004_072110/subtables/251637_INS.xlsx,Projection_Length_all,CL_Pi,parainsula,7,128.8829999999998,"[{""NeuronID"": ""402.swc""}, {""NeuronID"": ""433.swc""}, {""NeuronID"": ""445.swc""}, {""NeuronID"": ""446.swc""}, {""NeuronID"": ""447.swc""}, {""NeuronID"": ""472.swc""}, {""NeuronID"": ""482.swc""}]"
notes/region_analysis_review_20261004/runs/refined_subtables_20261004_072110/subtables/251637_INS.xlsx,Projection_Length_all,CR_Pi,parainsula,4,66.07999999999994,"[{""NeuronID"": ""016.swc""}, {""NeuronID"": ""039.swc""}, {""NeuronID"": ""117.swc""}, {""NeuronID"": ""118.swc""}]"
notes/region_analysis_review_20261004/runs/refined_subtables_20261004_072110/subtables/251637_INS.xlsx,Projection_Length_ipsi,Pi,ambiguous_stripped_Pi,11,194.96299999999974,"[{""NeuronID"": ""016.swc""}, {""NeuronID"": ""039.swc""}, {""NeuronID"": ""117.swc""}, {""NeuronID"": ""118.swc""}, {""NeuronID"": ""402.swc""}, {""NeuronID"": ""433.swc""}, {""NeuronID"": ""445.swc""}, {""NeuronID"": ""446.swc""}, {""NeuronID"": ""447.swc""}, {""NeuronID"": ""472.swc""}, {""NeuronID"": ""482.swc""}]"
notes/region_analysis_review_20261004/runs/refined_subtables_20261004_072110/subtables/251637_INS_HE.xlsx,Projection_Length_all,CL_Pi,parainsula,8,159.8659999999998,"[{""NeuronID"": ""402.swc""}, {""NeuronID"": ""433.swc""}, {""NeuronID"": ""440.swc""}, {""NeuronID"": ""445.swc""}, {""NeuronID"": ""446.swc""}, {""NeuronID"": ""447.swc""}, {""NeuronID"": ""472.swc""}, {""NeuronID"": ""482.swc""}]"
notes/region_analysis_review_20261004/runs/refined_subtables_20261004_072110/subtables/251637_INS_HE.xlsx,Projection_Length_all,CR_Pi,parainsula,5,103.9799999999999,"[{""NeuronID"": ""010.swc""}, {""NeuronID"": ""016.swc""}, {""NeuronID"": ""039.swc""}, {""NeuronID"": ""117.swc""}, {""NeuronID"": ""118.swc""}]"
notes/region_analysis_review_20261004/runs/refined_subtables_20261004_072110/subtables/251637_INS_HE.xlsx,Projection_Length_ipsi,Pi,ambiguous_stripped_Pi,13,263.84599999999966,"[{""NeuronID"": ""010.swc""}, {""NeuronID"": ""016.swc""}, {""NeuronID"": ""039.swc""}, {""NeuronID"": ""117.swc""}, {""NeuronID"": ""118.swc""}, {""NeuronID"": ""402.swc""}, {""NeuronID"": ""433.swc""}, {""NeuronID"": ""440.swc""}, {""NeuronID"": ""445.swc""}, {""NeuronID"": ""446.swc""}, {""NeuronID"": ""447.swc""}, {""NeuronID"": ""472.swc""}, {""NeuronID"": ""482.swc""}]"
notes/region_analysis_review_20261004/runs/refined_subtables_20261004_072110/subtables/251637_INS_HE_inferred.xlsx,Projection_Length_all,CL_Pi,parainsula,8,159.8659999999998,"[{""NeuronID"": ""402.swc""}, {""NeuronID"": ""433.swc""}, {""NeuronID"": ""440.swc""}, {""NeuronID"": ""445.swc""}, {""NeuronID"": ""446.swc""}, {""NeuronID"": ""447.swc""}, {""NeuronID"": ""472.swc""}, {""NeuronID"": ""482.swc""}]"
notes/region_analysis_review_20261004/runs/refined_subtables_20261004_072110/subtables/251637_INS_HE_inferred.xlsx,Projection_Length_all,CR_Pi,parainsula,5,103.9799999999999,"[{""NeuronID"": ""010.swc""}, {""NeuronID"": ""016.swc""}, {""NeuronID"": ""039.swc""}, {""NeuronID"": ""117.swc""}, {""NeuronID"": ""118.swc""}]"
notes/region_analysis_review_20261004/runs/refined_subtables_20261004_072110/subtables/251637_INS_HE_inferred.xlsx,Projection_Length_ipsi,Pi,ambiguous_stripped_Pi,13,263.84599999999966,"[{""NeuronID"": ""010.swc""}, {""NeuronID"": ""016.swc""}, {""NeuronID"": ""039.swc""}, {""NeuronID"": ""117.swc""}, {""NeuronID"": ""118.swc""}, {""NeuronID"": ""402.swc""}, {""NeuronID"": ""433.swc""}, {""NeuronID"": ""440.swc""}, {""NeuronID"": ""445.swc""}, {""NeuronID"": ""446.swc""}, {""NeuronID"": ""447.swc""}, {""NeuronID"": ""472.swc""}, {""NeuronID"": ""482.swc""}]"
notes/region_analysis_review_20261004/runs/refined_subtables_20261004_072110/subtables/251637_M1.xlsx,Projection_Length_all,CL_Pi,parainsula,0,0.0,[]
notes/region_analysis_review_20261004/runs/refined_subtables_20261004_072110/subtables/251637_M1.xlsx,Projection_Length_all,CR_Pi,parainsula,0,0.0,[]
notes/region_analysis_review_20261004/runs/refined_subtables_20261004_072110/subtables/251637_M1.xlsx,Projection_Length_ipsi,Pi,ambiguous_stripped_Pi,0,0.0,[]
notes/region_analysis_review_20261004/runs/refined_subtables_20261004_072110/subtables/251637_Other.xlsx,Projection_Length_all,CL_Pi,parainsula,0,0.0,[]
notes/region_analysis_review_20261004/runs/refined_subtables_20261004_072110/subtables/251637_Other.xlsx,Projection_Length_all,CR_Pi,parainsula,0,0.0,[]
notes/region_analysis_review_20261004/runs/refined_subtables_20261004_072110/subtables/251637_Other.xlsx,Projection_Length_ipsi,Pi,ambiguous_stripped_Pi,0,0.0,[]
notes/region_analysis_review_20261004/runs/refined_subtables_20261004_072110/subtables/251637_PrCO.xlsx,Projection_Length_all,CL_Pi,parainsula,0,0.0,[]
notes/region_analysis_review_20261004/runs/refined_subtables_20261004_072110/subtables/251637_PrCO.xlsx,Projection_Length_all,CR_Pi,parainsula,1,37.89999999999996,"[{""NeuronID"": ""010.swc""}]"
notes/region_analysis_review_20261004/runs/refined_subtables_20261004_072110/subtables/251637_PrCO.xlsx,Projection_Length_ipsi,Pi,ambiguous_stripped_Pi,1,37.89999999999996,"[{""NeuronID"": ""010.swc""}]"
notes/region_analysis_review_20261004/runs/refined_subtables_20261004_072110/subtables/251637_results.xlsx,Projection_Length_all,CL_Pi,parainsula,7,128.8829999999998,"[{""NeuronID"": ""402.swc""}, {""NeuronID"": ""433.swc""}, {""NeuronID"": ""445.swc""}, {""NeuronID"": ""446.swc""}, {""NeuronID"": ""447.swc""}, {""NeuronID"": ""472.swc""}, {""NeuronID"": ""482.swc""}]"
notes/region_analysis_review_20261004/runs/refined_subtables_20261004_072110/subtables/251637_results.xlsx,Projection_Length_all,CR_Pi,parainsula,4,66.07999999999994,"[{""NeuronID"": ""016.swc""}, {""NeuronID"": ""039.swc""}, {""NeuronID"": ""117.swc""}, {""NeuronID"": ""118.swc""}]"
notes/region_analysis_review_20261004/runs/refined_subtables_20261004_072110/subtables/251637_results.xlsx,Projection_Length_ipsi,Pi,ambiguous_stripped_Pi,11,194.96299999999974,"[{""NeuronID"": ""016.swc""}, {""NeuronID"": ""039.swc""}, {""NeuronID"": ""117.swc""}, {""NeuronID"": ""118.swc""}, {""NeuronID"": ""402.swc""}, {""NeuronID"": ""433.swc""}, {""NeuronID"": ""445.swc""}, {""NeuronID"": ""446.swc""}, {""NeuronID"": ""447.swc""}, {""NeuronID"": ""472.swc""}, {""NeuronID"": ""482.swc""}]"
notes/region_analysis_review_20261004/runs/refined_subtables_20261004_072110/subtables/251637_subset.xlsx,Projection_Length_all,CL_Pi,parainsula,1,30.983,"[{""NeuronID"": ""440.swc""}]"
notes/region_analysis_review_20261004/runs/refined_subtables_20261004_072110/subtables/251637_subset.xlsx,Projection_Length_all,CR_Pi,parainsula,1,37.89999999999996,"[{""NeuronID"": ""010.swc""}]"
notes/region_analysis_review_20261004/runs/refined_subtables_20261004_072110/subtables/251637_subset.xlsx,Projection_Length_ipsi,Pi,ambiguous_stripped_Pi,2,68.88299999999997,"[{""NeuronID"": ""010.swc""}, {""NeuronID"": ""440.swc""}]"
notes/region_analysis_review_20261004/runs/refined_subtables_20261004_072110/subtables/251637_Unknown.xlsx,Projection_Length_all,CL_Pi,parainsula,1,30.983,"[{""NeuronID"": ""440.swc""}]"
notes/region_analysis_review_20261004/runs/refined_subtables_20261004_072110/subtables/251637_Unknown.xlsx,Projection_Length_all,CR_Pi,parainsula,0,0.0,[]
notes/region_analysis_review_20261004/runs/refined_subtables_20261004_072110/subtables/251637_Unknown.xlsx,Projection_Length_ipsi,Pi,ambiguous_stripped_Pi,1,30.983,"[{""NeuronID"": ""440.swc""}]"
R_analysis/tables/251637_INS_HE_inferred_merged_tmp.xlsx,Projection_Length_contra,Pi,ambiguous_stripped_Pi,2,31.582,"[{""NeuronID"": ""439.swc""}, {""NeuronID"": ""440.swc""}]"
R_analysis/tables/251637_INS_HE_inferred_merged_tmp.xlsx,Projection_Length_ipsi,Pi,ambiguous_stripped_Pi,13,263.8459999999997,"[{""NeuronID"": ""010.swc""}, {""NeuronID"": ""016.swc""}, {""NeuronID"": ""039.swc""}, {""NeuronID"": ""117.swc""}, {""NeuronID"": ""118.swc""}, {""NeuronID"": ""402.swc""}, {""NeuronID"": ""433.swc""}, {""NeuronID"": ""440.swc""}, {""NeuronID"": ""445.swc""}, {""NeuronID"": ""446.swc""}, {""NeuronID"": ""447.swc""}, {""NeuronID"": ""472.swc""}, {""NeuronID"": ""482.swc""}]"
R_analysis/tables/251637_results_v2.xlsx,Projection_Length_ipsi,CL_Pi,parainsula,8,136.4649999999998,"[{""NeuronID"": ""399.swc""}, {""NeuronID"": ""402.swc""}, {""NeuronID"": ""433.swc""}, {""NeuronID"": ""445.swc""}, {""NeuronID"": ""446.swc""}, {""NeuronID"": ""447.swc""}, {""NeuronID"": ""472.swc""}, {""NeuronID"": ""482.swc""}]"
R_analysis/tables/251637_results_v2.xlsx,Projection_Length_ipsi,CR_Pi,parainsula,11,94.62599999999993,"[{""NeuronID"": ""016.swc""}, {""NeuronID"": ""039.swc""}, {""NeuronID"": ""042.swc""}, {""NeuronID"": ""083.swc""}, {""NeuronID"": ""104.swc""}, {""NeuronID"": ""117.swc""}, {""NeuronID"": ""118.swc""}, {""NeuronID"": ""129.swc""}, {""NeuronID"": ""135.swc""}, {""NeuronID"": ""141.swc""}, {""NeuronID"": ""143.swc""}]"
R_analysis/tables/251637_results_v2.xlsx,Projection_Length_contra,CL_Pi,parainsula,0,0.0,[]
R_analysis/tables/251637_results_v2.xlsx,Projection_Length_contra,CR_Pi,parainsula,0,0.0,[]
R_analysis/tables/251637_results_v2.xlsx,Projection_Length_L6_ipsi,Pi,ambiguous_stripped_Pi,19,231.09099999999972,"[{""NeuronID"": ""016.swc""}, {""NeuronID"": ""039.swc""}, {""NeuronID"": ""042.swc""}, {""NeuronID"": ""083.swc""}, {""NeuronID"": ""104.swc""}, {""NeuronID"": ""117.swc""}, {""NeuronID"": ""118.swc""}, {""NeuronID"": ""129.swc""}, {""NeuronID"": ""135.swc""}, {""NeuronID"": ""141.swc""}, {""NeuronID"": ""143.swc""}, {""NeuronID"": ""399.swc""}, {""NeuronID"": ""402.swc""}, {""NeuronID"": ""433.swc""}, {""NeuronID"": ""445.swc""}, {""NeuronID"": ""446.swc""}, {""NeuronID"": ""447.swc""}, {""NeuronID"": ""472.swc""}, {""NeuronID"": ""482.swc""}]"
R_analysis/tables/251637_results_v2.xlsx,Projection_Length_L6_contra,Pi,ambiguous_stripped_Pi,19,231.09099999999972,"[{""NeuronID"": ""016.swc""}, {""NeuronID"": ""039.swc""}, {""NeuronID"": ""042.swc""}, {""NeuronID"": ""083.swc""}, {""NeuronID"": ""104.swc""}, {""NeuronID"": ""117.swc""}, {""NeuronID"": ""118.swc""}, {""NeuronID"": ""129.swc""}, {""NeuronID"": ""135.swc""}, {""NeuronID"": ""141.swc""}, {""NeuronID"": ""143.swc""}, {""NeuronID"": ""399.swc""}, {""NeuronID"": ""402.swc""}, {""NeuronID"": ""433.swc""}, {""NeuronID"": ""445.swc""}, {""NeuronID"": ""446.swc""}, {""NeuronID"": ""447.swc""}, {""NeuronID"": ""472.swc""}, {""NeuronID"": ""482.swc""}]"
R_analysis/tables/251637_results_v3.xlsx,Projection_Length_ipsi,CL_Pi,parainsula,8,136.4649999999998,"[{""NeuronID"": ""399.swc""}, {""NeuronID"": ""402.swc""}, {""NeuronID"": ""433.swc""}, {""NeuronID"": ""445.swc""}, {""NeuronID"": ""446.swc""}, {""NeuronID"": ""447.swc""}, {""NeuronID"": ""472.swc""}, {""NeuronID"": ""482.swc""}]"
R_analysis/tables/251637_results_v3.xlsx,Projection_Length_ipsi,CR_Pi,parainsula,11,94.62599999999993,"[{""NeuronID"": ""016.swc""}, {""NeuronID"": ""039.swc""}, {""NeuronID"": ""042.swc""}, {""NeuronID"": ""083.swc""}, {""NeuronID"": ""104.swc""}, {""NeuronID"": ""117.swc""}, {""NeuronID"": ""118.swc""}, {""NeuronID"": ""129.swc""}, {""NeuronID"": ""135.swc""}, {""NeuronID"": ""141.swc""}, {""NeuronID"": ""143.swc""}]"
R_analysis/tables/251637_results_v3.xlsx,Projection_Length_L6_ipsi,Pi,ambiguous_stripped_Pi,19,231.09099999999972,"[{""NeuronID"": ""016.swc""}, {""NeuronID"": ""039.swc""}, {""NeuronID"": ""042.swc""}, {""NeuronID"": ""083.swc""}, {""NeuronID"": ""104.swc""}, {""NeuronID"": ""117.swc""}, {""NeuronID"": ""118.swc""}, {""NeuronID"": ""129.swc""}, {""NeuronID"": ""135.swc""}, {""NeuronID"": ""141.swc""}, {""NeuronID"": ""143.swc""}, {""NeuronID"": ""399.swc""}, {""NeuronID"": ""402.swc""}, {""NeuronID"": ""433.swc""}, {""NeuronID"": ""445.swc""}, {""NeuronID"": ""446.swc""}, {""NeuronID"": ""447.swc""}, {""NeuronID"": ""472.swc""}, {""NeuronID"": ""482.swc""}]"
R_analysis/tables/251637_results_v3.xlsx,Projection_Length_L6_contra,Pi,ambiguous_stripped_Pi,19,231.09099999999972,"[{""NeuronID"": ""016.swc""}, {""NeuronID"": ""039.swc""}, {""NeuronID"": ""042.swc""}, {""NeuronID"": ""083.swc""}, {""NeuronID"": ""104.swc""}, {""NeuronID"": ""117.swc""}, {""NeuronID"": ""118.swc""}, {""NeuronID"": ""129.swc""}, {""NeuronID"": ""135.swc""}, {""NeuronID"": ""141.swc""}, {""NeuronID"": ""143.swc""}, {""NeuronID"": ""399.swc""}, {""NeuronID"": ""402.swc""}, {""NeuronID"": ""433.swc""}, {""NeuronID"": ""445.swc""}, {""NeuronID"": ""446.swc""}, {""NeuronID"": ""447.swc""}, {""NeuronID"": ""472.swc""}, {""NeuronID"": ""482.swc""}]"
R_analysis/tables/251637_results_v4.xlsx,Projection_Length_ipsi,Pi,ambiguous_stripped_Pi,19,231.09099999999972,"[{""NeuronID"": ""016.swc""}, {""NeuronID"": ""039.swc""}, {""NeuronID"": ""042.swc""}, {""NeuronID"": ""083.swc""}, {""NeuronID"": ""104.swc""}, {""NeuronID"": ""117.swc""}, {""NeuronID"": ""118.swc""}, {""NeuronID"": ""129.swc""}, {""NeuronID"": ""135.swc""}, {""NeuronID"": ""141.swc""}, {""NeuronID"": ""143.swc""}, {""NeuronID"": ""399.swc""}, {""NeuronID"": ""402.swc""}, {""NeuronID"": ""433.swc""}, {""NeuronID"": ""445.swc""}, {""NeuronID"": ""446.swc""}, {""NeuronID"": ""447.swc""}, {""NeuronID"": ""472.swc""}, {""NeuronID"": ""482.swc""}]"
