file,sha256,copies,rows,Length_Unit_values,identity_count,523_present,explicit_source_hash_columns
group_analysis/combined/multi_monkey_INS_combined.xlsx,a4ef7d74bd3729ece755a9543c6cfd42c720e294ccd37ec6b03eb12332089df3,"[""group_analysis/combined/multi_monkey_INS_combined.xlsx""]",306,"{""not_declared_in_sheet"": 306}",306,False,"[""Soma_Region_Source""]"
group_analysis/combined/multi_monkey_INS_combined_harmonized.xlsx,dea7146bf74af7f605ab2a8ff8f75c46de3ba9d388ca38f78ba8af5de316b178,"[""group_analysis/combined/multi_monkey_INS_combined_harmonized.xlsx""]",353,"{""not_declared_in_sheet"": 353}",353,False,"[""Layer_Source"", ""Soma_Region_Source""]"
group_analysis/evolution_20261008/reference/refinement_folded_20261009/250432_INS_HE_coord_inferred.xlsx,707751baa11393c2c199dff70effbdfe338bb9bf49db4d548793e6c4b3628282,"[""group_analysis/evolution_20261008/reference/refinement_folded_20261009/250432_INS_HE_coord_inferred.xlsx""]",234,"{""not_declared_in_sheet"": 234}",234,False,"[""Soma_Region_Source""]"
group_analysis/evolution_20261008/reference/refinement_folded_20261009/251730_INS_HE_coord_inferred.xlsx,e3311c5239be0149064f3cfff0288b0f63a144b851cd9cc425f36b969cccae9b,"[""group_analysis/evolution_20261008/reference/refinement_folded_20261009/251730_INS_HE_coord_inferred.xlsx""]",79,"{""not_declared_in_sheet"": 79}",79,False,"[""Soma_Region_Source""]"
group_analysis/evolution_20261008/reference/refinement_folded_20261009/252383_INS_HE_coord_inferred.xlsx,23a6e46fd1d51ccfc8dff46c43a0dc519b49ba28b0f5887bc79e61a9d48b3eb3,"[""group_analysis/evolution_20261008/reference/refinement_folded_20261009/252383_INS_HE_coord_inferred.xlsx""]",127,"{""not_declared_in_sheet"": 127}",127,False,"[""Soma_Region_Source""]"
group_analysis/evolution_20261008/reference/refinement_folded_20261009/252384_INS_HE_coord_inferred.xlsx,9759328b20c791da2936c76c0947808fee339fc28e036c346250b78100c0d01b,"[""group_analysis/evolution_20261008/reference/refinement_folded_20261009/252384_INS_HE_coord_inferred.xlsx""]",99,"{""not_declared_in_sheet"": 99}",99,False,"[""Soma_Region_Source""]"
group_analysis/evolution_20261008/reference/refinement_folded_20261009/252385_INS_HE_coord_inferred.xlsx,be49bb74d70ea4cc545cf85579cea50863f90275addd7b06449c38677d319df6,"[""group_analysis/evolution_20261008/reference/refinement_folded_20261009/252385_INS_HE_coord_inferred.xlsx""]",128,"{""not_declared_in_sheet"": 128}",128,False,"[""Soma_Region_Source""]"
group_analysis/evolution_20261008/reference/refinement_folded_20261009/252527_INS_HE_coord_inferred.xlsx,db9ad6a563c99c3cdcacf111df6b3c7305f3517e06d2ce9d5c96c78b5eb69ab3,"[""group_analysis/evolution_20261008/reference/refinement_folded_20261009/252527_INS_HE_coord_inferred.xlsx""]",99,"{""not_declared_in_sheet"": 99}",99,False,"[""Soma_Region_Source""]"
group_analysis/evolution_20261008/reference/refinement_folded_20261009/252714_INS_HE_coord_inferred.xlsx,816de5788c06c7fb95ea59fa354611492733bf936cb9e5f6e9a678f23bb1072c,"[""group_analysis/evolution_20261008/reference/refinement_folded_20261009/252714_INS_HE_coord_inferred.xlsx""]",144,"{""not_declared_in_sheet"": 144}",144,False,"[""Soma_Region_Source""]"
group_analysis/evolution_20261008/reference/refinement_folded_20261009/252718_INS_HE_coord_inferred.xlsx,3ec8dd0d22aaefca3c5c491207898ece484c71ecd7e9b2d0afc160fad5a32e05,"[""group_analysis/evolution_20261008/reference/refinement_folded_20261009/252718_INS_HE_coord_inferred.xlsx""]",190,"{""not_declared_in_sheet"": 190}",190,False,"[""Soma_Region_Source""]"
group_analysis/evolution_20261008/reference/refinement_folded_20261009/252790_INS_HE_coord_inferred.xlsx,a98da063df055b02fc68f96dd5abd383d956af0df38ca85326e760dcc53ab544,"[""group_analysis/evolution_20261008/reference/refinement_folded_20261009/252790_INS_HE_coord_inferred.xlsx""]",123,"{""not_declared_in_sheet"": 123}",123,False,"[""Soma_Region_Source""]"
group_analysis/recovery/251730_INS_HE_coord_inferred.xlsx,d0e4c0dbae65d5a7fe8b8565ceec6dbc37fd7c4942040a2f20fedc9d835e198b,"[""group_analysis/recovery/251730_INS_HE_coord_inferred.xlsx""]",79,"{""not_declared_in_sheet"": 79}",79,False,"[""Soma_Region_Source""]"
group_analysis/recovery/252383_INS_HE_coord_inferred.xlsx,42b13ab80931112e22738b604810b2cc847292817a4c5b7031f1504efcdbe7aa,"[""group_analysis/recovery/252383_INS_HE_coord_inferred.xlsx""]",127,"{""not_declared_in_sheet"": 127}",127,False,"[""Soma_Region_Source""]"
group_analysis/recovery/252384_INS_HE_coord_inferred.xlsx,dc79ec79c7b5c8f48a50c52ff5637d2b8e176ac05c6d38c40a2acbafe032fb2a,"[""group_analysis/recovery/252384_INS_HE_coord_inferred.xlsx""]",99,"{""not_declared_in_sheet"": 99}",99,False,"[""Soma_Region_Source""]"
group_analysis/recovery/252385_INS_HE_coord_inferred.xlsx,4b0496775f422d595a9e51da6202ad0ba64f4b5b9f56c1dc35852936b3c01f0a,"[""group_analysis/recovery/252385_INS_HE_coord_inferred.xlsx""]",128,"{""not_declared_in_sheet"": 128}",128,False,"[""Soma_Region_Source""]"
group_analysis/recovery/252527_INS_HE_coord_inferred.xlsx,e9de456f36c4ec5c3f46260bcb2579b879f4fd0b766ff0bd3745c3b9ee9da693,"[""group_analysis/recovery/252527_INS_HE_coord_inferred.xlsx""]",99,"{""not_declared_in_sheet"": 99}",99,False,"[""Soma_Region_Source""]"
group_analysis/recovery/252718_INS_HE_coord_inferred.xlsx,81a04f83231bfdfcc6be25617a5ac2a9c8a50a0220f64c74650730d04abcd4bc,"[""group_analysis/recovery/252718_INS_HE_coord_inferred.xlsx""]",190,"{""not_declared_in_sheet"": 190}",190,False,"[""Soma_Region_Source""]"
group_analysis/staging_20260926/combined/multi_monkey_INS_combined.xlsx,2d01bf9da07e4a6da46f4401d73b18b196e68de4e21cd5505e1ad7b4f1b547d1,"[""group_analysis/staging_20260926/combined/multi_monkey_INS_combined.xlsx""]",420,"{""not_declared_in_sheet"": 420}",420,False,"[""Soma_Region_Source""]"
group_analysis/staging_20260926/combined/multi_monkey_INS_combined_harmonized.xlsx,29fb507ce89b25c2edaaaf07b3f65e33b9989fd096e5782d25e0789866109229,"[""group_analysis/staging_20260926/combined/multi_monkey_INS_combined_harmonized.xlsx""]",420,"{""not_declared_in_sheet"": 420}",420,False,"[""Layer_Source"", ""Soma_Region_Source""]"
group_analysis/staging_20260926/recovery/250432_INS_HE_coord_inferred.xlsx,6f0b52169a5d90f225a167b7e79605f93c280e041124995fdff96f0cee95cb85,"[""group_analysis/staging_20260926/recovery/250432_INS_HE_coord_inferred.xlsx"", ""group_analysis/staging_20260926/recovery_pad2p0/250432_INS_HE_coord_inferred.xlsx""]",234,"{""not_declared_in_sheet"": 234}",234,False,"[""Soma_Region_Source""]"
group_analysis/staging_20260926/recovery/251730_INS_HE_coord_inferred.xlsx,2f2342c1a5363042c74d248627e7fd95aee17c6455c8346caa454626302b8a78,"[""group_analysis/staging_20260926/recovery/251730_INS_HE_coord_inferred.xlsx"", ""group_analysis/staging_20260926/recovery_pad2p0/251730_INS_HE_coord_inferred.xlsx""]",79,"{""not_declared_in_sheet"": 79}",79,False,"[""Soma_Region_Source""]"
group_analysis/staging_20260926/recovery/252383_INS_HE_coord_inferred.xlsx,c3cc9a7bef60567366651a163027972fcf43db870b343419b45b7f32dcc3d6b9,"[""group_analysis/staging_20260926/recovery/252383_INS_HE_coord_inferred.xlsx"", ""group_analysis/staging_20260926/recovery_pad2p0/252383_INS_HE_coord_inferred.xlsx""]",127,"{""not_declared_in_sheet"": 127}",127,False,"[""Soma_Region_Source""]"
group_analysis/staging_20260926/recovery/252384_INS_HE_coord_inferred.xlsx,1d2265232df7de792617220cb7a6269a0482c4b0eb61060f7f237449d81aa147,"[""group_analysis/staging_20260926/recovery/252384_INS_HE_coord_inferred.xlsx"", ""group_analysis/staging_20260926/recovery_pad2p0/252384_INS_HE_coord_inferred.xlsx""]",99,"{""not_declared_in_sheet"": 99}",99,False,"[""Soma_Region_Source""]"
group_analysis/staging_20260926/recovery/252385_INS_HE_coord_inferred.xlsx,f0a1c1c0a001c56ad745dd3500520caa912f48b272db84802f2ed560ca3b0eff,"[""group_analysis/staging_20260926/recovery/252385_INS_HE_coord_inferred.xlsx"", ""group_analysis/staging_20260926/recovery_pad2p0/252385_INS_HE_coord_inferred.xlsx""]",128,"{""not_declared_in_sheet"": 128}",128,False,"[""Soma_Region_Source""]"
group_analysis/staging_20260926/recovery/252527_INS_HE_coord_inferred.xlsx,856a5d093dc993207b9aa4b76bd30526e1176a0efc81ef74d914f875652f3e9c,"[""group_analysis/staging_20260926/recovery/252527_INS_HE_coord_inferred.xlsx"", ""group_analysis/staging_20260926/recovery_pad2p0/252527_INS_HE_coord_inferred.xlsx""]",99,"{""not_declared_in_sheet"": 99}",99,False,"[""Soma_Region_Source""]"
group_analysis/staging_20260926/recovery/252714_INS_HE_coord_inferred.xlsx,af1a028a4c48abd55e69179e2a5fab3b501b4b7d2d23946d073ff6feef33ebd7,"[""group_analysis/staging_20260926/recovery/252714_INS_HE_coord_inferred.xlsx"", ""group_analysis/staging_20260926/recovery_pad2p0/252714_INS_HE_coord_inferred.xlsx""]",144,"{""not_declared_in_sheet"": 144}",144,False,"[""Soma_Region_Source""]"
group_analysis/staging_20260926/recovery/252718_INS_HE_coord_inferred.xlsx,34f04f6272872257fea8b637c60fe6f181db5ff8702215e5c01dc89d16a550e9,"[""group_analysis/staging_20260926/recovery/252718_INS_HE_coord_inferred.xlsx"", ""group_analysis/staging_20260926/recovery_pad2p0/252718_INS_HE_coord_inferred.xlsx""]",190,"{""not_declared_in_sheet"": 190}",190,False,"[""Soma_Region_Source""]"
group_analysis/staging_20260926/recovery/252790_INS_HE_coord_inferred.xlsx,8e60a4af4ea7ec36d5708d782e422a63ba41c4c849057632282c9e14d34151f7,"[""group_analysis/staging_20260926/recovery/252790_INS_HE_coord_inferred.xlsx"", ""group_analysis/staging_20260926/recovery_pad2p0/252790_INS_HE_coord_inferred.xlsx""]",123,"{""not_declared_in_sheet"": 123}",123,False,"[""Soma_Region_Source""]"
group_analysis/staging_20260926/recovery_pad0p5/250432_INS_HE_coord_inferred.xlsx,66998a8a5947c02dbd8f1f1879213467705c53b3f6e3e838fda29dfa410c743c,"[""group_analysis/staging_20260926/recovery_pad0p5/250432_INS_HE_coord_inferred.xlsx""]",234,"{""not_declared_in_sheet"": 234}",234,False,"[""Soma_Region_Source""]"
group_analysis/staging_20260926/recovery_pad0p5/251730_INS_HE_coord_inferred.xlsx,b10e317c726a371d4721663f8e9404a8447b067e82d074bb091cfad777c19737,"[""group_analysis/staging_20260926/recovery_pad0p5/251730_INS_HE_coord_inferred.xlsx""]",79,"{""not_declared_in_sheet"": 79}",79,False,"[""Soma_Region_Source""]"
group_analysis/staging_20260926/recovery_pad0p5/252383_INS_HE_coord_inferred.xlsx,d4bd169ef28b4b548e48316776bdda34fe320dc0ad53418e2f16c71bdeb7e7e1,"[""group_analysis/staging_20260926/recovery_pad0p5/252383_INS_HE_coord_inferred.xlsx""]",127,"{""not_declared_in_sheet"": 127}",127,False,"[""Soma_Region_Source""]"
group_analysis/staging_20260926/recovery_pad0p5/252384_INS_HE_coord_inferred.xlsx,92bde165d260a03da1138d1e1c582ce1d48a061d612d56f9fc2282c854da4409,"[""group_analysis/staging_20260926/recovery_pad0p5/252384_INS_HE_coord_inferred.xlsx""]",99,"{""not_declared_in_sheet"": 99}",99,False,"[""Soma_Region_Source""]"
group_analysis/staging_20260926/recovery_pad0p5/252385_INS_HE_coord_inferred.xlsx,3fe21a521ea5ed9352a31303c2c5f7e7261d2b298ea818b50e31fb6855b9e5ad,"[""group_analysis/staging_20260926/recovery_pad0p5/252385_INS_HE_coord_inferred.xlsx""]",128,"{""not_declared_in_sheet"": 128}",128,False,"[""Soma_Region_Source""]"
group_analysis/staging_20260926/recovery_pad0p5/252527_INS_HE_coord_inferred.xlsx,77f5b7a88d08affd641b0b05ca7369b179bfeec4673b6aae470eaa937c5a00a7,"[""group_analysis/staging_20260926/recovery_pad0p5/252527_INS_HE_coord_inferred.xlsx""]",99,"{""not_declared_in_sheet"": 99}",99,False,"[""Soma_Region_Source""]"
group_analysis/staging_20260926/recovery_pad0p5/252714_INS_HE_coord_inferred.xlsx,b0a9188283a92e915e1c0f8f1ef83290e93256a715dd193f6733f50644c2a8be,"[""group_analysis/staging_20260926/recovery_pad0p5/252714_INS_HE_coord_inferred.xlsx""]",144,"{""not_declared_in_sheet"": 144}",144,False,"[""Soma_Region_Source""]"
group_analysis/staging_20260926/recovery_pad0p5/252718_INS_HE_coord_inferred.xlsx,da1b5cd02c4ca23ba3a464e89c77afa7ef6b838c86399bf2fd59c2f5dcc9c4bb,"[""group_analysis/staging_20260926/recovery_pad0p5/252718_INS_HE_coord_inferred.xlsx""]",190,"{""not_declared_in_sheet"": 190}",190,False,"[""Soma_Region_Source""]"
group_analysis/staging_20260926/recovery_pad0p5/252790_INS_HE_coord_inferred.xlsx,484b9dfc01619bd2d987401e60c9d1883317a141bb6e296e29b790d7f453c6cd,"[""group_analysis/staging_20260926/recovery_pad0p5/252790_INS_HE_coord_inferred.xlsx""]",123,"{""not_declared_in_sheet"": 123}",123,False,"[""Soma_Region_Source""]"
group_analysis/step1_results/250432_20260927_151627_region_analysis/tables/250432_results_20260927_152045.xlsx,1153b8d53693ae00171758a8b9abbf8532508211fceae22703ae990794f9b218,"[""group_analysis/step1_results/250432_20260927_151627_region_analysis/tables/250432_results_20260927_152045.xlsx""]",234,"{""not_declared_in_sheet"": 234}",234,False,[]
group_analysis/step1_results/251730_20260427_130355_region_analysis/tables/251730_results_20260427_130546.xlsx,16a9512b048d236ad2af5f56698ba0a085718b9870cca4f24d4f6e1bf79f102d,"[""group_analysis/step1_results/251730_20260427_130355_region_analysis/tables/251730_results_20260427_130546.xlsx""]",79,"{""not_declared_in_sheet"": 79}",79,False,[]
group_analysis/step1_results/252383_20260604_142929_region_analysis/tables/252383_results_20260604_143044.xlsx,d0b8afa611026a3232293f1beea9e5cb64bc6e5bccce8c06033b4860c52f3c07,"[""group_analysis/step1_results/252383_20260604_142929_region_analysis/tables/252383_results_20260604_143044.xlsx""]",127,"{""not_declared_in_sheet"": 127}",127,False,[]
group_analysis/step1_results/252384_20260427_130819_region_analysis/tables/252384_results_20260427_131130.xlsx,7cee63610b05f52a51f1691497d8f9beca1b075ed98e38e6ec05b2b7a5ff8132,"[""group_analysis/step1_results/252384_20260427_130819_region_analysis/tables/252384_results_20260427_131130.xlsx""]",99,"{""not_declared_in_sheet"": 99}",99,False,[]
group_analysis/step1_results/252385_20260604_142929_region_analysis/tables/252385_results_20260604_143044.xlsx,cd86f1a34b75376de8e7e917361e727b280c764ed390698d1a764138ed9a790f,"[""group_analysis/step1_results/252385_20260604_142929_region_analysis/tables/252385_results_20260604_143044.xlsx""]",128,"{""not_declared_in_sheet"": 128}",128,False,[]
group_analysis/step1_results/252527_20260604_142929_region_analysis/tables/252527_results_20260604_143153.xlsx,3f285cdc48671f9140e2a17c13c384bb0efd90efa97d3e73537b27d8fd337a78,"[""group_analysis/step1_results/252527_20260604_142929_region_analysis/tables/252527_results_20260604_143153.xlsx""]",99,"{""not_declared_in_sheet"": 99}",99,False,[]
group_analysis/step1_results/252714_20260927_152050_region_analysis/tables/252714_results_20260927_152449.xlsx,dc0e5e04116a3627dc0a839bc4db82eb22f3662b3b4b934ebd3153dfe65e9094,"[""group_analysis/step1_results/252714_20260927_152050_region_analysis/tables/252714_results_20260927_152449.xlsx""]",144,"{""not_declared_in_sheet"": 144}",144,False,[]
group_analysis/step1_results/252718_20260701_115420_region_analysis/tables/252718_results_20260701_115545.xlsx,4513d515137c149a18e9cbcd8f9e6680b475f69e136fc7769eb5cdee6dd04d99,"[""group_analysis/step1_results/252718_20260701_115420_region_analysis/tables/252718_results_20260701_115545.xlsx""]",190,"{""not_declared_in_sheet"": 190}",190,False,[]
group_analysis/step1_results/252790_20260927_151228_region_analysis/tables/252790_results_20260927_151623.xlsx,02a7f0bd7609d288b195e961b20e48aaa5430566656952cd21be77839b09b31b,"[""group_analysis/step1_results/252790_20260927_151228_region_analysis/tables/252790_results_20260927_151623.xlsx""]",123,"{""not_declared_in_sheet"": 123}",123,False,[]
main_scripts/neuron_tables/251637_laterality_projections.xlsx,b2a0b519a026c924ed53f619ab1b5aaddd50a3a9621adb39b9881c5fc16e30db,"[""main_scripts/neuron_tables/251637_laterality_projections.xlsx"", ""neuron_tables/251637_laterality_projections.xlsx"", ""R_analysis/tables/251637_laterality_projections.xlsx""]",2,"{""not_declared_in_sheet"": 2}",1,False,[]
main_scripts/neuron_tables/251637_results.xlsx,b1ed8d37cb2392e8f2f722b38bdacc852feb49eb1736920e24ce5833b4bf5275,"[""main_scripts/neuron_tables/251637_results.xlsx"", ""neuron_tables/251637_results.xlsx""]",212,"{""not_declared_in_sheet"": 212}",212,False,[]
main_scripts/neuron_tables/251637_results_v5.xlsx,68fc31bff1ac75bec53ed14ee4c8fead6e4a38ef2b01aa8f70201cb9cc85fa0e,"[""main_scripts/neuron_tables/251637_results_v5.xlsx"", ""R_analysis/tables/251637_results_v5.xlsx"", ""R_analysis/tables/CopyOf251637_results_v5.xlsx""]",212,"{""not_declared_in_sheet"": 212}",212,False,[]
main_scripts/neuron_tables/251637_subset_multisheets.xlsx,30e54f503b74a3ea61f05314d4d65a7b374c6eff0f78e1f9cf0c234a662e7cb6,"[""main_scripts/neuron_tables/251637_subset_multisheets.xlsx""]",101,"{""not_declared_in_sheet"": 101}",101,True,[]
neuron_tables/251637_ACC.xlsx,2061c980fa71d42a8e0eb617922e8fb525771699f40b931c5b49830bea173e28,"[""neuron_tables/251637_ACC.xlsx""]",5,"{""not_declared_in_sheet"": 5}",5,False,[]
neuron_tables/251637_FULL.xlsx,9230890cb128942c6397e58e8853750b2693199bec6169206c82a8024e19281a,"[""neuron_tables/251637_FULL.xlsx""]",562,"{""not_declared_in_sheet"": 562}",562,True,[]
neuron_tables/251637_INS.xlsx,9291e3c9e69d7f734dc1f3f1e7d0d05ebb905b676dd60d71239d6415336afd93,"[""neuron_tables/251637_INS.xlsx""]",212,"{""not_declared_in_sheet"": 212}",212,False,[]
neuron_tables/251637_INS_HE.xlsx,b27898e8c1e56b1616b211c7ce1852fea1c864aa04d77e9665f50dc7f596b419,"[""neuron_tables/251637_INS_HE.xlsx"", ""R_analysis/tables/251637_INS_HE.xlsx""]",260,"{""not_declared_in_sheet"": 260}",260,False,[]
neuron_tables/251637_INS_HE_inferred.xlsx,4af310cded1e2289dea2514a6e03a68bc3102891e0d60ef75523ad09d08c6b4f,"[""neuron_tables/251637_INS_HE_inferred.xlsx"", ""R_analysis/tables/251637_INS_HE_inferred.xlsx""]",260,"{""not_declared_in_sheet"": 260}",260,False,[]
neuron_tables/251637_M1.xlsx,74d63d7021e3a045cb40fd1a6e444d335ff01463fed4bf2fd2a1f21ad6cefaea,"[""neuron_tables/251637_M1.xlsx""]",244,"{""not_declared_in_sheet"": 244}",244,False,[]
neuron_tables/251637_Other.xlsx,d0103cdeb5353edf56e9d8f670ca4638aa99ea89f82a2ff8817bcfb7942ea367,"[""neuron_tables/251637_Other.xlsx""]",21,"{""not_declared_in_sheet"": 21}",21,False,[]
neuron_tables/251637_PrCO.xlsx,3ef3cb74d974b7917625d653137f1c341fa13120b9300d2738f923828b001aa9,"[""neuron_tables/251637_PrCO.xlsx""]",35,"{""not_declared_in_sheet"": 35}",35,False,[]
neuron_tables/251637_subset.xlsx,eff9eb548faf74b769d6759b0ee71c68977597401fae54460bb72b25483a793f,"[""neuron_tables/251637_subset.xlsx""]",106,"{""not_declared_in_sheet"": 106}",106,True,[]
neuron_tables/251637_Unknown.xlsx,7516a2dc3ddd7b8d4349d29ad04ab74c754b5c6f3a11efd39e457817c01b191a,"[""neuron_tables/251637_Unknown.xlsx""]",45,"{""not_declared_in_sheet"": 45}",45,True,[]
neuron_tables_new/251637_ACC.xlsx,c9041540ecf4d665a01f5ce97959e6ac68a777a808cd5e995188c31164865e02,"[""neuron_tables_new/251637_ACC.xlsx""]",5,"{""not_declared_in_sheet"": 5}",5,False,[]
neuron_tables_new/251637_FULL.xlsx,a37bc2c8e0dadf1cd5becd895a8e5da2058227cf4b396f2828f87b57a83948ec,"[""neuron_tables_new/251637_FULL.xlsx""]",562,"{""not_declared_in_sheet"": 562}",562,True,[]
neuron_tables_new/251637_INS.xlsx,8b4fdae1895319772bee392166f8fe88938b4e9d3c6d016c78d90acc78a13ed6,"[""neuron_tables_new/251637_INS.xlsx""]",212,"{""not_declared_in_sheet"": 212}",212,False,[]
neuron_tables_new/251637_INS_HE.xlsx,b15d8d066ddf1954741189547b2ad8967f1e55a3b503c26517fae46635e7a638,"[""neuron_tables_new/251637_INS_HE.xlsx""]",260,"{""not_declared_in_sheet"": 260}",260,False,[]
neuron_tables_new/251637_INS_HE_inferred.xlsx,e230985cb218f78577d099a33801e4b68cf7d17f0eb3b055416788b11f7a6cc3,"[""neuron_tables_new/251637_INS_HE_inferred.xlsx""]",260,"{""not_declared_in_sheet"": 260}",260,False,[]
neuron_tables_new/251637_M1.xlsx,4f9e8b884bbec0633e37f7117cd908faa64b083c66a55ff04a57c94542dfe509,"[""neuron_tables_new/251637_M1.xlsx""]",244,"{""not_declared_in_sheet"": 244}",244,False,[]
neuron_tables_new/251637_Other.xlsx,42ad460d65cc1147b474337f59fef6cd06437f6b896c16490de2f5d67f465f0d,"[""neuron_tables_new/251637_Other.xlsx""]",21,"{""not_declared_in_sheet"": 21}",21,False,[]
neuron_tables_new/251637_PrCO.xlsx,d4b08ce8ced3966c3b6ad45a915da9d0e2f8a8eb3e0427dd7327f99a3d11173d,"[""neuron_tables_new/251637_PrCO.xlsx""]",35,"{""not_declared_in_sheet"": 35}",35,False,[]
neuron_tables_new/251637_results.xlsx,0eec01d5b2f8fdba34cb0a06165d27a78b884f2391c7fe4606616b4c796490e5,"[""neuron_tables_new/251637_results.xlsx""]",212,"{""not_declared_in_sheet"": 212}",212,False,[]
neuron_tables_new/251637_Unknown.xlsx,47fa87b1304063626b9677cd77e30532d8910fcea7b6afc14db10c0a66cb2fe9,"[""neuron_tables_new/251637_Unknown.xlsx""]",45,"{""not_declared_in_sheet"": 45}",45,True,[]
notes/region_analysis_review_20261004/runs/all_sources_20261004_071659/250432_20261004_071700_region_analysis/tables/250432_results_20261004_071850.xlsx,80bd88af98a5ddbf26c42945362a298258ef4ac49e0ff7689f6dd00b057f8d51,"[""notes/region_analysis_review_20261004/runs/all_sources_20261004_071659/250432_20261004_071700_region_analysis/tables/250432_results_20261004_071850.xlsx""]",234,"{""voxel"": 234}",234,False,"[""Soma_Side_Reference_Source""]"
notes/region_analysis_review_20261004/runs/all_sources_20261004_071659/251637_20261004_071918_region_analysis/tables/251637_results_20261004_072059.xlsx,35f4fd5615628ca8d84b72190b5818adc2f57f195e72ee7dbde23373b5d830f3,"[""notes/region_analysis_review_20261004/runs/all_sources_20261004_071659/251637_20261004_071918_region_analysis/tables/251637_results_20261004_072059.xlsx""]",260,"{""voxel"": 260}",260,False,"[""Soma_Label_Source"", ""Soma_Side_Reference_Source""]"
notes/region_analysis_review_20261004/runs/all_sources_20261004_071659/251730_20261004_072125_region_analysis/tables/251730_results_20261004_072213.xlsx,fd5e826738c46498b453bcc22e8a33af22ce5f664c5ce68f4066044dc3865fb7,"[""notes/region_analysis_review_20261004/runs/all_sources_20261004_071659/251730_20261004_072125_region_analysis/tables/251730_results_20261004_072213.xlsx""]",79,"{""voxel"": 79}",79,False,"[""Soma_Side_Reference_Source""]"
notes/region_analysis_review_20261004/runs/all_sources_20261004_071659/252383_20261004_072221_region_analysis/tables/252383_results_20261004_072319.xlsx,82ea68df6fa44ac35f32be1dca0a60ff3fec905a8aa9a4c798b0c7e1cffb7cce,"[""notes/region_analysis_review_20261004/runs/all_sources_20261004_071659/252383_20261004_072221_region_analysis/tables/252383_results_20261004_072319.xlsx""]",127,"{""voxel"": 127}",127,False,"[""Soma_Side_Reference_Source""]"
notes/region_analysis_review_20261004/runs/all_sources_20261004_071659/252384_20261004_072329_region_analysis/tables/252384_results_20261004_072430.xlsx,1048de2863db5e3c4bef5479a1c77b1fd86c2dc5b5f61d42852c020660e733c2,"[""notes/region_analysis_review_20261004/runs/all_sources_20261004_071659/252384_20261004_072329_region_analysis/tables/252384_results_20261004_072430.xlsx""]",99,"{""voxel"": 99}",99,False,"[""Soma_Side_Reference_Source""]"
notes/region_analysis_review_20261004/runs/all_sources_20261004_071659/252385_20261004_072443_region_analysis/tables/252385_results_20261004_072537.xlsx,f53031be9293bdbd96b5d81cf68c1414f67c9044ccb15c6a52022be77424335c,"[""notes/region_analysis_review_20261004/runs/all_sources_20261004_071659/252385_20261004_072443_region_analysis/tables/252385_results_20261004_072537.xlsx""]",128,"{""voxel"": 128}",128,False,"[""Soma_Side_Reference_Source""]"
notes/region_analysis_review_20261004/runs/all_sources_20261004_071659/252527_20261004_072548_region_analysis/tables/252527_results_20261004_072622.xlsx,3879bfa2219f9cf4c932385717c28393bb9c47e6132df567bc77e342982acb44,"[""notes/region_analysis_review_20261004/runs/all_sources_20261004_071659/252527_20261004_072548_region_analysis/tables/252527_results_20261004_072622.xlsx""]",99,"{""voxel"": 99}",99,False,"[""Soma_Side_Reference_Source""]"
notes/region_analysis_review_20261004/runs/all_sources_20261004_071659/252714_20261004_072628_region_analysis/tables/252714_results_20261004_072812.xlsx,3859b7322a8c863110a3f118fb66dbf0bf81d0c5e523939180e682e587f6c716,"[""notes/region_analysis_review_20261004/runs/all_sources_20261004_071659/252714_20261004_072628_region_analysis/tables/252714_results_20261004_072812.xlsx""]",144,"{""voxel"": 144}",144,False,"[""Soma_Side_Reference_Source""]"
notes/region_analysis_review_20261004/runs/all_sources_20261004_071659/252718_20261004_072832_region_analysis/tables/252718_results_20261004_072943.xlsx,2beaabd9c38c8795b0fc16aa1c445450ec647bbbdd13d8ba7760f9a16e7548da,"[""notes/region_analysis_review_20261004/runs/all_sources_20261004_071659/252718_20261004_072832_region_analysis/tables/252718_results_20261004_072943.xlsx""]",190,"{""voxel"": 190}",190,False,"[""Soma_Side_Reference_Source""]"
notes/region_analysis_review_20261004/runs/all_sources_20261004_071659/252790_20261004_072957_region_analysis/tables/252790_results_20261004_073141.xlsx,73bca19940ecdd50f1b42574b68931f9c352fe371b9f9098c2066f42d33fea65,"[""notes/region_analysis_review_20261004/runs/all_sources_20261004_071659/252790_20261004_072957_region_analysis/tables/252790_results_20261004_073141.xlsx""]",123,"{""voxel"": 123}",123,False,"[""Soma_Side_Reference_Source""]"
notes/region_analysis_review_20261004/runs/all_sources_20261004_072050/251730_20261004_072052_region_analysis/tables/251730_results_20261004_072222.xlsx,1562c3ccb0d2d22dc2dee2e70bcb1bc465cc99a4f6024cca3bd037ee90a1ebe8,"[""notes/region_analysis_review_20261004/runs/all_sources_20261004_072050/251730_20261004_072052_region_analysis/tables/251730_results_20261004_072222.xlsx""]",117,"{""voxel"": 117}",117,False,"[""Soma_Side_Reference_Source""]"
notes/region_analysis_review_20261004/runs/all_sources_20261004_072050/252383_20261004_072238_region_analysis/tables/252383_results_20261004_072241.xlsx,9a0877e9d4635501d6050f203a871b91cd484d3cd978c8d0c36661a7cd802020,"[""notes/region_analysis_review_20261004/runs/all_sources_20261004_072050/252383_20261004_072238_region_analysis/tables/252383_results_20261004_072241.xlsx""]",9,"{""voxel"": 9}",9,False,"[""Soma_Side_Reference_Source""]"
notes/region_analysis_review_20261004/runs/all_sources_20261004_072050/252384_20261004_072243_region_analysis/tables/252384_results_20261004_072244.xlsx,81aec2f49517da039288053f4c4ab9915caf7b2db96436edce803870d7856ea2,"[""notes/region_analysis_review_20261004/runs/all_sources_20261004_072050/252384_20261004_072243_region_analysis/tables/252384_results_20261004_072244.xlsx""]",1,"{""voxel"": 1}",1,False,"[""Soma_Side_Reference_Source""]"
notes/region_analysis_review_20261004/runs/entrypoint-smoke/251637_20261004_071206_region_analysis/tables/251637_results_20261004_071207.xlsx,f96b166ce51e8a01c3b207c0cf19149d53bb28817887202cc8642f09e3622e13,"[""notes/region_analysis_review_20261004/runs/entrypoint-smoke/251637_20261004_071206_region_analysis/tables/251637_results_20261004_071207.xlsx""]",2,"{""voxel"": 2}",2,False,"[""Soma_Label_Source"", ""Soma_Side_Reference_Source""]"
notes/region_analysis_review_20261004/runs/refined_subtables_20261004_072110/master_analysis/251637_20261004_072115_region_analysis/tables/251637_results_20261004_072515.xlsx,508cea4b5c6ba8e1401e55302c2adcb9e319d6842cffe6d0d5f57e0c5080f282,"[""notes/region_analysis_review_20261004/runs/refined_subtables_20261004_072110/master_analysis/251637_20261004_072115_region_analysis/tables/251637_results_20261004_072515.xlsx""]",562,"{""voxel"": 562}",562,True,"[""Soma_Label_Source"", ""Soma_Side_Reference_Source""]"
notes/region_analysis_review_20261004/runs/refined_subtables_20261004_072110/subtables/251637_ACC.xlsx,9f4c37cfb654983b061963e03d2defa9d41c885334da534785ecbb6fa65560b7,"[""notes/region_analysis_review_20261004/runs/refined_subtables_20261004_072110/subtables/251637_ACC.xlsx""]",5,"{""voxel"": 5}",5,False,"[""Soma_Label_Source"", ""Soma_Side_Reference_Source""]"
notes/region_analysis_review_20261004/runs/refined_subtables_20261004_072110/subtables/251637_FULL.xlsx,d71ce0c560fd603b217f547557d362c2bb7aac4bd75089045329cf5949ab4d39,"[""notes/region_analysis_review_20261004/runs/refined_subtables_20261004_072110/subtables/251637_FULL.xlsx""]",562,"{""voxel"": 562}",562,True,"[""Soma_Label_Source"", ""Soma_Side_Reference_Source""]"
notes/region_analysis_review_20261004/runs/refined_subtables_20261004_072110/subtables/251637_INS.xlsx,2c8332b68bcfc225bee19c7823e8cba69211cf06ee9dda8f437996996cfd668e,"[""notes/region_analysis_review_20261004/runs/refined_subtables_20261004_072110/subtables/251637_INS.xlsx""]",212,"{""voxel"": 212}",212,False,"[""Soma_Label_Source"", ""Soma_Side_Reference_Source""]"
notes/region_analysis_review_20261004/runs/refined_subtables_20261004_072110/subtables/251637_INS_HE.xlsx,af03f2a6e752031ed9716856662b362efb592fbc1e4530605791d1f7eeaa98ec,"[""notes/region_analysis_review_20261004/runs/refined_subtables_20261004_072110/subtables/251637_INS_HE.xlsx""]",260,"{""voxel"": 260}",260,False,"[""Soma_Label_Source"", ""Soma_Side_Reference_Source""]"
notes/region_analysis_review_20261004/runs/refined_subtables_20261004_072110/subtables/251637_INS_HE_inferred.xlsx,0bf420b5bbc697d42f7bdb7784af3bced30439a7991c0ad844516f4b0f8e2699,"[""notes/region_analysis_review_20261004/runs/refined_subtables_20261004_072110/subtables/251637_INS_HE_inferred.xlsx""]",260,"{""voxel"": 260}",260,False,"[""Soma_Label_Source"", ""Soma_Side_Reference_Source""]"
notes/region_analysis_review_20261004/runs/refined_subtables_20261004_072110/subtables/251637_M1.xlsx,586bee8817f067b0538aec704c38008c164ecb4e42159ccb935153a1c12675b1,"[""notes/region_analysis_review_20261004/runs/refined_subtables_20261004_072110/subtables/251637_M1.xlsx""]",244,"{""voxel"": 244}",244,False,"[""Soma_Label_Source"", ""Soma_Side_Reference_Source""]"
notes/region_analysis_review_20261004/runs/refined_subtables_20261004_072110/subtables/251637_Other.xlsx,f8aa581e2359f255a42881f5163c0212c99e48aa23546970560292ce8d928676,"[""notes/region_analysis_review_20261004/runs/refined_subtables_20261004_072110/subtables/251637_Other.xlsx""]",21,"{""voxel"": 21}",21,False,"[""Soma_Label_Source"", ""Soma_Side_Reference_Source""]"
notes/region_analysis_review_20261004/runs/refined_subtables_20261004_072110/subtables/251637_PrCO.xlsx,12907c63b01ed15766db0d63bf27d4ea28f9c3e184d2e62e6a554a57181ef47e,"[""notes/region_analysis_review_20261004/runs/refined_subtables_20261004_072110/subtables/251637_PrCO.xlsx""]",35,"{""voxel"": 35}",35,False,"[""Soma_Label_Source"", ""Soma_Side_Reference_Source""]"
notes/region_analysis_review_20261004/runs/refined_subtables_20261004_072110/subtables/251637_results.xlsx,6eb191f8b73bb33b0b3989200227b375c141df471327f225126e325394f3e8d3,"[""notes/region_analysis_review_20261004/runs/refined_subtables_20261004_072110/subtables/251637_results.xlsx""]",212,"{""voxel"": 212}",212,False,"[""Soma_Label_Source"", ""Soma_Side_Reference_Source""]"
notes/region_analysis_review_20261004/runs/refined_subtables_20261004_072110/subtables/251637_subset.xlsx,a1acdf25e7458866e96b71c25d9db728a2f09320c13e865edb22c7439f4e4051,"[""notes/region_analysis_review_20261004/runs/refined_subtables_20261004_072110/subtables/251637_subset.xlsx""]",106,"{""voxel"": 106}",106,True,"[""Soma_Label_Source"", ""Soma_Side_Reference_Source""]"
notes/region_analysis_review_20261004/runs/refined_subtables_20261004_072110/subtables/251637_Unknown.xlsx,cc4e105a0707126d0bd10d795a3fb76b61b95b070c50769d172720bac6da3121,"[""notes/region_analysis_review_20261004/runs/refined_subtables_20261004_072110/subtables/251637_Unknown.xlsx""]",45,"{""voxel"": 45}",45,True,"[""Soma_Label_Source"", ""Soma_Side_Reference_Source""]"
R_analysis/tables/251637_INS_HE_inferred_merged_tmp.xlsx,7bf3c30a7f84e933ee69e348d4cecb37c8c6f8675b3961b6b9666339859f31be,"[""R_analysis/tables/251637_INS_HE_inferred_merged_tmp.xlsx""]",562,"{""not_declared_in_sheet"": 562}",562,True,[]
R_analysis/tables/251637_results_v2.xlsx,a8d15d81c5ae6e9973a61c9b402529bcff216e90b5b969a7943bafef5a2e4e3b,"[""R_analysis/tables/251637_results_v2.xlsx""]",212,"{""not_declared_in_sheet"": 212}",212,False,[]
R_analysis/tables/251637_results_v3.xlsx,d57561b9d2c1c98a29f5fa2124eb1c66584236590f8f52a9c4d34363b1bbe672,"[""R_analysis/tables/251637_results_v3.xlsx""]",212,"{""not_declared_in_sheet"": 212}",212,False,[]
R_analysis/tables/251637_results_v4.xlsx,b1899a3d9e41daec3c903adad828b21d2bf3c11d181e1f035b049be29832cd06,"[""R_analysis/tables/251637_results_v4.xlsx""]",212,"{""not_declared_in_sheet"": 212}",212,False,[]
