check,status,count,examples,file,sheet,sha256,identical_copy_count,headers,error
composite_UID_mismatch,verified_identity_issue,306,"[{""SampleID"": ""251637"", ""NeuronID"": ""001.swc"", ""NeuronUID"": ""251637::001.swc""}, {""SampleID"": ""251637"", ""NeuronID"": ""002.swc"", ""NeuronUID"": ""251637::002.swc""}, {""SampleID"": ""251637"", ""NeuronID"": ""003.swc"", ""NeuronUID"": ""251637::003.swc""}, {""SampleID"": ""251637"", ""NeuronID"": ""004.swc"", ""NeuronUID"": ""251637::004.swc""}, {""SampleID"": ""251637"", ""NeuronID"": ""005.swc"", ""NeuronUID"": ""251637::005.swc""}, {""SampleID"": ""251637"", ""NeuronID"": ""006.swc"", ""NeuronUID"": ""251637::006.swc""}, {""SampleID"": ""251637"", ""NeuronID"": ""007.swc"", ""NeuronUID"": ""251637::007.swc""}, {""SampleID"": ""251637"", ""NeuronID"": ""008.swc"", ""NeuronUID"": ""251637::008.swc""}, {""SampleID"": ""251637"", ""NeuronID"": ""009.swc"", ""NeuronUID"": ""251637::009.swc""}, {""SampleID"": ""251637"", ""NeuronID"": ""010.swc"", ""NeuronUID"": ""251637::010.swc""}, {""SampleID"": ""251637"", ""NeuronID"": ""011.swc"", ""NeuronUID"": ""251637::011.swc""}, {""SampleID"": ""251637"", ""NeuronID"": ""012.swc"", ""NeuronUID"": ""251637::012.swc""}, {""SampleID"": ""251637"", ""NeuronID"": ""013.swc"", ""NeuronUID"": ""251637::013.swc""}, {""SampleID"": ""251637"", ""NeuronID"": ""014.swc"", ""NeuronUID"": ""251637::014.swc""}, {""SampleID"": ""251637"", ""NeuronID"": ""015.swc"", ""NeuronUID"": ""251637::015.swc""}]",group_analysis/combined/multi_monkey_INS_combined.xlsx,Summary,a4ef7d74bd3729ece755a9543c6cfd42c720e294ccd37ec6b03eb12332089df3,1,,
composite_UID_mismatch,verified_identity_issue,306,"[{""SampleID"": ""251637"", ""NeuronID"": ""001.swc"", ""NeuronUID"": ""251637::001.swc""}, {""SampleID"": ""251637"", ""NeuronID"": ""002.swc"", ""NeuronUID"": ""251637::002.swc""}, {""SampleID"": ""251637"", ""NeuronID"": ""003.swc"", ""NeuronUID"": ""251637::003.swc""}, {""SampleID"": ""251637"", ""NeuronID"": ""004.swc"", ""NeuronUID"": ""251637::004.swc""}, {""SampleID"": ""251637"", ""NeuronID"": ""005.swc"", ""NeuronUID"": ""251637::005.swc""}, {""SampleID"": ""251637"", ""NeuronID"": ""006.swc"", ""NeuronUID"": ""251637::006.swc""}, {""SampleID"": ""251637"", ""NeuronID"": ""007.swc"", ""NeuronUID"": ""251637::007.swc""}, {""SampleID"": ""251637"", ""NeuronID"": ""008.swc"", ""NeuronUID"": ""251637::008.swc""}, {""SampleID"": ""251637"", ""NeuronID"": ""009.swc"", ""NeuronUID"": ""251637::009.swc""}, {""SampleID"": ""251637"", ""NeuronID"": ""010.swc"", ""NeuronUID"": ""251637::010.swc""}, {""SampleID"": ""251637"", ""NeuronID"": ""011.swc"", ""NeuronUID"": ""251637::011.swc""}, {""SampleID"": ""251637"", ""NeuronID"": ""012.swc"", ""NeuronUID"": ""251637::012.swc""}, {""SampleID"": ""251637"", ""NeuronID"": ""013.swc"", ""NeuronUID"": ""251637::013.swc""}, {""SampleID"": ""251637"", ""NeuronID"": ""014.swc"", ""NeuronUID"": ""251637::014.swc""}, {""SampleID"": ""251637"", ""NeuronID"": ""015.swc"", ""NeuronUID"": ""251637::015.swc""}]",group_analysis/combined/multi_monkey_INS_combined.xlsx,Projection_Length_ipsi,a4ef7d74bd3729ece755a9543c6cfd42c720e294ccd37ec6b03eb12332089df3,1,,
composite_UID_mismatch,verified_identity_issue,306,"[{""SampleID"": ""251637"", ""NeuronID"": ""001.swc"", ""NeuronUID"": ""251637::001.swc""}, {""SampleID"": ""251637"", ""NeuronID"": ""002.swc"", ""NeuronUID"": ""251637::002.swc""}, {""SampleID"": ""251637"", ""NeuronID"": ""003.swc"", ""NeuronUID"": ""251637::003.swc""}, {""SampleID"": ""251637"", ""NeuronID"": ""004.swc"", ""NeuronUID"": ""251637::004.swc""}, {""SampleID"": ""251637"", ""NeuronID"": ""005.swc"", ""NeuronUID"": ""251637::005.swc""}, {""SampleID"": ""251637"", ""NeuronID"": ""006.swc"", ""NeuronUID"": ""251637::006.swc""}, {""SampleID"": ""251637"", ""NeuronID"": ""007.swc"", ""NeuronUID"": ""251637::007.swc""}, {""SampleID"": ""251637"", ""NeuronID"": ""008.swc"", ""NeuronUID"": ""251637::008.swc""}, {""SampleID"": ""251637"", ""NeuronID"": ""009.swc"", ""NeuronUID"": ""251637::009.swc""}, {""SampleID"": ""251637"", ""NeuronID"": ""010.swc"", ""NeuronUID"": ""251637::010.swc""}, {""SampleID"": ""251637"", ""NeuronID"": ""011.swc"", ""NeuronUID"": ""251637::011.swc""}, {""SampleID"": ""251637"", ""NeuronID"": ""012.swc"", ""NeuronUID"": ""251637::012.swc""}, {""SampleID"": ""251637"", ""NeuronID"": ""013.swc"", ""NeuronUID"": ""251637::013.swc""}, {""SampleID"": ""251637"", ""NeuronID"": ""014.swc"", ""NeuronUID"": ""251637::014.swc""}, {""SampleID"": ""251637"", ""NeuronID"": ""015.swc"", ""NeuronUID"": ""251637::015.swc""}]",group_analysis/combined/multi_monkey_INS_combined.xlsx,Projection_Length_contra,a4ef7d74bd3729ece755a9543c6cfd42c720e294ccd37ec6b03eb12332089df3,1,,
composite_UID_mismatch,verified_identity_issue,306,"[{""SampleID"": ""251637"", ""NeuronID"": ""001.swc"", ""NeuronUID"": ""251637::001.swc""}, {""SampleID"": ""251637"", ""NeuronID"": ""002.swc"", ""NeuronUID"": ""251637::002.swc""}, {""SampleID"": ""251637"", ""NeuronID"": ""003.swc"", ""NeuronUID"": ""251637::003.swc""}, {""SampleID"": ""251637"", ""NeuronID"": ""004.swc"", ""NeuronUID"": ""251637::004.swc""}, {""SampleID"": ""251637"", ""NeuronID"": ""005.swc"", ""NeuronUID"": ""251637::005.swc""}, {""SampleID"": ""251637"", ""NeuronID"": ""006.swc"", ""NeuronUID"": ""251637::006.swc""}, {""SampleID"": ""251637"", ""NeuronID"": ""007.swc"", ""NeuronUID"": ""251637::007.swc""}, {""SampleID"": ""251637"", ""NeuronID"": ""008.swc"", ""NeuronUID"": ""251637::008.swc""}, {""SampleID"": ""251637"", ""NeuronID"": ""009.swc"", ""NeuronUID"": ""251637::009.swc""}, {""SampleID"": ""251637"", ""NeuronID"": ""010.swc"", ""NeuronUID"": ""251637::010.swc""}, {""SampleID"": ""251637"", ""NeuronID"": ""011.swc"", ""NeuronUID"": ""251637::011.swc""}, {""SampleID"": ""251637"", ""NeuronID"": ""012.swc"", ""NeuronUID"": ""251637::012.swc""}, {""SampleID"": ""251637"", ""NeuronID"": ""013.swc"", ""NeuronUID"": ""251637::013.swc""}, {""SampleID"": ""251637"", ""NeuronID"": ""014.swc"", ""NeuronUID"": ""251637::014.swc""}, {""SampleID"": ""251637"", ""NeuronID"": ""015.swc"", ""NeuronUID"": ""251637::015.swc""}]",group_analysis/combined/multi_monkey_INS_combined.xlsx,Projection_Strength_ipsi,a4ef7d74bd3729ece755a9543c6cfd42c720e294ccd37ec6b03eb12332089df3,1,,
composite_UID_mismatch,verified_identity_issue,306,"[{""SampleID"": ""251637"", ""NeuronID"": ""001.swc"", ""NeuronUID"": ""251637::001.swc""}, {""SampleID"": ""251637"", ""NeuronID"": ""002.swc"", ""NeuronUID"": ""251637::002.swc""}, {""SampleID"": ""251637"", ""NeuronID"": ""003.swc"", ""NeuronUID"": ""251637::003.swc""}, {""SampleID"": ""251637"", ""NeuronID"": ""004.swc"", ""NeuronUID"": ""251637::004.swc""}, {""SampleID"": ""251637"", ""NeuronID"": ""005.swc"", ""NeuronUID"": ""251637::005.swc""}, {""SampleID"": ""251637"", ""NeuronID"": ""006.swc"", ""NeuronUID"": ""251637::006.swc""}, {""SampleID"": ""251637"", ""NeuronID"": ""007.swc"", ""NeuronUID"": ""251637::007.swc""}, {""SampleID"": ""251637"", ""NeuronID"": ""008.swc"", ""NeuronUID"": ""251637::008.swc""}, {""SampleID"": ""251637"", ""NeuronID"": ""009.swc"", ""NeuronUID"": ""251637::009.swc""}, {""SampleID"": ""251637"", ""NeuronID"": ""010.swc"", ""NeuronUID"": ""251637::010.swc""}, {""SampleID"": ""251637"", ""NeuronID"": ""011.swc"", ""NeuronUID"": ""251637::011.swc""}, {""SampleID"": ""251637"", ""NeuronID"": ""012.swc"", ""NeuronUID"": ""251637::012.swc""}, {""SampleID"": ""251637"", ""NeuronID"": ""013.swc"", ""NeuronUID"": ""251637::013.swc""}, {""SampleID"": ""251637"", ""NeuronID"": ""014.swc"", ""NeuronUID"": ""251637::014.swc""}, {""SampleID"": ""251637"", ""NeuronID"": ""015.swc"", ""NeuronUID"": ""251637::015.swc""}]",group_analysis/combined/multi_monkey_INS_combined.xlsx,Projection_Strength_contra,a4ef7d74bd3729ece755a9543c6cfd42c720e294ccd37ec6b03eb12332089df3,1,,
composite_UID_mismatch,verified_identity_issue,306,"[{""SampleID"": ""251637"", ""NeuronID"": ""001.swc"", ""NeuronUID"": ""251637::001.swc""}, {""SampleID"": ""251637"", ""NeuronID"": ""002.swc"", ""NeuronUID"": ""251637::002.swc""}, {""SampleID"": ""251637"", ""NeuronID"": ""003.swc"", ""NeuronUID"": ""251637::003.swc""}, {""SampleID"": ""251637"", ""NeuronID"": ""004.swc"", ""NeuronUID"": ""251637::004.swc""}, {""SampleID"": ""251637"", ""NeuronID"": ""005.swc"", ""NeuronUID"": ""251637::005.swc""}, {""SampleID"": ""251637"", ""NeuronID"": ""006.swc"", ""NeuronUID"": ""251637::006.swc""}, {""SampleID"": ""251637"", ""NeuronID"": ""007.swc"", ""NeuronUID"": ""251637::007.swc""}, {""SampleID"": ""251637"", ""NeuronID"": ""008.swc"", ""NeuronUID"": ""251637::008.swc""}, {""SampleID"": ""251637"", ""NeuronID"": ""009.swc"", ""NeuronUID"": ""251637::009.swc""}, {""SampleID"": ""251637"", ""NeuronID"": ""010.swc"", ""NeuronUID"": ""251637::010.swc""}, {""SampleID"": ""251637"", ""NeuronID"": ""011.swc"", ""NeuronUID"": ""251637::011.swc""}, {""SampleID"": ""251637"", ""NeuronID"": ""012.swc"", ""NeuronUID"": ""251637::012.swc""}, {""SampleID"": ""251637"", ""NeuronID"": ""013.swc"", ""NeuronUID"": ""251637::013.swc""}, {""SampleID"": ""251637"", ""NeuronID"": ""014.swc"", ""NeuronUID"": ""251637::014.swc""}, {""SampleID"": ""251637"", ""NeuronID"": ""015.swc"", ""NeuronUID"": ""251637::015.swc""}]",group_analysis/combined/multi_monkey_INS_combined.xlsx,Projection_Length_L3_ipsi,a4ef7d74bd3729ece755a9543c6cfd42c720e294ccd37ec6b03eb12332089df3,1,,
composite_UID_mismatch,verified_identity_issue,306,"[{""SampleID"": ""251637"", ""NeuronID"": ""001.swc"", ""NeuronUID"": ""251637::001.swc""}, {""SampleID"": ""251637"", ""NeuronID"": ""002.swc"", ""NeuronUID"": ""251637::002.swc""}, {""SampleID"": ""251637"", ""NeuronID"": ""003.swc"", ""NeuronUID"": ""251637::003.swc""}, {""SampleID"": ""251637"", ""NeuronID"": ""004.swc"", ""NeuronUID"": ""251637::004.swc""}, {""SampleID"": ""251637"", ""NeuronID"": ""005.swc"", ""NeuronUID"": ""251637::005.swc""}, {""SampleID"": ""251637"", ""NeuronID"": ""006.swc"", ""NeuronUID"": ""251637::006.swc""}, {""SampleID"": ""251637"", ""NeuronID"": ""007.swc"", ""NeuronUID"": ""251637::007.swc""}, {""SampleID"": ""251637"", ""NeuronID"": ""008.swc"", ""NeuronUID"": ""251637::008.swc""}, {""SampleID"": ""251637"", ""NeuronID"": ""009.swc"", ""NeuronUID"": ""251637::009.swc""}, {""SampleID"": ""251637"", ""NeuronID"": ""010.swc"", ""NeuronUID"": ""251637::010.swc""}, {""SampleID"": ""251637"", ""NeuronID"": ""011.swc"", ""NeuronUID"": ""251637::011.swc""}, {""SampleID"": ""251637"", ""NeuronID"": ""012.swc"", ""NeuronUID"": ""251637::012.swc""}, {""SampleID"": ""251637"", ""NeuronID"": ""013.swc"", ""NeuronUID"": ""251637::013.swc""}, {""SampleID"": ""251637"", ""NeuronID"": ""014.swc"", ""NeuronUID"": ""251637::014.swc""}, {""SampleID"": ""251637"", ""NeuronID"": ""015.swc"", ""NeuronUID"": ""251637::015.swc""}]",group_analysis/combined/multi_monkey_INS_combined.xlsx,Projection_Length_L3_contra,a4ef7d74bd3729ece755a9543c6cfd42c720e294ccd37ec6b03eb12332089df3,1,,
composite_UID_mismatch,verified_identity_issue,306,"[{""SampleID"": ""251637"", ""NeuronID"": ""001.swc"", ""NeuronUID"": ""251637::001.swc""}, {""SampleID"": ""251637"", ""NeuronID"": ""002.swc"", ""NeuronUID"": ""251637::002.swc""}, {""SampleID"": ""251637"", ""NeuronID"": ""003.swc"", ""NeuronUID"": ""251637::003.swc""}, {""SampleID"": ""251637"", ""NeuronID"": ""004.swc"", ""NeuronUID"": ""251637::004.swc""}, {""SampleID"": ""251637"", ""NeuronID"": ""005.swc"", ""NeuronUID"": ""251637::005.swc""}, {""SampleID"": ""251637"", ""NeuronID"": ""006.swc"", ""NeuronUID"": ""251637::006.swc""}, {""SampleID"": ""251637"", ""NeuronID"": ""007.swc"", ""NeuronUID"": ""251637::007.swc""}, {""SampleID"": ""251637"", ""NeuronID"": ""008.swc"", ""NeuronUID"": ""251637::008.swc""}, {""SampleID"": ""251637"", ""NeuronID"": ""009.swc"", ""NeuronUID"": ""251637::009.swc""}, {""SampleID"": ""251637"", ""NeuronID"": ""010.swc"", ""NeuronUID"": ""251637::010.swc""}, {""SampleID"": ""251637"", ""NeuronID"": ""011.swc"", ""NeuronUID"": ""251637::011.swc""}, {""SampleID"": ""251637"", ""NeuronID"": ""012.swc"", ""NeuronUID"": ""251637::012.swc""}, {""SampleID"": ""251637"", ""NeuronID"": ""013.swc"", ""NeuronUID"": ""251637::013.swc""}, {""SampleID"": ""251637"", ""NeuronID"": ""014.swc"", ""NeuronUID"": ""251637::014.swc""}, {""SampleID"": ""251637"", ""NeuronID"": ""015.swc"", ""NeuronUID"": ""251637::015.swc""}]",group_analysis/combined/multi_monkey_INS_combined.xlsx,Projection_Strength_L3_ipsi,a4ef7d74bd3729ece755a9543c6cfd42c720e294ccd37ec6b03eb12332089df3,1,,
composite_UID_mismatch,verified_identity_issue,306,"[{""SampleID"": ""251637"", ""NeuronID"": ""001.swc"", ""NeuronUID"": ""251637::001.swc""}, {""SampleID"": ""251637"", ""NeuronID"": ""002.swc"", ""NeuronUID"": ""251637::002.swc""}, {""SampleID"": ""251637"", ""NeuronID"": ""003.swc"", ""NeuronUID"": ""251637::003.swc""}, {""SampleID"": ""251637"", ""NeuronID"": ""004.swc"", ""NeuronUID"": ""251637::004.swc""}, {""SampleID"": ""251637"", ""NeuronID"": ""005.swc"", ""NeuronUID"": ""251637::005.swc""}, {""SampleID"": ""251637"", ""NeuronID"": ""006.swc"", ""NeuronUID"": ""251637::006.swc""}, {""SampleID"": ""251637"", ""NeuronID"": ""007.swc"", ""NeuronUID"": ""251637::007.swc""}, {""SampleID"": ""251637"", ""NeuronID"": ""008.swc"", ""NeuronUID"": ""251637::008.swc""}, {""SampleID"": ""251637"", ""NeuronID"": ""009.swc"", ""NeuronUID"": ""251637::009.swc""}, {""SampleID"": ""251637"", ""NeuronID"": ""010.swc"", ""NeuronUID"": ""251637::010.swc""}, {""SampleID"": ""251637"", ""NeuronID"": ""011.swc"", ""NeuronUID"": ""251637::011.swc""}, {""SampleID"": ""251637"", ""NeuronID"": ""012.swc"", ""NeuronUID"": ""251637::012.swc""}, {""SampleID"": ""251637"", ""NeuronID"": ""013.swc"", ""NeuronUID"": ""251637::013.swc""}, {""SampleID"": ""251637"", ""NeuronID"": ""014.swc"", ""NeuronUID"": ""251637::014.swc""}, {""SampleID"": ""251637"", ""NeuronID"": ""015.swc"", ""NeuronUID"": ""251637::015.swc""}]",group_analysis/combined/multi_monkey_INS_combined.xlsx,Projection_Strength_L3_contra,a4ef7d74bd3729ece755a9543c6cfd42c720e294ccd37ec6b03eb12332089df3,1,,
composite_UID_mismatch,verified_identity_issue,353,"[{""SampleID"": 251637, ""NeuronID"": ""001.swc"", ""NeuronUID"": ""251637::001.swc""}, {""SampleID"": 251637, ""NeuronID"": ""002.swc"", ""NeuronUID"": ""251637::002.swc""}, {""SampleID"": 251637, ""NeuronID"": ""003.swc"", ""NeuronUID"": ""251637::003.swc""}, {""SampleID"": 251637, ""NeuronID"": ""004.swc"", ""NeuronUID"": ""251637::004.swc""}, {""SampleID"": 251637, ""NeuronID"": ""005.swc"", ""NeuronUID"": ""251637::005.swc""}, {""SampleID"": 251637, ""NeuronID"": ""006.swc"", ""NeuronUID"": ""251637::006.swc""}, {""SampleID"": 251637, ""NeuronID"": ""007.swc"", ""NeuronUID"": ""251637::007.swc""}, {""SampleID"": 251637, ""NeuronID"": ""008.swc"", ""NeuronUID"": ""251637::008.swc""}, {""SampleID"": 251637, ""NeuronID"": ""009.swc"", ""NeuronUID"": ""251637::009.swc""}, {""SampleID"": 251637, ""NeuronID"": ""010.swc"", ""NeuronUID"": ""251637::010.swc""}, {""SampleID"": 251637, ""NeuronID"": ""011.swc"", ""NeuronUID"": ""251637::011.swc""}, {""SampleID"": 251637, ""NeuronID"": ""012.swc"", ""NeuronUID"": ""251637::012.swc""}, {""SampleID"": 251637, ""NeuronID"": ""013.swc"", ""NeuronUID"": ""251637::013.swc""}, {""SampleID"": 251637, ""NeuronID"": ""014.swc"", ""NeuronUID"": ""251637::014.swc""}, {""SampleID"": 251637, ""NeuronID"": ""015.swc"", ""NeuronUID"": ""251637::015.swc""}]",group_analysis/combined/multi_monkey_INS_combined_harmonized.xlsx,Summary,dea7146bf74af7f605ab2a8ff8f75c46de3ba9d388ca38f78ba8af5de316b178,1,,
composite_UID_mismatch,verified_identity_issue,353,"[{""SampleID"": 251637, ""NeuronID"": ""001.swc"", ""NeuronUID"": ""251637::001.swc""}, {""SampleID"": 251637, ""NeuronID"": ""002.swc"", ""NeuronUID"": ""251637::002.swc""}, {""SampleID"": 251637, ""NeuronID"": ""003.swc"", ""NeuronUID"": ""251637::003.swc""}, {""SampleID"": 251637, ""NeuronID"": ""004.swc"", ""NeuronUID"": ""251637::004.swc""}, {""SampleID"": 251637, ""NeuronID"": ""005.swc"", ""NeuronUID"": ""251637::005.swc""}, {""SampleID"": 251637, ""NeuronID"": ""006.swc"", ""NeuronUID"": ""251637::006.swc""}, {""SampleID"": 251637, ""NeuronID"": ""007.swc"", ""NeuronUID"": ""251637::007.swc""}, {""SampleID"": 251637, ""NeuronID"": ""008.swc"", ""NeuronUID"": ""251637::008.swc""}, {""SampleID"": 251637, ""NeuronID"": ""009.swc"", ""NeuronUID"": ""251637::009.swc""}, {""SampleID"": 251637, ""NeuronID"": ""010.swc"", ""NeuronUID"": ""251637::010.swc""}, {""SampleID"": 251637, ""NeuronID"": ""011.swc"", ""NeuronUID"": ""251637::011.swc""}, {""SampleID"": 251637, ""NeuronID"": ""012.swc"", ""NeuronUID"": ""251637::012.swc""}, {""SampleID"": 251637, ""NeuronID"": ""013.swc"", ""NeuronUID"": ""251637::013.swc""}, {""SampleID"": 251637, ""NeuronID"": ""014.swc"", ""NeuronUID"": ""251637::014.swc""}, {""SampleID"": 251637, ""NeuronID"": ""015.swc"", ""NeuronUID"": ""251637::015.swc""}]",group_analysis/combined/multi_monkey_INS_combined_harmonized.xlsx,Projection_Length_ipsi,dea7146bf74af7f605ab2a8ff8f75c46de3ba9d388ca38f78ba8af5de316b178,1,,
composite_UID_mismatch,verified_identity_issue,353,"[{""SampleID"": 251637, ""NeuronID"": ""001.swc"", ""NeuronUID"": ""251637::001.swc""}, {""SampleID"": 251637, ""NeuronID"": ""002.swc"", ""NeuronUID"": ""251637::002.swc""}, {""SampleID"": 251637, ""NeuronID"": ""003.swc"", ""NeuronUID"": ""251637::003.swc""}, {""SampleID"": 251637, ""NeuronID"": ""004.swc"", ""NeuronUID"": ""251637::004.swc""}, {""SampleID"": 251637, ""NeuronID"": ""005.swc"", ""NeuronUID"": ""251637::005.swc""}, {""SampleID"": 251637, ""NeuronID"": ""006.swc"", ""NeuronUID"": ""251637::006.swc""}, {""SampleID"": 251637, ""NeuronID"": ""007.swc"", ""NeuronUID"": ""251637::007.swc""}, {""SampleID"": 251637, ""NeuronID"": ""008.swc"", ""NeuronUID"": ""251637::008.swc""}, {""SampleID"": 251637, ""NeuronID"": ""009.swc"", ""NeuronUID"": ""251637::009.swc""}, {""SampleID"": 251637, ""NeuronID"": ""010.swc"", ""NeuronUID"": ""251637::010.swc""}, {""SampleID"": 251637, ""NeuronID"": ""011.swc"", ""NeuronUID"": ""251637::011.swc""}, {""SampleID"": 251637, ""NeuronID"": ""012.swc"", ""NeuronUID"": ""251637::012.swc""}, {""SampleID"": 251637, ""NeuronID"": ""013.swc"", ""NeuronUID"": ""251637::013.swc""}, {""SampleID"": 251637, ""NeuronID"": ""014.swc"", ""NeuronUID"": ""251637::014.swc""}, {""SampleID"": 251637, ""NeuronID"": ""015.swc"", ""NeuronUID"": ""251637::015.swc""}]",group_analysis/combined/multi_monkey_INS_combined_harmonized.xlsx,Projection_Length_contra,dea7146bf74af7f605ab2a8ff8f75c46de3ba9d388ca38f78ba8af5de316b178,1,,
composite_UID_mismatch,verified_identity_issue,353,"[{""SampleID"": 251637, ""NeuronID"": ""001.swc"", ""NeuronUID"": ""251637::001.swc""}, {""SampleID"": 251637, ""NeuronID"": ""002.swc"", ""NeuronUID"": ""251637::002.swc""}, {""SampleID"": 251637, ""NeuronID"": ""003.swc"", ""NeuronUID"": ""251637::003.swc""}, {""SampleID"": 251637, ""NeuronID"": ""004.swc"", ""NeuronUID"": ""251637::004.swc""}, {""SampleID"": 251637, ""NeuronID"": ""005.swc"", ""NeuronUID"": ""251637::005.swc""}, {""SampleID"": 251637, ""NeuronID"": ""006.swc"", ""NeuronUID"": ""251637::006.swc""}, {""SampleID"": 251637, ""NeuronID"": ""007.swc"", ""NeuronUID"": ""251637::007.swc""}, {""SampleID"": 251637, ""NeuronID"": ""008.swc"", ""NeuronUID"": ""251637::008.swc""}, {""SampleID"": 251637, ""NeuronID"": ""009.swc"", ""NeuronUID"": ""251637::009.swc""}, {""SampleID"": 251637, ""NeuronID"": ""010.swc"", ""NeuronUID"": ""251637::010.swc""}, {""SampleID"": 251637, ""NeuronID"": ""011.swc"", ""NeuronUID"": ""251637::011.swc""}, {""SampleID"": 251637, ""NeuronID"": ""012.swc"", ""NeuronUID"": ""251637::012.swc""}, {""SampleID"": 251637, ""NeuronID"": ""013.swc"", ""NeuronUID"": ""251637::013.swc""}, {""SampleID"": 251637, ""NeuronID"": ""014.swc"", ""NeuronUID"": ""251637::014.swc""}, {""SampleID"": 251637, ""NeuronID"": ""015.swc"", ""NeuronUID"": ""251637::015.swc""}]",group_analysis/combined/multi_monkey_INS_combined_harmonized.xlsx,Projection_Strength_ipsi,dea7146bf74af7f605ab2a8ff8f75c46de3ba9d388ca38f78ba8af5de316b178,1,,
composite_UID_mismatch,verified_identity_issue,353,"[{""SampleID"": 251637, ""NeuronID"": ""001.swc"", ""NeuronUID"": ""251637::001.swc""}, {""SampleID"": 251637, ""NeuronID"": ""002.swc"", ""NeuronUID"": ""251637::002.swc""}, {""SampleID"": 251637, ""NeuronID"": ""003.swc"", ""NeuronUID"": ""251637::003.swc""}, {""SampleID"": 251637, ""NeuronID"": ""004.swc"", ""NeuronUID"": ""251637::004.swc""}, {""SampleID"": 251637, ""NeuronID"": ""005.swc"", ""NeuronUID"": ""251637::005.swc""}, {""SampleID"": 251637, ""NeuronID"": ""006.swc"", ""NeuronUID"": ""251637::006.swc""}, {""SampleID"": 251637, ""NeuronID"": ""007.swc"", ""NeuronUID"": ""251637::007.swc""}, {""SampleID"": 251637, ""NeuronID"": ""008.swc"", ""NeuronUID"": ""251637::008.swc""}, {""SampleID"": 251637, ""NeuronID"": ""009.swc"", ""NeuronUID"": ""251637::009.swc""}, {""SampleID"": 251637, ""NeuronID"": ""010.swc"", ""NeuronUID"": ""251637::010.swc""}, {""SampleID"": 251637, ""NeuronID"": ""011.swc"", ""NeuronUID"": ""251637::011.swc""}, {""SampleID"": 251637, ""NeuronID"": ""012.swc"", ""NeuronUID"": ""251637::012.swc""}, {""SampleID"": 251637, ""NeuronID"": ""013.swc"", ""NeuronUID"": ""251637::013.swc""}, {""SampleID"": 251637, ""NeuronID"": ""014.swc"", ""NeuronUID"": ""251637::014.swc""}, {""SampleID"": 251637, ""NeuronID"": ""015.swc"", ""NeuronUID"": ""251637::015.swc""}]",group_analysis/combined/multi_monkey_INS_combined_harmonized.xlsx,Projection_Strength_contra,dea7146bf74af7f605ab2a8ff8f75c46de3ba9d388ca38f78ba8af5de316b178,1,,
composite_UID_mismatch,verified_identity_issue,353,"[{""SampleID"": 251637, ""NeuronID"": ""001.swc"", ""NeuronUID"": ""251637::001.swc""}, {""SampleID"": 251637, ""NeuronID"": ""002.swc"", ""NeuronUID"": ""251637::002.swc""}, {""SampleID"": 251637, ""NeuronID"": ""003.swc"", ""NeuronUID"": ""251637::003.swc""}, {""SampleID"": 251637, ""NeuronID"": ""004.swc"", ""NeuronUID"": ""251637::004.swc""}, {""SampleID"": 251637, ""NeuronID"": ""005.swc"", ""NeuronUID"": ""251637::005.swc""}, {""SampleID"": 251637, ""NeuronID"": ""006.swc"", ""NeuronUID"": ""251637::006.swc""}, {""SampleID"": 251637, ""NeuronID"": ""007.swc"", ""NeuronUID"": ""251637::007.swc""}, {""SampleID"": 251637, ""NeuronID"": ""008.swc"", ""NeuronUID"": ""251637::008.swc""}, {""SampleID"": 251637, ""NeuronID"": ""009.swc"", ""NeuronUID"": ""251637::009.swc""}, {""SampleID"": 251637, ""NeuronID"": ""010.swc"", ""NeuronUID"": ""251637::010.swc""}, {""SampleID"": 251637, ""NeuronID"": ""011.swc"", ""NeuronUID"": ""251637::011.swc""}, {""SampleID"": 251637, ""NeuronID"": ""012.swc"", ""NeuronUID"": ""251637::012.swc""}, {""SampleID"": 251637, ""NeuronID"": ""013.swc"", ""NeuronUID"": ""251637::013.swc""}, {""SampleID"": 251637, ""NeuronID"": ""014.swc"", ""NeuronUID"": ""251637::014.swc""}, {""SampleID"": 251637, ""NeuronID"": ""015.swc"", ""NeuronUID"": ""251637::015.swc""}]",group_analysis/combined/multi_monkey_INS_combined_harmonized.xlsx,Projection_Length_L3_ipsi,dea7146bf74af7f605ab2a8ff8f75c46de3ba9d388ca38f78ba8af5de316b178,1,,
composite_UID_mismatch,verified_identity_issue,353,"[{""SampleID"": 251637, ""NeuronID"": ""001.swc"", ""NeuronUID"": ""251637::001.swc""}, {""SampleID"": 251637, ""NeuronID"": ""002.swc"", ""NeuronUID"": ""251637::002.swc""}, {""SampleID"": 251637, ""NeuronID"": ""003.swc"", ""NeuronUID"": ""251637::003.swc""}, {""SampleID"": 251637, ""NeuronID"": ""004.swc"", ""NeuronUID"": ""251637::004.swc""}, {""SampleID"": 251637, ""NeuronID"": ""005.swc"", ""NeuronUID"": ""251637::005.swc""}, {""SampleID"": 251637, ""NeuronID"": ""006.swc"", ""NeuronUID"": ""251637::006.swc""}, {""SampleID"": 251637, ""NeuronID"": ""007.swc"", ""NeuronUID"": ""251637::007.swc""}, {""SampleID"": 251637, ""NeuronID"": ""008.swc"", ""NeuronUID"": ""251637::008.swc""}, {""SampleID"": 251637, ""NeuronID"": ""009.swc"", ""NeuronUID"": ""251637::009.swc""}, {""SampleID"": 251637, ""NeuronID"": ""010.swc"", ""NeuronUID"": ""251637::010.swc""}, {""SampleID"": 251637, ""NeuronID"": ""011.swc"", ""NeuronUID"": ""251637::011.swc""}, {""SampleID"": 251637, ""NeuronID"": ""012.swc"", ""NeuronUID"": ""251637::012.swc""}, {""SampleID"": 251637, ""NeuronID"": ""013.swc"", ""NeuronUID"": ""251637::013.swc""}, {""SampleID"": 251637, ""NeuronID"": ""014.swc"", ""NeuronUID"": ""251637::014.swc""}, {""SampleID"": 251637, ""NeuronID"": ""015.swc"", ""NeuronUID"": ""251637::015.swc""}]",group_analysis/combined/multi_monkey_INS_combined_harmonized.xlsx,Projection_Length_L3_contra,dea7146bf74af7f605ab2a8ff8f75c46de3ba9d388ca38f78ba8af5de316b178,1,,
composite_UID_mismatch,verified_identity_issue,353,"[{""SampleID"": 251637, ""NeuronID"": ""001.swc"", ""NeuronUID"": ""251637::001.swc""}, {""SampleID"": 251637, ""NeuronID"": ""002.swc"", ""NeuronUID"": ""251637::002.swc""}, {""SampleID"": 251637, ""NeuronID"": ""003.swc"", ""NeuronUID"": ""251637::003.swc""}, {""SampleID"": 251637, ""NeuronID"": ""004.swc"", ""NeuronUID"": ""251637::004.swc""}, {""SampleID"": 251637, ""NeuronID"": ""005.swc"", ""NeuronUID"": ""251637::005.swc""}, {""SampleID"": 251637, ""NeuronID"": ""006.swc"", ""NeuronUID"": ""251637::006.swc""}, {""SampleID"": 251637, ""NeuronID"": ""007.swc"", ""NeuronUID"": ""251637::007.swc""}, {""SampleID"": 251637, ""NeuronID"": ""008.swc"", ""NeuronUID"": ""251637::008.swc""}, {""SampleID"": 251637, ""NeuronID"": ""009.swc"", ""NeuronUID"": ""251637::009.swc""}, {""SampleID"": 251637, ""NeuronID"": ""010.swc"", ""NeuronUID"": ""251637::010.swc""}, {""SampleID"": 251637, ""NeuronID"": ""011.swc"", ""NeuronUID"": ""251637::011.swc""}, {""SampleID"": 251637, ""NeuronID"": ""012.swc"", ""NeuronUID"": ""251637::012.swc""}, {""SampleID"": 251637, ""NeuronID"": ""013.swc"", ""NeuronUID"": ""251637::013.swc""}, {""SampleID"": 251637, ""NeuronID"": ""014.swc"", ""NeuronUID"": ""251637::014.swc""}, {""SampleID"": 251637, ""NeuronID"": ""015.swc"", ""NeuronUID"": ""251637::015.swc""}]",group_analysis/combined/multi_monkey_INS_combined_harmonized.xlsx,Projection_Strength_L3_ipsi,dea7146bf74af7f605ab2a8ff8f75c46de3ba9d388ca38f78ba8af5de316b178,1,,
composite_UID_mismatch,verified_identity_issue,353,"[{""SampleID"": 251637, ""NeuronID"": ""001.swc"", ""NeuronUID"": ""251637::001.swc""}, {""SampleID"": 251637, ""NeuronID"": ""002.swc"", ""NeuronUID"": ""251637::002.swc""}, {""SampleID"": 251637, ""NeuronID"": ""003.swc"", ""NeuronUID"": ""251637::003.swc""}, {""SampleID"": 251637, ""NeuronID"": ""004.swc"", ""NeuronUID"": ""251637::004.swc""}, {""SampleID"": 251637, ""NeuronID"": ""005.swc"", ""NeuronUID"": ""251637::005.swc""}, {""SampleID"": 251637, ""NeuronID"": ""006.swc"", ""NeuronUID"": ""251637::006.swc""}, {""SampleID"": 251637, ""NeuronID"": ""007.swc"", ""NeuronUID"": ""251637::007.swc""}, {""SampleID"": 251637, ""NeuronID"": ""008.swc"", ""NeuronUID"": ""251637::008.swc""}, {""SampleID"": 251637, ""NeuronID"": ""009.swc"", ""NeuronUID"": ""251637::009.swc""}, {""SampleID"": 251637, ""NeuronID"": ""010.swc"", ""NeuronUID"": ""251637::010.swc""}, {""SampleID"": 251637, ""NeuronID"": ""011.swc"", ""NeuronUID"": ""251637::011.swc""}, {""SampleID"": 251637, ""NeuronID"": ""012.swc"", ""NeuronUID"": ""251637::012.swc""}, {""SampleID"": 251637, ""NeuronID"": ""013.swc"", ""NeuronUID"": ""251637::013.swc""}, {""SampleID"": 251637, ""NeuronID"": ""014.swc"", ""NeuronUID"": ""251637::014.swc""}, {""SampleID"": 251637, ""NeuronID"": ""015.swc"", ""NeuronUID"": ""251637::015.swc""}]",group_analysis/combined/multi_monkey_INS_combined_harmonized.xlsx,Projection_Strength_L3_contra,dea7146bf74af7f605ab2a8ff8f75c46de3ba9d388ca38f78ba8af5de316b178,1,,
composite_UID_mismatch,verified_identity_issue,420,"[{""SampleID"": ""251637"", ""NeuronID"": ""001.swc"", ""NeuronUID"": ""251637::001.swc""}, {""SampleID"": ""251637"", ""NeuronID"": ""002.swc"", ""NeuronUID"": ""251637::002.swc""}, {""SampleID"": ""251637"", ""NeuronID"": ""003.swc"", ""NeuronUID"": ""251637::003.swc""}, {""SampleID"": ""251637"", ""NeuronID"": ""004.swc"", ""NeuronUID"": ""251637::004.swc""}, {""SampleID"": ""251637"", ""NeuronID"": ""005.swc"", ""NeuronUID"": ""251637::005.swc""}, {""SampleID"": ""251637"", ""NeuronID"": ""006.swc"", ""NeuronUID"": ""251637::006.swc""}, {""SampleID"": ""251637"", ""NeuronID"": ""007.swc"", ""NeuronUID"": ""251637::007.swc""}, {""SampleID"": ""251637"", ""NeuronID"": ""008.swc"", ""NeuronUID"": ""251637::008.swc""}, {""SampleID"": ""251637"", ""NeuronID"": ""009.swc"", ""NeuronUID"": ""251637::009.swc""}, {""SampleID"": ""251637"", ""NeuronID"": ""010.swc"", ""NeuronUID"": ""251637::010.swc""}, {""SampleID"": ""251637"", ""NeuronID"": ""011.swc"", ""NeuronUID"": ""251637::011.swc""}, {""SampleID"": ""251637"", ""NeuronID"": ""012.swc"", ""NeuronUID"": ""251637::012.swc""}, {""SampleID"": ""251637"", ""NeuronID"": ""013.swc"", ""NeuronUID"": ""251637::013.swc""}, {""SampleID"": ""251637"", ""NeuronID"": ""014.swc"", ""NeuronUID"": ""251637::014.swc""}, {""SampleID"": ""251637"", ""NeuronID"": ""015.swc"", ""NeuronUID"": ""251637::015.swc""}]",group_analysis/staging_20260926/combined/multi_monkey_INS_combined.xlsx,Summary,2d01bf9da07e4a6da46f4401d73b18b196e68de4e21cd5505e1ad7b4f1b547d1,1,,
composite_UID_mismatch,verified_identity_issue,420,"[{""SampleID"": ""251637"", ""NeuronID"": ""001.swc"", ""NeuronUID"": ""251637::001.swc""}, {""SampleID"": ""251637"", ""NeuronID"": ""002.swc"", ""NeuronUID"": ""251637::002.swc""}, {""SampleID"": ""251637"", ""NeuronID"": ""003.swc"", ""NeuronUID"": ""251637::003.swc""}, {""SampleID"": ""251637"", ""NeuronID"": ""004.swc"", ""NeuronUID"": ""251637::004.swc""}, {""SampleID"": ""251637"", ""NeuronID"": ""005.swc"", ""NeuronUID"": ""251637::005.swc""}, {""SampleID"": ""251637"", ""NeuronID"": ""006.swc"", ""NeuronUID"": ""251637::006.swc""}, {""SampleID"": ""251637"", ""NeuronID"": ""007.swc"", ""NeuronUID"": ""251637::007.swc""}, {""SampleID"": ""251637"", ""NeuronID"": ""008.swc"", ""NeuronUID"": ""251637::008.swc""}, {""SampleID"": ""251637"", ""NeuronID"": ""009.swc"", ""NeuronUID"": ""251637::009.swc""}, {""SampleID"": ""251637"", ""NeuronID"": ""010.swc"", ""NeuronUID"": ""251637::010.swc""}, {""SampleID"": ""251637"", ""NeuronID"": ""011.swc"", ""NeuronUID"": ""251637::011.swc""}, {""SampleID"": ""251637"", ""NeuronID"": ""012.swc"", ""NeuronUID"": ""251637::012.swc""}, {""SampleID"": ""251637"", ""NeuronID"": ""013.swc"", ""NeuronUID"": ""251637::013.swc""}, {""SampleID"": ""251637"", ""NeuronID"": ""014.swc"", ""NeuronUID"": ""251637::014.swc""}, {""SampleID"": ""251637"", ""NeuronID"": ""015.swc"", ""NeuronUID"": ""251637::015.swc""}]",group_analysis/staging_20260926/combined/multi_monkey_INS_combined.xlsx,Projection_Length_ipsi,2d01bf9da07e4a6da46f4401d73b18b196e68de4e21cd5505e1ad7b4f1b547d1,1,,
composite_UID_mismatch,verified_identity_issue,420,"[{""SampleID"": ""251637"", ""NeuronID"": ""001.swc"", ""NeuronUID"": ""251637::001.swc""}, {""SampleID"": ""251637"", ""NeuronID"": ""002.swc"", ""NeuronUID"": ""251637::002.swc""}, {""SampleID"": ""251637"", ""NeuronID"": ""003.swc"", ""NeuronUID"": ""251637::003.swc""}, {""SampleID"": ""251637"", ""NeuronID"": ""004.swc"", ""NeuronUID"": ""251637::004.swc""}, {""SampleID"": ""251637"", ""NeuronID"": ""005.swc"", ""NeuronUID"": ""251637::005.swc""}, {""SampleID"": ""251637"", ""NeuronID"": ""006.swc"", ""NeuronUID"": ""251637::006.swc""}, {""SampleID"": ""251637"", ""NeuronID"": ""007.swc"", ""NeuronUID"": ""251637::007.swc""}, {""SampleID"": ""251637"", ""NeuronID"": ""008.swc"", ""NeuronUID"": ""251637::008.swc""}, {""SampleID"": ""251637"", ""NeuronID"": ""009.swc"", ""NeuronUID"": ""251637::009.swc""}, {""SampleID"": ""251637"", ""NeuronID"": ""010.swc"", ""NeuronUID"": ""251637::010.swc""}, {""SampleID"": ""251637"", ""NeuronID"": ""011.swc"", ""NeuronUID"": ""251637::011.swc""}, {""SampleID"": ""251637"", ""NeuronID"": ""012.swc"", ""NeuronUID"": ""251637::012.swc""}, {""SampleID"": ""251637"", ""NeuronID"": ""013.swc"", ""NeuronUID"": ""251637::013.swc""}, {""SampleID"": ""251637"", ""NeuronID"": ""014.swc"", ""NeuronUID"": ""251637::014.swc""}, {""SampleID"": ""251637"", ""NeuronID"": ""015.swc"", ""NeuronUID"": ""251637::015.swc""}]",group_analysis/staging_20260926/combined/multi_monkey_INS_combined.xlsx,Projection_Length_contra,2d01bf9da07e4a6da46f4401d73b18b196e68de4e21cd5505e1ad7b4f1b547d1,1,,
composite_UID_mismatch,verified_identity_issue,420,"[{""SampleID"": ""251637"", ""NeuronID"": ""001.swc"", ""NeuronUID"": ""251637::001.swc""}, {""SampleID"": ""251637"", ""NeuronID"": ""002.swc"", ""NeuronUID"": ""251637::002.swc""}, {""SampleID"": ""251637"", ""NeuronID"": ""003.swc"", ""NeuronUID"": ""251637::003.swc""}, {""SampleID"": ""251637"", ""NeuronID"": ""004.swc"", ""NeuronUID"": ""251637::004.swc""}, {""SampleID"": ""251637"", ""NeuronID"": ""005.swc"", ""NeuronUID"": ""251637::005.swc""}, {""SampleID"": ""251637"", ""NeuronID"": ""006.swc"", ""NeuronUID"": ""251637::006.swc""}, {""SampleID"": ""251637"", ""NeuronID"": ""007.swc"", ""NeuronUID"": ""251637::007.swc""}, {""SampleID"": ""251637"", ""NeuronID"": ""008.swc"", ""NeuronUID"": ""251637::008.swc""}, {""SampleID"": ""251637"", ""NeuronID"": ""009.swc"", ""NeuronUID"": ""251637::009.swc""}, {""SampleID"": ""251637"", ""NeuronID"": ""010.swc"", ""NeuronUID"": ""251637::010.swc""}, {""SampleID"": ""251637"", ""NeuronID"": ""011.swc"", ""NeuronUID"": ""251637::011.swc""}, {""SampleID"": ""251637"", ""NeuronID"": ""012.swc"", ""NeuronUID"": ""251637::012.swc""}, {""SampleID"": ""251637"", ""NeuronID"": ""013.swc"", ""NeuronUID"": ""251637::013.swc""}, {""SampleID"": ""251637"", ""NeuronID"": ""014.swc"", ""NeuronUID"": ""251637::014.swc""}, {""SampleID"": ""251637"", ""NeuronID"": ""015.swc"", ""NeuronUID"": ""251637::015.swc""}]",group_analysis/staging_20260926/combined/multi_monkey_INS_combined.xlsx,Projection_Strength_ipsi,2d01bf9da07e4a6da46f4401d73b18b196e68de4e21cd5505e1ad7b4f1b547d1,1,,
composite_UID_mismatch,verified_identity_issue,420,"[{""SampleID"": ""251637"", ""NeuronID"": ""001.swc"", ""NeuronUID"": ""251637::001.swc""}, {""SampleID"": ""251637"", ""NeuronID"": ""002.swc"", ""NeuronUID"": ""251637::002.swc""}, {""SampleID"": ""251637"", ""NeuronID"": ""003.swc"", ""NeuronUID"": ""251637::003.swc""}, {""SampleID"": ""251637"", ""NeuronID"": ""004.swc"", ""NeuronUID"": ""251637::004.swc""}, {""SampleID"": ""251637"", ""NeuronID"": ""005.swc"", ""NeuronUID"": ""251637::005.swc""}, {""SampleID"": ""251637"", ""NeuronID"": ""006.swc"", ""NeuronUID"": ""251637::006.swc""}, {""SampleID"": ""251637"", ""NeuronID"": ""007.swc"", ""NeuronUID"": ""251637::007.swc""}, {""SampleID"": ""251637"", ""NeuronID"": ""008.swc"", ""NeuronUID"": ""251637::008.swc""}, {""SampleID"": ""251637"", ""NeuronID"": ""009.swc"", ""NeuronUID"": ""251637::009.swc""}, {""SampleID"": ""251637"", ""NeuronID"": ""010.swc"", ""NeuronUID"": ""251637::010.swc""}, {""SampleID"": ""251637"", ""NeuronID"": ""011.swc"", ""NeuronUID"": ""251637::011.swc""}, {""SampleID"": ""251637"", ""NeuronID"": ""012.swc"", ""NeuronUID"": ""251637::012.swc""}, {""SampleID"": ""251637"", ""NeuronID"": ""013.swc"", ""NeuronUID"": ""251637::013.swc""}, {""SampleID"": ""251637"", ""NeuronID"": ""014.swc"", ""NeuronUID"": ""251637::014.swc""}, {""SampleID"": ""251637"", ""NeuronID"": ""015.swc"", ""NeuronUID"": ""251637::015.swc""}]",group_analysis/staging_20260926/combined/multi_monkey_INS_combined.xlsx,Projection_Strength_contra,2d01bf9da07e4a6da46f4401d73b18b196e68de4e21cd5505e1ad7b4f1b547d1,1,,
composite_UID_mismatch,verified_identity_issue,420,"[{""SampleID"": ""251637"", ""NeuronID"": ""001.swc"", ""NeuronUID"": ""251637::001.swc""}, {""SampleID"": ""251637"", ""NeuronID"": ""002.swc"", ""NeuronUID"": ""251637::002.swc""}, {""SampleID"": ""251637"", ""NeuronID"": ""003.swc"", ""NeuronUID"": ""251637::003.swc""}, {""SampleID"": ""251637"", ""NeuronID"": ""004.swc"", ""NeuronUID"": ""251637::004.swc""}, {""SampleID"": ""251637"", ""NeuronID"": ""005.swc"", ""NeuronUID"": ""251637::005.swc""}, {""SampleID"": ""251637"", ""NeuronID"": ""006.swc"", ""NeuronUID"": ""251637::006.swc""}, {""SampleID"": ""251637"", ""NeuronID"": ""007.swc"", ""NeuronUID"": ""251637::007.swc""}, {""SampleID"": ""251637"", ""NeuronID"": ""008.swc"", ""NeuronUID"": ""251637::008.swc""}, {""SampleID"": ""251637"", ""NeuronID"": ""009.swc"", ""NeuronUID"": ""251637::009.swc""}, {""SampleID"": ""251637"", ""NeuronID"": ""010.swc"", ""NeuronUID"": ""251637::010.swc""}, {""SampleID"": ""251637"", ""NeuronID"": ""011.swc"", ""NeuronUID"": ""251637::011.swc""}, {""SampleID"": ""251637"", ""NeuronID"": ""012.swc"", ""NeuronUID"": ""251637::012.swc""}, {""SampleID"": ""251637"", ""NeuronID"": ""013.swc"", ""NeuronUID"": ""251637::013.swc""}, {""SampleID"": ""251637"", ""NeuronID"": ""014.swc"", ""NeuronUID"": ""251637::014.swc""}, {""SampleID"": ""251637"", ""NeuronID"": ""015.swc"", ""NeuronUID"": ""251637::015.swc""}]",group_analysis/staging_20260926/combined/multi_monkey_INS_combined.xlsx,Projection_Length_L3_ipsi,2d01bf9da07e4a6da46f4401d73b18b196e68de4e21cd5505e1ad7b4f1b547d1,1,,
composite_UID_mismatch,verified_identity_issue,420,"[{""SampleID"": ""251637"", ""NeuronID"": ""001.swc"", ""NeuronUID"": ""251637::001.swc""}, {""SampleID"": ""251637"", ""NeuronID"": ""002.swc"", ""NeuronUID"": ""251637::002.swc""}, {""SampleID"": ""251637"", ""NeuronID"": ""003.swc"", ""NeuronUID"": ""251637::003.swc""}, {""SampleID"": ""251637"", ""NeuronID"": ""004.swc"", ""NeuronUID"": ""251637::004.swc""}, {""SampleID"": ""251637"", ""NeuronID"": ""005.swc"", ""NeuronUID"": ""251637::005.swc""}, {""SampleID"": ""251637"", ""NeuronID"": ""006.swc"", ""NeuronUID"": ""251637::006.swc""}, {""SampleID"": ""251637"", ""NeuronID"": ""007.swc"", ""NeuronUID"": ""251637::007.swc""}, {""SampleID"": ""251637"", ""NeuronID"": ""008.swc"", ""NeuronUID"": ""251637::008.swc""}, {""SampleID"": ""251637"", ""NeuronID"": ""009.swc"", ""NeuronUID"": ""251637::009.swc""}, {""SampleID"": ""251637"", ""NeuronID"": ""010.swc"", ""NeuronUID"": ""251637::010.swc""}, {""SampleID"": ""251637"", ""NeuronID"": ""011.swc"", ""NeuronUID"": ""251637::011.swc""}, {""SampleID"": ""251637"", ""NeuronID"": ""012.swc"", ""NeuronUID"": ""251637::012.swc""}, {""SampleID"": ""251637"", ""NeuronID"": ""013.swc"", ""NeuronUID"": ""251637::013.swc""}, {""SampleID"": ""251637"", ""NeuronID"": ""014.swc"", ""NeuronUID"": ""251637::014.swc""}, {""SampleID"": ""251637"", ""NeuronID"": ""015.swc"", ""NeuronUID"": ""251637::015.swc""}]",group_analysis/staging_20260926/combined/multi_monkey_INS_combined.xlsx,Projection_Length_L3_contra,2d01bf9da07e4a6da46f4401d73b18b196e68de4e21cd5505e1ad7b4f1b547d1,1,,
composite_UID_mismatch,verified_identity_issue,420,"[{""SampleID"": ""251637"", ""NeuronID"": ""001.swc"", ""NeuronUID"": ""251637::001.swc""}, {""SampleID"": ""251637"", ""NeuronID"": ""002.swc"", ""NeuronUID"": ""251637::002.swc""}, {""SampleID"": ""251637"", ""NeuronID"": ""003.swc"", ""NeuronUID"": ""251637::003.swc""}, {""SampleID"": ""251637"", ""NeuronID"": ""004.swc"", ""NeuronUID"": ""251637::004.swc""}, {""SampleID"": ""251637"", ""NeuronID"": ""005.swc"", ""NeuronUID"": ""251637::005.swc""}, {""SampleID"": ""251637"", ""NeuronID"": ""006.swc"", ""NeuronUID"": ""251637::006.swc""}, {""SampleID"": ""251637"", ""NeuronID"": ""007.swc"", ""NeuronUID"": ""251637::007.swc""}, {""SampleID"": ""251637"", ""NeuronID"": ""008.swc"", ""NeuronUID"": ""251637::008.swc""}, {""SampleID"": ""251637"", ""NeuronID"": ""009.swc"", ""NeuronUID"": ""251637::009.swc""}, {""SampleID"": ""251637"", ""NeuronID"": ""010.swc"", ""NeuronUID"": ""251637::010.swc""}, {""SampleID"": ""251637"", ""NeuronID"": ""011.swc"", ""NeuronUID"": ""251637::011.swc""}, {""SampleID"": ""251637"", ""NeuronID"": ""012.swc"", ""NeuronUID"": ""251637::012.swc""}, {""SampleID"": ""251637"", ""NeuronID"": ""013.swc"", ""NeuronUID"": ""251637::013.swc""}, {""SampleID"": ""251637"", ""NeuronID"": ""014.swc"", ""NeuronUID"": ""251637::014.swc""}, {""SampleID"": ""251637"", ""NeuronID"": ""015.swc"", ""NeuronUID"": ""251637::015.swc""}]",group_analysis/staging_20260926/combined/multi_monkey_INS_combined.xlsx,Projection_Strength_L3_ipsi,2d01bf9da07e4a6da46f4401d73b18b196e68de4e21cd5505e1ad7b4f1b547d1,1,,
composite_UID_mismatch,verified_identity_issue,420,"[{""SampleID"": ""251637"", ""NeuronID"": ""001.swc"", ""NeuronUID"": ""251637::001.swc""}, {""SampleID"": ""251637"", ""NeuronID"": ""002.swc"", ""NeuronUID"": ""251637::002.swc""}, {""SampleID"": ""251637"", ""NeuronID"": ""003.swc"", ""NeuronUID"": ""251637::003.swc""}, {""SampleID"": ""251637"", ""NeuronID"": ""004.swc"", ""NeuronUID"": ""251637::004.swc""}, {""SampleID"": ""251637"", ""NeuronID"": ""005.swc"", ""NeuronUID"": ""251637::005.swc""}, {""SampleID"": ""251637"", ""NeuronID"": ""006.swc"", ""NeuronUID"": ""251637::006.swc""}, {""SampleID"": ""251637"", ""NeuronID"": ""007.swc"", ""NeuronUID"": ""251637::007.swc""}, {""SampleID"": ""251637"", ""NeuronID"": ""008.swc"", ""NeuronUID"": ""251637::008.swc""}, {""SampleID"": ""251637"", ""NeuronID"": ""009.swc"", ""NeuronUID"": ""251637::009.swc""}, {""SampleID"": ""251637"", ""NeuronID"": ""010.swc"", ""NeuronUID"": ""251637::010.swc""}, {""SampleID"": ""251637"", ""NeuronID"": ""011.swc"", ""NeuronUID"": ""251637::011.swc""}, {""SampleID"": ""251637"", ""NeuronID"": ""012.swc"", ""NeuronUID"": ""251637::012.swc""}, {""SampleID"": ""251637"", ""NeuronID"": ""013.swc"", ""NeuronUID"": ""251637::013.swc""}, {""SampleID"": ""251637"", ""NeuronID"": ""014.swc"", ""NeuronUID"": ""251637::014.swc""}, {""SampleID"": ""251637"", ""NeuronID"": ""015.swc"", ""NeuronUID"": ""251637::015.swc""}]",group_analysis/staging_20260926/combined/multi_monkey_INS_combined.xlsx,Projection_Strength_L3_contra,2d01bf9da07e4a6da46f4401d73b18b196e68de4e21cd5505e1ad7b4f1b547d1,1,,
composite_UID_mismatch,verified_identity_issue,420,"[{""SampleID"": 251637, ""NeuronID"": ""001.swc"", ""NeuronUID"": ""251637::001.swc""}, {""SampleID"": 251637, ""NeuronID"": ""002.swc"", ""NeuronUID"": ""251637::002.swc""}, {""SampleID"": 251637, ""NeuronID"": ""003.swc"", ""NeuronUID"": ""251637::003.swc""}, {""SampleID"": 251637, ""NeuronID"": ""004.swc"", ""NeuronUID"": ""251637::004.swc""}, {""SampleID"": 251637, ""NeuronID"": ""005.swc"", ""NeuronUID"": ""251637::005.swc""}, {""SampleID"": 251637, ""NeuronID"": ""006.swc"", ""NeuronUID"": ""251637::006.swc""}, {""SampleID"": 251637, ""NeuronID"": ""007.swc"", ""NeuronUID"": ""251637::007.swc""}, {""SampleID"": 251637, ""NeuronID"": ""008.swc"", ""NeuronUID"": ""251637::008.swc""}, {""SampleID"": 251637, ""NeuronID"": ""009.swc"", ""NeuronUID"": ""251637::009.swc""}, {""SampleID"": 251637, ""NeuronID"": ""010.swc"", ""NeuronUID"": ""251637::010.swc""}, {""SampleID"": 251637, ""NeuronID"": ""011.swc"", ""NeuronUID"": ""251637::011.swc""}, {""SampleID"": 251637, ""NeuronID"": ""012.swc"", ""NeuronUID"": ""251637::012.swc""}, {""SampleID"": 251637, ""NeuronID"": ""013.swc"", ""NeuronUID"": ""251637::013.swc""}, {""SampleID"": 251637, ""NeuronID"": ""014.swc"", ""NeuronUID"": ""251637::014.swc""}, {""SampleID"": 251637, ""NeuronID"": ""015.swc"", ""NeuronUID"": ""251637::015.swc""}]",group_analysis/staging_20260926/combined/multi_monkey_INS_combined_harmonized.xlsx,Summary,29fb507ce89b25c2edaaaf07b3f65e33b9989fd096e5782d25e0789866109229,1,,
composite_UID_mismatch,verified_identity_issue,420,"[{""SampleID"": 251637, ""NeuronID"": ""001.swc"", ""NeuronUID"": ""251637::001.swc""}, {""SampleID"": 251637, ""NeuronID"": ""002.swc"", ""NeuronUID"": ""251637::002.swc""}, {""SampleID"": 251637, ""NeuronID"": ""003.swc"", ""NeuronUID"": ""251637::003.swc""}, {""SampleID"": 251637, ""NeuronID"": ""004.swc"", ""NeuronUID"": ""251637::004.swc""}, {""SampleID"": 251637, ""NeuronID"": ""005.swc"", ""NeuronUID"": ""251637::005.swc""}, {""SampleID"": 251637, ""NeuronID"": ""006.swc"", ""NeuronUID"": ""251637::006.swc""}, {""SampleID"": 251637, ""NeuronID"": ""007.swc"", ""NeuronUID"": ""251637::007.swc""}, {""SampleID"": 251637, ""NeuronID"": ""008.swc"", ""NeuronUID"": ""251637::008.swc""}, {""SampleID"": 251637, ""NeuronID"": ""009.swc"", ""NeuronUID"": ""251637::009.swc""}, {""SampleID"": 251637, ""NeuronID"": ""010.swc"", ""NeuronUID"": ""251637::010.swc""}, {""SampleID"": 251637, ""NeuronID"": ""011.swc"", ""NeuronUID"": ""251637::011.swc""}, {""SampleID"": 251637, ""NeuronID"": ""012.swc"", ""NeuronUID"": ""251637::012.swc""}, {""SampleID"": 251637, ""NeuronID"": ""013.swc"", ""NeuronUID"": ""251637::013.swc""}, {""SampleID"": 251637, ""NeuronID"": ""014.swc"", ""NeuronUID"": ""251637::014.swc""}, {""SampleID"": 251637, ""NeuronID"": ""015.swc"", ""NeuronUID"": ""251637::015.swc""}]",group_analysis/staging_20260926/combined/multi_monkey_INS_combined_harmonized.xlsx,Projection_Length_ipsi,29fb507ce89b25c2edaaaf07b3f65e33b9989fd096e5782d25e0789866109229,1,,
composite_UID_mismatch,verified_identity_issue,420,"[{""SampleID"": 251637, ""NeuronID"": ""001.swc"", ""NeuronUID"": ""251637::001.swc""}, {""SampleID"": 251637, ""NeuronID"": ""002.swc"", ""NeuronUID"": ""251637::002.swc""}, {""SampleID"": 251637, ""NeuronID"": ""003.swc"", ""NeuronUID"": ""251637::003.swc""}, {""SampleID"": 251637, ""NeuronID"": ""004.swc"", ""NeuronUID"": ""251637::004.swc""}, {""SampleID"": 251637, ""NeuronID"": ""005.swc"", ""NeuronUID"": ""251637::005.swc""}, {""SampleID"": 251637, ""NeuronID"": ""006.swc"", ""NeuronUID"": ""251637::006.swc""}, {""SampleID"": 251637, ""NeuronID"": ""007.swc"", ""NeuronUID"": ""251637::007.swc""}, {""SampleID"": 251637, ""NeuronID"": ""008.swc"", ""NeuronUID"": ""251637::008.swc""}, {""SampleID"": 251637, ""NeuronID"": ""009.swc"", ""NeuronUID"": ""251637::009.swc""}, {""SampleID"": 251637, ""NeuronID"": ""010.swc"", ""NeuronUID"": ""251637::010.swc""}, {""SampleID"": 251637, ""NeuronID"": ""011.swc"", ""NeuronUID"": ""251637::011.swc""}, {""SampleID"": 251637, ""NeuronID"": ""012.swc"", ""NeuronUID"": ""251637::012.swc""}, {""SampleID"": 251637, ""NeuronID"": ""013.swc"", ""NeuronUID"": ""251637::013.swc""}, {""SampleID"": 251637, ""NeuronID"": ""014.swc"", ""NeuronUID"": ""251637::014.swc""}, {""SampleID"": 251637, ""NeuronID"": ""015.swc"", ""NeuronUID"": ""251637::015.swc""}]",group_analysis/staging_20260926/combined/multi_monkey_INS_combined_harmonized.xlsx,Projection_Length_contra,29fb507ce89b25c2edaaaf07b3f65e33b9989fd096e5782d25e0789866109229,1,,
composite_UID_mismatch,verified_identity_issue,420,"[{""SampleID"": 251637, ""NeuronID"": ""001.swc"", ""NeuronUID"": ""251637::001.swc""}, {""SampleID"": 251637, ""NeuronID"": ""002.swc"", ""NeuronUID"": ""251637::002.swc""}, {""SampleID"": 251637, ""NeuronID"": ""003.swc"", ""NeuronUID"": ""251637::003.swc""}, {""SampleID"": 251637, ""NeuronID"": ""004.swc"", ""NeuronUID"": ""251637::004.swc""}, {""SampleID"": 251637, ""NeuronID"": ""005.swc"", ""NeuronUID"": ""251637::005.swc""}, {""SampleID"": 251637, ""NeuronID"": ""006.swc"", ""NeuronUID"": ""251637::006.swc""}, {""SampleID"": 251637, ""NeuronID"": ""007.swc"", ""NeuronUID"": ""251637::007.swc""}, {""SampleID"": 251637, ""NeuronID"": ""008.swc"", ""NeuronUID"": ""251637::008.swc""}, {""SampleID"": 251637, ""NeuronID"": ""009.swc"", ""NeuronUID"": ""251637::009.swc""}, {""SampleID"": 251637, ""NeuronID"": ""010.swc"", ""NeuronUID"": ""251637::010.swc""}, {""SampleID"": 251637, ""NeuronID"": ""011.swc"", ""NeuronUID"": ""251637::011.swc""}, {""SampleID"": 251637, ""NeuronID"": ""012.swc"", ""NeuronUID"": ""251637::012.swc""}, {""SampleID"": 251637, ""NeuronID"": ""013.swc"", ""NeuronUID"": ""251637::013.swc""}, {""SampleID"": 251637, ""NeuronID"": ""014.swc"", ""NeuronUID"": ""251637::014.swc""}, {""SampleID"": 251637, ""NeuronID"": ""015.swc"", ""NeuronUID"": ""251637::015.swc""}]",group_analysis/staging_20260926/combined/multi_monkey_INS_combined_harmonized.xlsx,Projection_Strength_ipsi,29fb507ce89b25c2edaaaf07b3f65e33b9989fd096e5782d25e0789866109229,1,,
composite_UID_mismatch,verified_identity_issue,420,"[{""SampleID"": 251637, ""NeuronID"": ""001.swc"", ""NeuronUID"": ""251637::001.swc""}, {""SampleID"": 251637, ""NeuronID"": ""002.swc"", ""NeuronUID"": ""251637::002.swc""}, {""SampleID"": 251637, ""NeuronID"": ""003.swc"", ""NeuronUID"": ""251637::003.swc""}, {""SampleID"": 251637, ""NeuronID"": ""004.swc"", ""NeuronUID"": ""251637::004.swc""}, {""SampleID"": 251637, ""NeuronID"": ""005.swc"", ""NeuronUID"": ""251637::005.swc""}, {""SampleID"": 251637, ""NeuronID"": ""006.swc"", ""NeuronUID"": ""251637::006.swc""}, {""SampleID"": 251637, ""NeuronID"": ""007.swc"", ""NeuronUID"": ""251637::007.swc""}, {""SampleID"": 251637, ""NeuronID"": ""008.swc"", ""NeuronUID"": ""251637::008.swc""}, {""SampleID"": 251637, ""NeuronID"": ""009.swc"", ""NeuronUID"": ""251637::009.swc""}, {""SampleID"": 251637, ""NeuronID"": ""010.swc"", ""NeuronUID"": ""251637::010.swc""}, {""SampleID"": 251637, ""NeuronID"": ""011.swc"", ""NeuronUID"": ""251637::011.swc""}, {""SampleID"": 251637, ""NeuronID"": ""012.swc"", ""NeuronUID"": ""251637::012.swc""}, {""SampleID"": 251637, ""NeuronID"": ""013.swc"", ""NeuronUID"": ""251637::013.swc""}, {""SampleID"": 251637, ""NeuronID"": ""014.swc"", ""NeuronUID"": ""251637::014.swc""}, {""SampleID"": 251637, ""NeuronID"": ""015.swc"", ""NeuronUID"": ""251637::015.swc""}]",group_analysis/staging_20260926/combined/multi_monkey_INS_combined_harmonized.xlsx,Projection_Strength_contra,29fb507ce89b25c2edaaaf07b3f65e33b9989fd096e5782d25e0789866109229,1,,
composite_UID_mismatch,verified_identity_issue,420,"[{""SampleID"": 251637, ""NeuronID"": ""001.swc"", ""NeuronUID"": ""251637::001.swc""}, {""SampleID"": 251637, ""NeuronID"": ""002.swc"", ""NeuronUID"": ""251637::002.swc""}, {""SampleID"": 251637, ""NeuronID"": ""003.swc"", ""NeuronUID"": ""251637::003.swc""}, {""SampleID"": 251637, ""NeuronID"": ""004.swc"", ""NeuronUID"": ""251637::004.swc""}, {""SampleID"": 251637, ""NeuronID"": ""005.swc"", ""NeuronUID"": ""251637::005.swc""}, {""SampleID"": 251637, ""NeuronID"": ""006.swc"", ""NeuronUID"": ""251637::006.swc""}, {""SampleID"": 251637, ""NeuronID"": ""007.swc"", ""NeuronUID"": ""251637::007.swc""}, {""SampleID"": 251637, ""NeuronID"": ""008.swc"", ""NeuronUID"": ""251637::008.swc""}, {""SampleID"": 251637, ""NeuronID"": ""009.swc"", ""NeuronUID"": ""251637::009.swc""}, {""SampleID"": 251637, ""NeuronID"": ""010.swc"", ""NeuronUID"": ""251637::010.swc""}, {""SampleID"": 251637, ""NeuronID"": ""011.swc"", ""NeuronUID"": ""251637::011.swc""}, {""SampleID"": 251637, ""NeuronID"": ""012.swc"", ""NeuronUID"": ""251637::012.swc""}, {""SampleID"": 251637, ""NeuronID"": ""013.swc"", ""NeuronUID"": ""251637::013.swc""}, {""SampleID"": 251637, ""NeuronID"": ""014.swc"", ""NeuronUID"": ""251637::014.swc""}, {""SampleID"": 251637, ""NeuronID"": ""015.swc"", ""NeuronUID"": ""251637::015.swc""}]",group_analysis/staging_20260926/combined/multi_monkey_INS_combined_harmonized.xlsx,Projection_Length_L3_ipsi,29fb507ce89b25c2edaaaf07b3f65e33b9989fd096e5782d25e0789866109229,1,,
composite_UID_mismatch,verified_identity_issue,420,"[{""SampleID"": 251637, ""NeuronID"": ""001.swc"", ""NeuronUID"": ""251637::001.swc""}, {""SampleID"": 251637, ""NeuronID"": ""002.swc"", ""NeuronUID"": ""251637::002.swc""}, {""SampleID"": 251637, ""NeuronID"": ""003.swc"", ""NeuronUID"": ""251637::003.swc""}, {""SampleID"": 251637, ""NeuronID"": ""004.swc"", ""NeuronUID"": ""251637::004.swc""}, {""SampleID"": 251637, ""NeuronID"": ""005.swc"", ""NeuronUID"": ""251637::005.swc""}, {""SampleID"": 251637, ""NeuronID"": ""006.swc"", ""NeuronUID"": ""251637::006.swc""}, {""SampleID"": 251637, ""NeuronID"": ""007.swc"", ""NeuronUID"": ""251637::007.swc""}, {""SampleID"": 251637, ""NeuronID"": ""008.swc"", ""NeuronUID"": ""251637::008.swc""}, {""SampleID"": 251637, ""NeuronID"": ""009.swc"", ""NeuronUID"": ""251637::009.swc""}, {""SampleID"": 251637, ""NeuronID"": ""010.swc"", ""NeuronUID"": ""251637::010.swc""}, {""SampleID"": 251637, ""NeuronID"": ""011.swc"", ""NeuronUID"": ""251637::011.swc""}, {""SampleID"": 251637, ""NeuronID"": ""012.swc"", ""NeuronUID"": ""251637::012.swc""}, {""SampleID"": 251637, ""NeuronID"": ""013.swc"", ""NeuronUID"": ""251637::013.swc""}, {""SampleID"": 251637, ""NeuronID"": ""014.swc"", ""NeuronUID"": ""251637::014.swc""}, {""SampleID"": 251637, ""NeuronID"": ""015.swc"", ""NeuronUID"": ""251637::015.swc""}]",group_analysis/staging_20260926/combined/multi_monkey_INS_combined_harmonized.xlsx,Projection_Length_L3_contra,29fb507ce89b25c2edaaaf07b3f65e33b9989fd096e5782d25e0789866109229,1,,
composite_UID_mismatch,verified_identity_issue,420,"[{""SampleID"": 251637, ""NeuronID"": ""001.swc"", ""NeuronUID"": ""251637::001.swc""}, {""SampleID"": 251637, ""NeuronID"": ""002.swc"", ""NeuronUID"": ""251637::002.swc""}, {""SampleID"": 251637, ""NeuronID"": ""003.swc"", ""NeuronUID"": ""251637::003.swc""}, {""SampleID"": 251637, ""NeuronID"": ""004.swc"", ""NeuronUID"": ""251637::004.swc""}, {""SampleID"": 251637, ""NeuronID"": ""005.swc"", ""NeuronUID"": ""251637::005.swc""}, {""SampleID"": 251637, ""NeuronID"": ""006.swc"", ""NeuronUID"": ""251637::006.swc""}, {""SampleID"": 251637, ""NeuronID"": ""007.swc"", ""NeuronUID"": ""251637::007.swc""}, {""SampleID"": 251637, ""NeuronID"": ""008.swc"", ""NeuronUID"": ""251637::008.swc""}, {""SampleID"": 251637, ""NeuronID"": ""009.swc"", ""NeuronUID"": ""251637::009.swc""}, {""SampleID"": 251637, ""NeuronID"": ""010.swc"", ""NeuronUID"": ""251637::010.swc""}, {""SampleID"": 251637, ""NeuronID"": ""011.swc"", ""NeuronUID"": ""251637::011.swc""}, {""SampleID"": 251637, ""NeuronID"": ""012.swc"", ""NeuronUID"": ""251637::012.swc""}, {""SampleID"": 251637, ""NeuronID"": ""013.swc"", ""NeuronUID"": ""251637::013.swc""}, {""SampleID"": 251637, ""NeuronID"": ""014.swc"", ""NeuronUID"": ""251637::014.swc""}, {""SampleID"": 251637, ""NeuronID"": ""015.swc"", ""NeuronUID"": ""251637::015.swc""}]",group_analysis/staging_20260926/combined/multi_monkey_INS_combined_harmonized.xlsx,Projection_Strength_L3_ipsi,29fb507ce89b25c2edaaaf07b3f65e33b9989fd096e5782d25e0789866109229,1,,
composite_UID_mismatch,verified_identity_issue,420,"[{""SampleID"": 251637, ""NeuronID"": ""001.swc"", ""NeuronUID"": ""251637::001.swc""}, {""SampleID"": 251637, ""NeuronID"": ""002.swc"", ""NeuronUID"": ""251637::002.swc""}, {""SampleID"": 251637, ""NeuronID"": ""003.swc"", ""NeuronUID"": ""251637::003.swc""}, {""SampleID"": 251637, ""NeuronID"": ""004.swc"", ""NeuronUID"": ""251637::004.swc""}, {""SampleID"": 251637, ""NeuronID"": ""005.swc"", ""NeuronUID"": ""251637::005.swc""}, {""SampleID"": 251637, ""NeuronID"": ""006.swc"", ""NeuronUID"": ""251637::006.swc""}, {""SampleID"": 251637, ""NeuronID"": ""007.swc"", ""NeuronUID"": ""251637::007.swc""}, {""SampleID"": 251637, ""NeuronID"": ""008.swc"", ""NeuronUID"": ""251637::008.swc""}, {""SampleID"": 251637, ""NeuronID"": ""009.swc"", ""NeuronUID"": ""251637::009.swc""}, {""SampleID"": 251637, ""NeuronID"": ""010.swc"", ""NeuronUID"": ""251637::010.swc""}, {""SampleID"": 251637, ""NeuronID"": ""011.swc"", ""NeuronUID"": ""251637::011.swc""}, {""SampleID"": 251637, ""NeuronID"": ""012.swc"", ""NeuronUID"": ""251637::012.swc""}, {""SampleID"": 251637, ""NeuronID"": ""013.swc"", ""NeuronUID"": ""251637::013.swc""}, {""SampleID"": 251637, ""NeuronID"": ""014.swc"", ""NeuronUID"": ""251637::014.swc""}, {""SampleID"": 251637, ""NeuronID"": ""015.swc"", ""NeuronUID"": ""251637::015.swc""}]",group_analysis/staging_20260926/combined/multi_monkey_INS_combined_harmonized.xlsx,Projection_Strength_L3_contra,29fb507ce89b25c2edaaaf07b3f65e33b9989fd096e5782d25e0789866109229,1,,
duplicate_headers,verified_schema_issue,,,main_scripts/neuron_tables/251637_laterality_projections.xlsx,Ipsilateral_Length,b2a0b519a026c924ed53f619ab1b5aaddd50a3a9621adb39b9881c5fc16e30db,3,"[""NeuronID"", ""Neuron_Type"", ""Soma_Region"", ""Soma_Side"", ""ipsilateral_total_length"", ""ipsilateral_n_regions"", ""ipsilateral_total_length"", ""CL_AI_length"", ""CL_AIP_length"", ""CL_AON/TTv_length"", ""CL_CL_length"", ""CL_CM_length"", ""CL_F5_length"", ""CL_G_length"", ""CL_IPa_length"", ""CL_Ia/Id_length"", ""CL_Iai_length"", ""CL_Ial_length"", ""CL_Iam/Iapm_length"", ""CL_Iapl_length"", ""CL_Ig_length"", ""CL_LIPd_length"", ""CL_MST_length"", ""CL_PE_length"", ""CL_PEa_length"", ""CL_PGa_length"", ""CL_Pi_length"", ""CL_PrCO_length"", ""CL_R_length"", ""CL_RM_length"", ""CL_RTM_length"", ""CL_SII_length"", ""CL_TEa_length"", ""CL_TEav_length"", ""CL_TEm_length"", ""CL_TGa_length"", ""CL_TGdd_length"", ""CL_TGsts_length"", ""CL_TGvd_length"", ""CL_TGvg_length"", ""CL_TPO_length"", ""CL_Tpt_length"", ""CL_area_10mc_length"", ""CL_area_11l_length"", ""CL_area_12l_length"", ""CL_area_12m_length"", ""CL_area_12o_length"", ""CL_area_12r_length"", ""CL_area_13a/b_length"", ""CL_area_13l_length"", ""CL_area_13m_length"", ""CL_area_14c_length"", ""CL_area_14r_length"", ""CL_area_23b_length"", ""CL_area_23c_length"", ""CL_area_24a_length"", ""CL_area_24b_length"", ""CL_area_24c_length"", ""CL_area_24c_prime_length"", ""CL_area_25_length"", ""CL_area_35_length"", ""CL_area_36r/p_length"", ""CL_area_3a/b_length"", ""CL_area_44_length"", ""CL_area_45a_length"", ""CL_area_45b_length"", ""CL_area_46d_length"", ""CL_area_46f_length"", ""CL_area_46v_length"", ""CL_area_7a_length"", ""CL_area_7b_length"", ""CL_area_7op_length"", ""CL_area_8Ad_length"", ""CL_areas_1-2_length"", ""CL_mid_ERh_length"", ""CL_rostral_ERh_length"", ""CR_AIP_length"", ""CR_AON/TTv_length"", ""CR_EC_length"", ""CR_F4_length"", ""CR_F5_length"", ""CR_G_length"", ""CR_IPa_length"", ""CR_Ia/Id_length"", ""CR_Iai_length"", ""CR_Ial_length"", ""CR_Iam/Iapm_length"", ""CR_Iapl_length"", ""CR_Ig_length"", ""CR_LIPd_length"", ""CR_M1_length"", ""CR_PE_length"", ""CR_PGa_length"", ""CR_Pi_length"", ""CR_PrCO_length"", ""CR_RM_length"", ""CR_SII_length"", ""CR_TEa_length"", ""CR_TEad_length"", ""CR_TEav_length"", ""CR_TEm_length"", ""CR_TGa_length"", ""CR_TGdd_length"", ""CR_TGsts_length"", ""CR_TGvd_length"", ""CR_TPO_length"", ""CR_VIP_length"", ""CR_area_12l_length"", ""CR_area_12m_length"", ""CR_area_12o_length"", ""CR_area_12r_length"", ""CR_area_13l_length"", ""CR_area_13m_length"", ""CR_area_24b_prime_length"", ""CR_area_24c_prime_length"", ""CR_area_35_length"", ""CR_area_36c_length"", ""CR_area_36r/p_length"", ""CR_area_3a/b_length"", ""CR_area_44_length"", ""CR_area_46v_length"", ""CR_area_7a_length"", ""CR_area_7b_length"", ""CR_area_7op_length"", ""CR_areas_1-2_length"", ""CR_mid_ERh_length"", ""CR_rostral_ERh_length"", ""SL_AA_length"", ""SL_APir_length"", ""SL_APul_length"", ""SL_ASt_length"", ""SL_Acb_length"", ""SL_B_length"", ""SL_BLD_length"", ""SL_BLI_length"", ""SL_BLV_length"", ""SL_BM_length"", ""SL_CAA_length"", ""SL_CM_length"", ""SL_CMn-PF_length"", ""SL_CdH_length"", ""SL_CdT_length"", ""SL_Ce_length"", ""SL_Cl_length"", ""SL_DEn_length"", ""SL_DLG_length"", ""SL_EA_length"", ""SL_EGP_length"", ""SL_ICo_length"", ""SL_IGP_length"", ""SL_IMD_length"", ""SL_IPAC_length"", ""SL_KF_length"", ""SL_LH_length"", ""SL_LPB_length"", ""SL_LaD_length"", ""SL_LaV_length"", ""SL_Lim_length"", ""SL_MD_length"", ""SL_MG_length"", ""SL_MM_length"", ""SL_MPB_length"", ""SL_MPul_length"", ""SL_Me_length"", ""SL_MiTg_length"", ""SL_Nu5_length"", ""SL_PAG_length"", ""SL_PLH_length"", ""SL_PTg_length"", ""SL_PaL_length"", ""SL_PeB_length"", ""SL_Pir_length"", ""SL_PrCnF_length"", ""SL_Pu_length"", ""SL_RF_length"", ""SL_RIs_length"", ""SL_Rt_length"", ""SL_SCo_length"", ""SL_SDB_length"", ""SL_SG_length"", ""SL_SN_length"", ""SL_SPFPC_length"", ""SL_ST_length"", ""SL_STIA_length"", ""SL_STh_length"", ""SL_SubC_length"", ""SL_Tu_length"", ""SL_VA_length"", ""SL_VCo_length"", ""SL_VEn_length"", ""SL_VLPV_length"", ""SL_VM_length"", ""SL_VMPo-VMB_length"", ""SL_VP_length"", ""SL_VPI_length"", ""SL_VPM-VPL_length"", ""SL_Ve_length"", ""SL_ZI-H_length"", ""SL_ac_length"", ""SL_caps_length"", ""SL_cp_length"", ""SL_ic_length"", ""SL_mRt_length"", ""SL_me5_length"", ""SL_opt_length"", ""SL_p1Rt_length"", ""SL_scp_length"", ""SR_AA_length"", ""SR_APul_length"", ""SR_ASt_length"", ""SR_Acb_length"", ""SR_BLD_length"", ""SR_BLI_length"", ""SR_BLV_length"", ""SR_BM_length"", ""SR_CAA_length"", ""SR_CAP_length"", ""SR_CL-PC_length"", ""SR_CM_length"", ""SR_CMn-PF_length"", ""SR_CdH_length"", ""SR_CdT_length"", ""SR_Ce_length"", ""SR_Cl_length"", ""SR_DEn_length"", ""SR_DGP_length"", ""SR_EA_length"", ""SR_EGP_length"", ""SR_IAM_length"", ""SR_IGP_length"", ""SR_IMD_length"", ""SR_IPAC_length"", ""SR_LH_length"", ""SR_LaD_length"", ""SR_LaV_length"", ""SR_MD_length"", ""SR_PH_length"", ""SR_PLH_length"", ""SR_PO_length"", ""SR_PR-RI_length"", ""SR_PaL_length"", ""SR_PeB_length"", ""SR_Pir_length"", ""SR_Pn_length"", ""SR_Pu_length"", ""SR_R_length"", ""SR_Rt_length"", ""SR_SDB_length"", ""SR_SN_length"", ""SR_SPFPC_length"", ""SR_ST_length"", ""SR_STh_length"", ""SR_VA_length"", ""SR_VCo_length"", ""SR_VEn_length"", ""SR_VLA_length"", ""SR_VM_length"", ""SR_VMPo-VMB_length"", ""SR_VP_length"", ""SR_ZI-H_length"", ""SR_ac_length"", ""SR_al_length"", ""SR_cp_length"", ""SR_ic_length"", ""SR_mcp_length"", ""SR_opt_length"", ""SR_p1Rt_length"", ""SR_py_length""]",
duplicate_headers,verified_schema_issue,,,main_scripts/neuron_tables/251637_laterality_projections.xlsx,Contralateral_Length,b2a0b519a026c924ed53f619ab1b5aaddd50a3a9621adb39b9881c5fc16e30db,3,"[""NeuronID"", ""Neuron_Type"", ""Soma_Region"", ""Soma_Side"", ""contralateral_total_length"", ""contralateral_n_regions"", ""contralateral_total_length"", ""CR_area_24c_prime_length"", ""SL_CM_length"", ""SL_IMD_length"", ""SL_MD_length"", ""SR_SDB_length""]",
strength_vs_round_log10_length_plus1,verified_export_numeric_issue,1,"[{""row_1based"": 101, ""NeuronID"": ""523.swc"", ""target"": ""M1"", ""length"": 1074.520999999986, ""strength"": 4.8942, ""expected"": 3.0316}]",main_scripts/neuron_tables/251637_subset_multisheets.xlsx,Projection_Strength_ipsi,30e54f503b74a3ea61f05314d4d65a7b374c6eff0f78e1f9cf0c234a662e7cb6,1,,
strength_vs_round_log10_length_plus1,verified_export_numeric_issue,1,"[{""row_1based"": 101, ""NeuronID"": ""523.swc"", ""target"": ""M1"", ""length"": 1074.520999999986, ""strength"": 4.8942, ""expected"": 3.0316}]",main_scripts/neuron_tables/251637_subset_multisheets.xlsx,Projection_Strength_contra,30e54f503b74a3ea61f05314d4d65a7b374c6eff0f78e1f9cf0c234a662e7cb6,1,,
strength_vs_round_log10_length_plus1,verified_export_numeric_issue,1,"[{""row_1based"": 101, ""NeuronID"": ""523.swc"", ""target"": ""M1/PM"", ""length"": 1074.520999999986, ""strength"": 4.8942, ""expected"": 3.0316}]",main_scripts/neuron_tables/251637_subset_multisheets.xlsx,Projection_Strength_L3_ipsi,30e54f503b74a3ea61f05314d4d65a7b374c6eff0f78e1f9cf0c234a662e7cb6,1,,
strength_vs_round_log10_length_plus1,verified_export_numeric_issue,1,"[{""row_1based"": 101, ""NeuronID"": ""523.swc"", ""target"": ""M1/PM"", ""length"": 1074.520999999986, ""strength"": 4.8942, ""expected"": 3.0316}]",main_scripts/neuron_tables/251637_subset_multisheets.xlsx,Projection_Strength_L3_contra,30e54f503b74a3ea61f05314d4d65a7b374c6eff0f78e1f9cf0c234a662e7cb6,1,,
strength_vs_round_log10_length_plus1,verified_export_numeric_issue,1,"[{""row_1based"": 524, ""NeuronID"": ""523.swc"", ""target"": ""M1"", ""length"": 1074.520999999986, ""strength"": 4.8942, ""expected"": 3.0316}]",neuron_tables/251637_FULL.xlsx,Projection_Strength_ipsi,9230890cb128942c6397e58e8853750b2693199bec6169206c82a8024e19281a,1,,
strength_vs_round_log10_length_plus1,verified_export_numeric_issue,1,"[{""row_1based"": 524, ""NeuronID"": ""523.swc"", ""target"": ""M1"", ""length"": 1074.520999999986, ""strength"": 4.8942, ""expected"": 3.0316}]",neuron_tables/251637_FULL.xlsx,Projection_Strength_contra,9230890cb128942c6397e58e8853750b2693199bec6169206c82a8024e19281a,1,,
strength_vs_round_log10_length_plus1,verified_export_numeric_issue,1,"[{""row_1based"": 524, ""NeuronID"": ""523.swc"", ""target"": ""M1/PM"", ""length"": 1074.520999999986, ""strength"": 4.8942, ""expected"": 3.0316}]",neuron_tables/251637_FULL.xlsx,Projection_Strength_L3_ipsi,9230890cb128942c6397e58e8853750b2693199bec6169206c82a8024e19281a,1,,
strength_vs_round_log10_length_plus1,verified_export_numeric_issue,1,"[{""row_1based"": 524, ""NeuronID"": ""523.swc"", ""target"": ""M1/PM"", ""length"": 1074.520999999986, ""strength"": 4.8942, ""expected"": 3.0316}]",neuron_tables/251637_FULL.xlsx,Projection_Strength_L3_contra,9230890cb128942c6397e58e8853750b2693199bec6169206c82a8024e19281a,1,,
strength_vs_round_log10_length_plus1,verified_export_numeric_issue,1,"[{""row_1based"": 106, ""NeuronID"": ""523.swc"", ""target"": ""M1"", ""length"": 1074.520999999986, ""strength"": 4.8942, ""expected"": 3.0316}]",neuron_tables/251637_subset.xlsx,Projection_Strength_ipsi,eff9eb548faf74b769d6759b0ee71c68977597401fae54460bb72b25483a793f,1,,
strength_vs_round_log10_length_plus1,verified_export_numeric_issue,1,"[{""row_1based"": 106, ""NeuronID"": ""523.swc"", ""target"": ""M1"", ""length"": 1074.520999999986, ""strength"": 4.8942, ""expected"": 3.0316}]",neuron_tables/251637_subset.xlsx,Projection_Strength_contra,eff9eb548faf74b769d6759b0ee71c68977597401fae54460bb72b25483a793f,1,,
strength_vs_round_log10_length_plus1,verified_export_numeric_issue,1,"[{""row_1based"": 106, ""NeuronID"": ""523.swc"", ""target"": ""M1/PM"", ""length"": 1074.520999999986, ""strength"": 4.8942, ""expected"": 3.0316}]",neuron_tables/251637_subset.xlsx,Projection_Strength_L3_ipsi,eff9eb548faf74b769d6759b0ee71c68977597401fae54460bb72b25483a793f,1,,
strength_vs_round_log10_length_plus1,verified_export_numeric_issue,1,"[{""row_1based"": 106, ""NeuronID"": ""523.swc"", ""target"": ""M1/PM"", ""length"": 1074.520999999986, ""strength"": 4.8942, ""expected"": 3.0316}]",neuron_tables/251637_subset.xlsx,Projection_Strength_L3_contra,eff9eb548faf74b769d6759b0ee71c68977597401fae54460bb72b25483a793f,1,,
strength_vs_round_log10_length_plus1,verified_export_numeric_issue,1,"[{""row_1based"": 45, ""NeuronID"": ""523.swc"", ""target"": ""M1"", ""length"": 1074.520999999986, ""strength"": 4.8942, ""expected"": 3.0316}]",neuron_tables/251637_Unknown.xlsx,Projection_Strength_ipsi,7516a2dc3ddd7b8d4349d29ad04ab74c754b5c6f3a11efd39e457817c01b191a,1,,
strength_vs_round_log10_length_plus1,verified_export_numeric_issue,1,"[{""row_1based"": 45, ""NeuronID"": ""523.swc"", ""target"": ""M1"", ""length"": 1074.520999999986, ""strength"": 4.8942, ""expected"": 3.0316}]",neuron_tables/251637_Unknown.xlsx,Projection_Strength_contra,7516a2dc3ddd7b8d4349d29ad04ab74c754b5c6f3a11efd39e457817c01b191a,1,,
strength_vs_round_log10_length_plus1,verified_export_numeric_issue,1,"[{""row_1based"": 45, ""NeuronID"": ""523.swc"", ""target"": ""M1/PM"", ""length"": 1074.520999999986, ""strength"": 4.8942, ""expected"": 3.0316}]",neuron_tables/251637_Unknown.xlsx,Projection_Strength_L3_ipsi,7516a2dc3ddd7b8d4349d29ad04ab74c754b5c6f3a11efd39e457817c01b191a,1,,
strength_vs_round_log10_length_plus1,verified_export_numeric_issue,1,"[{""row_1based"": 45, ""NeuronID"": ""523.swc"", ""target"": ""M1/PM"", ""length"": 1074.520999999986, ""strength"": 4.8942, ""expected"": 3.0316}]",neuron_tables/251637_Unknown.xlsx,Projection_Strength_L3_contra,7516a2dc3ddd7b8d4349d29ad04ab74c754b5c6f3a11efd39e457817c01b191a,1,,
region_prefix_vs_stored_side,preserved_label_conflict_not_anatomical_verdict,2,"[{""SampleID"": 251637, ""NeuronID"": ""112.swc"", ""Soma_Region"": ""L-IDM"", ""Soma_Side"": ""R""}, {""SampleID"": 251637, ""NeuronID"": ""114.swc"", ""Soma_Region"": ""L-IDD5"", ""Soma_Side"": ""R""}]",neuron_tables_new/251637_FULL.xlsx,Summary,a37bc2c8e0dadf1cd5becd895a8e5da2058227cf4b396f2828f87b57a83948ec,1,,
region_prefix_vs_stored_side,preserved_label_conflict_not_anatomical_verdict,2,"[{""NeuronID"": ""112.swc"", ""Soma_Region"": ""L-IDM"", ""Soma_Side"": ""R""}, {""NeuronID"": ""114.swc"", ""Soma_Region"": ""L-IDD5"", ""Soma_Side"": ""R""}]",neuron_tables_new/251637_FULL.xlsx,Laterality,a37bc2c8e0dadf1cd5becd895a8e5da2058227cf4b396f2828f87b57a83948ec,1,,
region_prefix_vs_stored_side,preserved_label_conflict_not_anatomical_verdict,2,"[{""SampleID"": 251637, ""NeuronID"": ""112.swc"", ""Soma_Region"": ""L-IDM"", ""Soma_Side"": ""R""}, {""SampleID"": 251637, ""NeuronID"": ""114.swc"", ""Soma_Region"": ""L-IDD5"", ""Soma_Side"": ""R""}]",neuron_tables_new/251637_INS_HE.xlsx,Summary,b15d8d066ddf1954741189547b2ad8967f1e55a3b503c26517fae46635e7a638,1,,
region_prefix_vs_stored_side,preserved_label_conflict_not_anatomical_verdict,2,"[{""NeuronID"": ""112.swc"", ""Soma_Region"": ""L-IDM"", ""Soma_Side"": ""R""}, {""NeuronID"": ""114.swc"", ""Soma_Region"": ""L-IDD5"", ""Soma_Side"": ""R""}]",neuron_tables_new/251637_INS_HE.xlsx,Laterality,b15d8d066ddf1954741189547b2ad8967f1e55a3b503c26517fae46635e7a638,1,,
region_prefix_vs_stored_side,preserved_label_conflict_not_anatomical_verdict,2,"[{""SampleID"": 251637, ""NeuronID"": ""112.swc"", ""Soma_Region"": ""L-IDM"", ""Soma_Side"": ""R""}, {""SampleID"": 251637, ""NeuronID"": ""114.swc"", ""Soma_Region"": ""L-IDD5"", ""Soma_Side"": ""R""}]",neuron_tables_new/251637_INS_HE_inferred.xlsx,Summary,e230985cb218f78577d099a33801e4b68cf7d17f0eb3b055416788b11f7a6cc3,1,,
region_prefix_vs_stored_side,preserved_label_conflict_not_anatomical_verdict,2,"[{""NeuronID"": ""112.swc"", ""Soma_Region"": ""L-IDM"", ""Soma_Side"": ""R""}, {""NeuronID"": ""114.swc"", ""Soma_Region"": ""L-IDD5"", ""Soma_Side"": ""R""}]",neuron_tables_new/251637_INS_HE_inferred.xlsx,Laterality,e230985cb218f78577d099a33801e4b68cf7d17f0eb3b055416788b11f7a6cc3,1,,
region_prefix_vs_stored_side,preserved_label_conflict_not_anatomical_verdict,2,"[{""SampleID"": 251637, ""NeuronID"": ""112.swc"", ""Soma_Region"": ""L-IDM"", ""Soma_Side"": ""R""}, {""SampleID"": 251637, ""NeuronID"": ""114.swc"", ""Soma_Region"": ""L-IDD5"", ""Soma_Side"": ""R""}]",neuron_tables_new/251637_Unknown.xlsx,Summary,47fa87b1304063626b9677cd77e30532d8910fcea7b6afc14db10c0a66cb2fe9,1,,
region_prefix_vs_stored_side,preserved_label_conflict_not_anatomical_verdict,2,"[{""NeuronID"": ""112.swc"", ""Soma_Region"": ""L-IDM"", ""Soma_Side"": ""R""}, {""NeuronID"": ""114.swc"", ""Soma_Region"": ""L-IDD5"", ""Soma_Side"": ""R""}]",neuron_tables_new/251637_Unknown.xlsx,Laterality,47fa87b1304063626b9677cd77e30532d8910fcea7b6afc14db10c0a66cb2fe9,1,,
parse_failure,explicit_unassessed,,,R_analysis/tables/~$251637_results_clustered_k9_spearman_penalty.xlsx,,85cd5c5db6069d0adb391e96529ba2069aa65e6d4c28f7e6b4d31f778f800647,,,File is not a zip file
